lemma,enlemma,verbnoun,tier,freq_rank,raw,per_million,rank,pres6,past6,imperf6,fut_has_3s,fut_persons,n_eurfa_rows,passes_coverage
dod,come,dod,high,1,32755,3072.39,30,True,True,True,True,3s,80,True
gweld,see,gweld,high,2,26230,2460.35,42,True,True,True,True,3s,57,True
dweud,say,deud,high,3,24611,2308.49,46,True,True,True,True,3s,70,True
gallu,be_able,gallu,high,4,24167,2266.84,47,True,True,True,True,3s,60,True
rhoi,give,rhoi,high,5,20705,1942.11,53,True,True,True,True,3s,59,True
defnyddio,use,defnyddio,high,6,12890,1209.07,83,True,True,True,True,3s,51,True
meddwl,think,meddwl,high,7,12196,1143.97,90,True,True,True,True,3s,53,True
siarad,talk,siarad,high,8,9577,898.31,113,True,True,True,True,3s,63,True
edrych,look,edrych,high,9,9358,877.77,115,True,True,True,True,3s,54,True
gweithio,work,gweithio,high,10,8545,801.51,124,True,True,True,True,3s,51,True
codi,lift,codi,high,11,8286,777.22,128,True,True,True,True,3s,55,True
dysgu,teach,dysgu,high,12,8022,752.46,132,True,True,True,True,3s,56,True
gofyn,ask,gofyn,high,13,7429,696.83,145,True,True,True,True,3s,56,True
darllen,read,darllen,high,14,7344,688.86,149,True,True,True,True,3s,54,True
cofio,remember,cofio,high,15,7278,682.67,153,True,True,True,True,3s,52,True
dal,continue,dal,high,16,7215,676.76,157,True,True,True,True,3s,55,True
clywed,hear,clywed,high,17,6908,647.96,165,True,True,True,True,3s,56,True
cymryd,take,cymryd,high,18,6799,637.74,169,True,True,True,True,3s,55,True
digwydd,happen,digwydd,high,19,6753,633.43,171,True,True,True,True,3s,55,True
creu,create,creu,high,20,6718,630.14,174,True,True,True,True,3s,54,True
newid,change,newid,high,21,6632,622.08,181,True,True,True,True,3s,51,True
gadael,leave,gadael,high,22,6617,620.67,182,True,True,True,True,3s,54,True
cadw,keep,cadw,high,23,6162,577.99,192,True,True,True,True,3s,54,True
dangos,show,dangos,high,24,6089,571.14,194,True,True,True,True,3s,55,True
cynnal,support,cynnal,high,25,5824,546.29,206,True,True,True,True,3s,57,True
credu,believe,credu,high,26,5527,518.43,219,True,True,True,True,3s,56,True
dilyn,follow,dilyn,high,27,5489,514.86,222,True,True,True,True,3s,54,True
derbyn,receive,derbyn,high,28,5451,511.3,223,True,True,True,True,3s,54,True
teimlo,feel,teimlo,high,29,5347,501.54,229,True,True,True,True,3s,54,True
tynnu,draw,tynnu,high,30,5054,474.06,241,True,True,True,True,3s,57,True
troi,turn,troi,high,31,4945,463.84,242,True,True,True,True,3s,51,True
cyrraedd,arrive,cyrraedd,high,32,4916,461.12,243,True,True,True,True,3s,55,True
cyhoeddi,publish,cyhoeddi,high,33,4899,459.52,246,True,True,True,True,3s,54,True
ceisio,seek,ceisio,high,34,4890,458.68,247,True,True,True,True,3s,52,True
dechrau,begin,dechrau,high,35,4819,452.02,253,True,True,True,True,3s,54,True
chwilio,search,chwilio,high,36,4795,449.77,254,True,True,True,True,3s,51,True
cyflwyno,introduce,cyflwyno,high,37,4740,444.61,260,True,True,True,True,3s,54,True
cysylltu,link,cysylltu,high,38,4726,443.29,261,True,True,True,True,3s,54,True
helpu,help,helpu,high,39,4687,439.64,263,True,True,True,True,3s,54,True
sicrhau,ensure,sicrhau,high,40,4644,435.6,267,True,True,True,True,3s,50,True
symud,move,symud,high,41,4542,426.04,270,True,True,True,True,3s,55,True
meithrin,nurture,meithrin,high,42,4391,411.87,281,True,True,True,True,3s,54,True
hoffi,like,hoffi,high,43,4381,410.93,282,True,True,True,True,3s,54,True
datblygu,develop,datblygu,high,44,4332,406.34,285,True,True,True,True,3s,54,True
aros,wait,aros,high,45,4265,400.05,295,True,True,True,True,3s,52,True
deall,understand,dallt,high,46,4165,390.67,307,True,True,True,True,3s,57,True
peidio,stop,peidio,high,47,3976,372.95,316,True,True,True,True,3s,53,True
rhannu,share,rhannu,high,48,3946,370.13,319,True,True,True,True,3s,59,True
golygu,edit,golygu,high,49,3834,359.63,330,True,True,True,True,3s,54,True
cefnogi,support,cefnogi,high,50,3777,354.28,334,True,True,True,True,3s,54,True
colli,lose,colli,high,51,3754,352.12,337,True,True,True,True,3s,54,True
ystyried,consider,ystyried,high,52,3698,346.87,339,True,True,True,True,3s,51,True
ysgrifennu,write,ysgrifennu,high,53,3568,334.68,351,True,True,True,True,3s,54,True
mwynhau,enjoy,mwynhau,high,54,3516,329.8,355,True,True,True,True,3s,50,True
medru,be_able,medru,high,55,3506,328.86,356,True,True,True,True,3s,55,True
nodi,note,nodi,high,56,3453,323.89,359,True,True,True,True,3s,54,True
talu,pay,talu,high,57,3375,316.57,369,True,True,True,True,3s,56,True
parhau,continue,parhau,high,58,3350,314.23,372,True,True,True,True,3s,51,True
torri,break,torri,high,59,3333,312.63,375,True,True,True,True,3s,56,True
arwain,lead,arwain,high,60,3172,297.53,394,True,True,True,True,3s,52,True
cerdded,walk,cerdded,high,61,3167,297.06,395,True,True,True,True,3s,54,True
trefnu,arrange,trefnu,high,62,3133,293.87,400,True,True,True,True,3s,55,True
agor,open,agor,high,63,3109,291.62,406,True,True,True,True,3s,55,True
gobeithio,hope,gobeithio,high,64,3023,283.55,415,True,True,True,True,3s,51,True
prynu,buy,prynu,high,65,3023,283.55,416,True,True,True,True,3s,59,True
penderfynu,decide,penderfynu,high,66,3021,283.37,417,True,True,True,True,3s,54,True
ymuno,join,ymuno,high,67,2977,279.24,420,True,True,True,True,3s,54,True
sefydlu,establish,sefydlu,high,68,2967,278.3,422,True,True,True,True,3s,54,True
ymweld,visit,ymweld,high,69,2862,268.45,432,True,True,True,True,3s,51,True
gosod,place,gosod,high,70,2799,262.54,440,True,True,True,True,3s,54,True
galw,call,galw,high,71,2781,260.86,445,True,True,True,True,3s,52,True
cynhyrchu,produce,cynhyrchu,high,72,2766,259.45,448,True,True,True,True,3s,51,True
dathlu,celebrate,dathlu,high,73,2717,254.85,461,True,True,True,True,3s,58,True
cytuno,agree,cytuno,high,74,2716,254.76,463,True,True,True,True,3s,54,True
cyfieithu,translate,cyfieithu,high,75,2705,253.73,466,True,True,True,True,3s,54,True
anfon,send,anfon,high,76,2676,251.01,469,True,True,True,True,3s,55,True
ymddangos,appear,ymddangos,high,77,2570,241.06,489,True,True,True,True,3s,54,True
bwyta,eat,bwyta,high,78,2553,239.47,493,True,True,True,True,3s,52,True
gwrando,listen,gwrando,high,79,2545,238.72,494,True,True,True,True,3s,55,True
rhedeg,run,rhedeg,high,80,2481,232.72,508,True,True,True,True,3s,56,True
darparu,provide,darparu,high,81,2474,232.06,510,True,True,True,True,3s,59,True
cau,close,cau,high,82,2462,230.93,514,True,True,True,True,3s,51,True
rheoli,manage,rheoli,high,83,2453,230.09,515,True,True,True,True,3s,54,True
gweithredu,operate,gweithredu,high,84,2448,229.62,516,True,True,True,True,3s,56,True
casglu,collect,casglu,high,85,2430,227.93,519,True,True,True,True,3s,55,True
sefyll,stand,sefyll,high,86,2415,226.52,522,True,True,True,True,3s,58,True
methu,fail,methu,high,87,2392,224.37,526,True,True,True,True,3s,54,True
adeiladu,build,adeiladu,high,88,2385,223.71,528,True,True,True,True,3s,54,True
llwyddo,succeed,llwyddo,high,89,2367,222.02,532,True,True,True,True,3s,54,True
gwylio,watch,gwylio,high,90,2351,220.52,536,True,True,True,True,3s,51,True
teithio,travel,teithio,high,91,2340,219.49,540,True,True,True,True,3s,51,True
tyfu,grow,tyfu,high,92,2303,216.02,550,True,True,True,True,3s,55,True
paratoi,prepare,paratoi,high,93,2296,215.36,555,True,True,True,True,3s,51,True
ychwanegu,add,ychwanegu,high,94,2271,213.02,560,True,True,True,True,3s,54,True
eistedd,sit,eistedd,high,95,2206,206.92,570,True,True,True,True,3s,54,True
rhoddi,give,rhoddi,high,96,2132,199.98,583,True,True,True,True,3s,53,True
cyfrannu,contribute,cyfrannu,high,97,2131,199.89,584,True,True,True,True,3s,55,True
cyfeirio,direct,cyfeirio,high,98,2036,190.98,597,True,True,True,True,3s,51,True
gwella,improve,gwella,high,99,2016,189.1,601,True,True,True,True,3s,54,True
awgrymu,suggest,awgrymu,high,100,2013,188.82,603,True,True,True,True,3s,54,True
sôn,mention,sôn,high,101,1997,187.32,608,True,True,True,True,3s,51,True
chwerthin,laugh,chwerthin,high,102,1958,183.66,622,True,True,True,True,3s,55,True
gwerthu,sell,gwerthu,high,103,1957,183.56,623,True,True,True,True,3s,54,True
lladd,kill,lladd,high,104,1953,183.19,625,True,True,True,True,3s,58,True
sgwennu,write,sgwennu,high,105,1950,182.91,626,True,True,True,True,3s,54,True
cofnodi,record,cofnodi,high,106,1823,171.0,660,True,True,True,True,3s,54,True
cynllunio,plan,cynllunio,high,107,1769,165.93,676,True,True,True,True,3s,51,True
gyrru,drive,gyrru,high,108,1747,163.87,684,True,True,True,True,3s,51,True
wynebu,face,wynebu,high,109,1732,162.46,692,True,True,True,True,3s,54,True
tewi,keep_silent,tewi,high,110,1703,159.74,703,True,True,True,True,3s,54,True
diogelu,protect,diogelu,high,111,1671,156.74,713,True,True,True,True,3s,54,True
hyrwyddo,facilitate,hyrwyddo,high,112,1665,156.18,715,True,True,True,True,3s,54,True
profi,examine,profi,high,113,1652,154.96,725,True,True,True,True,3s,111,True
licio,like,licio,high,114,1651,154.86,726,True,True,True,True,3s,51,True
dewis,choose,dewis,high,115,1649,154.67,728,True,True,True,True,3s,57,True
coginio,cook,coginio,high,116,1646,154.39,730,True,True,True,True,3s,51,True
mynnu,insist,mynnu,high,117,1627,152.61,735,True,True,True,True,3s,56,True
cyflawni,accomplish,cyflawni,high,118,1608,150.83,747,True,True,True,True,3s,54,True
sylweddoli,realise,sylweddoli,high,119,1607,150.74,748,True,True,True,True,3s,54,True
treulio,digest,treulio,high,120,1587,148.86,761,True,True,True,True,3s,102,True
disgrifio,describe,disgrifio,high,121,1586,148.77,763,True,True,True,True,3s,51,True
gwisgo,dress,gwisgo,high,122,1569,147.17,773,True,True,True,True,3s,54,True
disgwyl,expect,disgwyl,high,123,1557,146.05,776,True,True,True,True,3s,53,True
caniatáu,allow,caniatáu,high,124,1554,145.76,777,True,True,True,True,3s,51,True
dychwelyd,return,dychwelyd,high,125,1542,144.64,783,True,True,True,True,3s,55,True
astudio,study,astudio,high,126,1530,143.51,788,True,True,True,True,3s,51,True
gorffen,complete,gorffen,high,127,1526,143.14,792,True,True,True,True,3s,56,True
poeni,worry,poeni,high,128,1505,141.17,797,True,True,True,True,3s,54,True
hybu,promote,hybu,high,129,1483,139.1,805,True,True,True,True,3s,54,True
holi,ask,holi,high,130,1481,138.92,806,True,True,True,True,3s,54,True
adrodd,recite,adrodd,high,131,1472,138.07,809,True,True,True,True,3s,55,True
esbonio,explain,esbonio,high,132,1465,137.42,813,True,True,True,True,3s,51,True
cymharu,compare,cymharu,high,133,1463,137.23,814,True,True,True,True,3s,55,True
trin,treat,trin,high,134,1461,137.04,816,True,True,True,True,3s,51,True
cofrestru,register,cofrestru,high,135,1460,136.95,817,True,True,True,True,3s,54,True
cynnwys,contain,cynnwys,high,136,1437,134.79,828,True,True,True,True,3s,51,True
ffonio,phone,ffonio,high,137,1414,132.63,840,True,True,True,True,3s,52,True
cynyddu,increase,cynyddu,high,138,1386,130.01,852,True,True,True,True,3s,54,True
anghofio,forget,anghofio,high,139,1361,127.66,861,True,True,True,True,3s,51,True
llenwi,fill,llenwi,high,140,1357,127.29,862,True,True,True,True,3s,56,True
cynnig,offer,cynnig,high,141,1353,126.91,864,True,True,True,True,3s,51,True
caru,love,caru,high,142,1352,126.82,865,True,True,True,True,3s,55,True
canolbwyntio,concentrate,canolbwyntio,high,143,1339,125.6,873,True,True,True,True,3s,51,True
llunio,form,llunio,high,144,1323,124.1,880,True,True,True,True,3s,53,True
bathu,coin,bathu,high,145,1303,122.22,889,True,True,True,True,3s,54,True
trafod,discuss,trafod,high,146,1297,121.66,891,True,True,True,True,3s,54,True
gwasanaethu,serve,gwasanaethu,high,147,1291,121.09,896,True,True,True,True,3s,54,True
clicio,click,clicio,high,148,1286,120.63,898,True,True,True,True,3s,51,True
canu,sing,canu,high,149,1260,118.19,914,True,True,True,True,3s,60,True
chwarae,play,chwarae,high,150,1246,116.87,919,True,True,True,True,3s,56,True
rhyddhau,release,rhyddhau,high,151,1228,115.19,926,True,True,True,True,3s,50,True
cysgu,sleep,cysgu,high,152,1225,114.9,927,True,True,True,True,3s,54,True
darlledu,broadcast,darlledu,high,153,1225,114.9,928,True,True,True,True,3s,54,True
croesawu,welcome,croesawu,high,154,1223,114.72,930,True,True,True,True,3s,59,True
perfformio,perform,perfformio,high,155,1216,114.06,933,True,True,True,True,3s,51,True
cychwyn,start,cychwyn,high,156,1196,112.18,944,True,True,True,True,3s,56,True
cario,carry,cario,high,157,1191,111.71,947,True,True,True,True,3s,51,True
magu,rear,magu,high,158,1178,110.5,953,True,True,True,True,3s,60,True
achub,save,achub,high,159,1172,109.93,959,True,True,True,True,3s,55,True
bodoli,exist,bodoli,high,160,1168,109.56,962,True,True,True,True,3s,54,True
ennill,win,ennill,high,161,1162,108.99,967,True,True,True,True,3s,54,True
amddiffyn,defend,amddiffyn,high,162,1158,108.62,968,True,True,True,True,3s,55,True
arfer,use,arfer,high,163,1138,106.74,990,True,True,True,True,3s,54,True
gorfodi,compel,gorfodi,high,164,1120,105.06,1002,True,True,True,True,3s,55,True
dibynnu,depend,dibynnu,high,165,1119,104.96,1003,True,True,True,True,3s,54,True
ateb,answer,ateb,high,166,1112,104.3,1008,True,True,True,True,3s,56,True
pleidleisio,vote,pleidleisio,high,167,1107,103.84,1009,True,True,True,True,3s,51,True
trosglwyddo,transfer,trosglwyddo,high,168,1104,103.55,1011,True,True,True,True,3s,54,True
cyfrif,count,cyfrif,high,169,1096,102.8,1018,True,True,True,True,3s,55,True
neidio,jump,neidio,high,170,1095,102.71,1020,True,True,True,True,3s,53,True
effeithio,effect,effeithio,high,171,1093,102.52,1021,True,True,True,True,3s,51,True
sgwrsio,chat,sgwrsio,high,172,1089,102.15,1024,True,True,True,True,3s,51,True
bwrw,strike,bwrw,high,173,1074,100.74,1039,True,True,True,True,3s,54,True
osgoi,avoid,osgoi,high,174,1074,100.74,1037,True,True,True,True,3s,51,True
ffeindio,find,ffeindio,high,175,1069,100.27,1044,True,True,True,True,3s,51,True
archwilio,inspect,archwilio,high,176,1068,100.18,1046,True,True,True,True,3s,52,True
cynrychioli,represent,cynrychioli,high,177,1068,100.18,1047,True,True,True,True,3s,54,True
dwyn,take,dwyn,high,178,1037,97.27,1063,True,True,True,True,3s,54,True
denu,attract,denu,high,179,1032,96.8,1066,True,True,True,True,3s,54,True
ffurfio,form,ffurfio,high,180,1019,95.58,1076,True,True,True,True,3s,51,True
recordio,record,recordio,high,181,1015,95.21,1079,True,True,True,True,3s,51,True
hacio,hack,hacio,high,182,1011,94.83,1082,True,True,True,True,3s,51,True
diddymu,abolish,diddymu,high,183,1003,94.08,1091,True,True,True,True,3s,55,True
diflannu,disappear,diflannu,high,184,1003,94.08,1090,True,True,True,True,3s,54,True
dymuno,wish_to,dymuno,high,185,988,92.67,1105,True,True,True,True,3s,54,True
mynychu,frequent,mynychu,high,186,972,91.17,1121,True,True,True,True,3s,55,True
cydymffurfio,conform,cydymffurfio,high,187,971,91.08,1122,True,True,True,True,3s,52,True
addysgu,educate,addysgu,high,188,970,90.99,1125,True,True,True,True,3s,54,True
llyfu,lick,llyfu,high,189,961,90.14,1134,True,True,True,True,3s,56,True
atal,prevent,atal,high,190,951,89.2,1138,True,True,True,True,3s,56,True
stopio,stop,stopio,high,191,948,88.92,1142,True,True,True,True,3s,51,True
siopa,shop,siopa,high,192,943,88.45,1148,True,True,True,True,3s,54,True
taflu,throw,taflu,high,193,939,88.08,1155,True,True,True,True,3s,56,True
archebu,order,archebu,high,194,937,87.89,1159,True,True,True,True,3s,54,True
gwenu,smile,gwenu,high,195,934,87.61,1162,True,True,True,True,3s,54,True
cwblhau,complete,cwblhau,high,196,930,87.23,1168,True,True,True,True,3s,50,True
lansio,launch,lansio,high,197,929,87.14,1170,True,True,True,True,3s,51,True
achosi,cause,achosi,high,198,925,86.76,1172,True,True,True,True,3s,54,True
hyfforddi,train,hyfforddi,high,199,914,85.73,1180,True,True,True,True,3s,54,True
galluogi,enable,galluogi,high,200,896,84.04,1192,True,True,True,True,3s,54,True
cyfleu,imply,cyfleu,high,201,894,83.86,1196,True,True,True,True,3s,52,True
bwriadu,intend,bwriadu,high,202,884,82.92,1207,True,True,True,True,3s,58,True
cyfathrebu,communicate,cyfathrebu,high,203,881,82.64,1210,True,True,True,True,3s,54,True
gwarchod,protect,gwarchod,high,204,859,80.57,1233,True,True,True,True,3s,56,True
pasio,pass,pasio,high,205,856,80.29,1237,True,True,True,True,3s,52,True
cynghori,advise,cynghori,high,206,855,80.2,1238,True,True,True,True,3s,51,True
pwyso,weigh,pwyso,high,207,855,80.2,1241,True,True,True,True,3s,54,True
delio,deal,delio,high,208,850,79.73,1245,True,True,True,True,3s,51,True
croesi,cross,croesi,high,209,841,78.89,1252,True,True,True,True,3s,54,True
dawnsio,dance,dawnsio,high,210,841,78.89,1253,True,True,True,True,3s,51,True
gwario,spend,gwario,high,211,841,78.89,1254,True,True,True,True,3s,51,True
dychmygu,imagine,dychmygu,high,212,839,78.7,1259,True,True,True,True,3s,55,True
egluro,explain,egluro,high,213,838,78.6,1261,True,True,True,True,3s,54,True
dileu,delete,dileu,high,214,835,78.32,1268,True,True,True,True,3s,54,True
addasu,adapt,addasu,high,215,829,77.76,1273,True,True,True,True,3s,52,True
cuddio,hide,cuddio,high,216,829,77.76,1274,True,True,True,True,3s,51,True
adlewyrchu,reflect,adlewyrchu,high,217,827,77.57,1275,True,True,True,True,3s,54,True
priodi,marry,priodi,high,218,823,77.2,1278,True,True,True,True,3s,54,True
cadarnhau,confirm,cadarnhau,high,219,821,77.01,1284,True,True,True,True,3s,50,True
cyflogi,employ,cyflogi,high,220,812,76.16,1297,True,True,True,True,3s,54,True
dadansoddi,analyse,dadansoddi,high,221,812,76.16,1298,True,True,True,True,3s,54,True
elwa,profit,elwa,high,222,812,76.16,1296,True,True,True,True,3s,54,True
adolygu,review,adolygu,high,223,811,76.07,1300,True,True,True,True,3s,54,True
lleihau,diminish,lleihau,high,224,805,75.51,1304,True,True,True,True,3s,53,True
gofalu,take_care,gofalu,high,225,802,75.23,1307,True,True,True,True,3s,58,True
gweiddi,shout,gweiddi,high,226,801,75.13,1308,True,True,True,True,3s,52,True
yfed,drink,yfed,high,227,796,74.66,1317,True,True,True,True,3s,54,True
hysbysebu,advertise,hysbysebu,high,228,794,74.48,1318,True,True,True,True,3s,54,True
mentro,venture,mentro,high,229,794,74.48,1319,True,True,True,True,3s,54,True
datgelu,reveal,datgelu,high,230,793,74.38,1321,True,True,True,True,3s,54,True
sïo,buzz,sïo,high,231,793,74.38,1322,True,True,True,True,3s,51,True
mynegi,express,mynegi,high,232,791,74.2,1327,True,True,True,True,3s,54,True
ymestyn,extend,ymestyn,high,233,779,73.07,1340,True,True,True,True,3s,55,True
cwyno,complain,cwyno,high,234,777,72.88,1345,True,True,True,True,3s,54,True
pori,graze,pori,high,235,777,72.88,1342,True,True,True,True,3s,55,True
dringo,climb,dringo,high,236,769,72.13,1354,True,True,True,True,3s,54,True
cydweithio,work_together,cydweithio,high,237,758,71.1,1366,True,True,True,True,3s,51,True
datganoli,decentralise,datganoli,high,238,755,70.82,1372,True,True,True,True,3s,54,True
gwthio,shove,gwthio,high,239,752,70.54,1375,True,True,True,True,3s,51,True
camu,step,camu,high,240,737,69.13,1392,True,True,True,True,3s,60,True
golchi,wash,golchi,high,241,732,68.66,1398,True,True,True,True,3s,55,True
swnio,sound,swnio,high,242,724,67.91,1405,True,True,True,True,3s,51,True
glynu,adhere,glynu,high,243,711,66.69,1414,True,True,True,True,3s,56,True
herio,challenge,herio,high,244,709,66.5,1420,True,True,True,True,3s,51,True
ymchwilio,investigate,ymchwilio,high,245,707,66.32,1423,True,True,True,True,3s,51,True
prosesu,process,prosesu,high,246,700,65.66,1437,True,True,True,True,3s,54,True
llifo,flow,llifo,high,247,699,65.57,1438,True,True,True,True,3s,108,True
llwytho,load,llwytho,high,248,695,65.19,1441,True,True,True,True,3s,54,True
crwydro,wander,crwydro,high,249,694,65.1,1443,True,True,True,True,3s,54,True
hedfan,fly,hedfan,high,250,691,64.82,1450,True,True,True,True,3s,54,True
disgyn,descend,disgyn,high,251,686,64.35,1458,True,True,True,True,3s,53,True
pwysleisio,emphasise,pwysleisio,high,252,679,63.69,1467,True,True,True,True,3s,54,True
para,last,para,high,253,677,63.5,1471,True,True,True,True,3s,53,True
arddangos,display,arddangos,high,254,676,63.41,1475,True,True,True,True,3s,56,True
tasu,stack,tasu,high,255,662,62.1,1493,True,True,True,True,3s,54,True
dioddef,suffer,dioddef,high,256,656,61.53,1501,True,True,True,True,3s,54,True
pesychu,cough,pesychu,high,257,652,61.16,1506,True,True,True,True,3s,54,True
honni,claim,honni,high,258,649,60.88,1507,True,True,True,True,3s,51,True
anwybyddu,ignore,anwybyddu,high,259,642,60.22,1516,True,True,True,True,3s,54,True
teledu,televise,teledu,high,260,641,60.13,1517,True,True,True,True,3s,54,True
cloi,lock,cloi,high,261,640,60.03,1519,True,True,True,True,3s,52,True
bario,bar,bario,high,262,639,59.94,1522,True,True,True,True,3s,51,True
lleoli,locate,lleoli,high,263,639,59.94,1521,True,True,True,True,3s,54,True
parcio,park,parcio,high,264,638,59.84,1525,True,True,True,True,3s,51,True
datgan,declare,datgan,high,265,630,59.09,1540,True,True,True,True,3s,58,True
malu,grind,malu,high,266,625,58.62,1546,True,True,True,True,3s,60,True
diweddaru,update,diweddaru,high,267,623,58.44,1548,True,True,True,True,3s,58,True
enwi,name,enwi,high,268,619,58.06,1556,True,True,True,True,3s,54,True
nofio,swim,nofio,high,269,619,58.06,1557,True,True,True,True,3s,52,True
buddsoddi,invest,buddsoddi,high,270,617,57.87,1558,True,True,True,True,3s,54,True
brwydro,fight,brwydro,high,271,616,57.78,1560,True,True,True,True,3s,54,True
cymysgu,mix,cymysgu,high,272,615,57.69,1561,True,True,True,True,3s,54,True
cwympo,fall,cwympo,high,273,613,57.5,1564,True,True,True,True,3s,54,True
beirniadu,criticise,beirniadu,high,274,610,57.22,1568,True,True,True,True,3s,56,True
dosbarthu,distribute,dosbarthu,high,275,609,57.12,1569,True,True,True,True,3s,58,True
gwerthfawrogi,appreciate,gwerthfawrogi,high,276,604,56.65,1580,True,True,True,True,3s,54,True
curo,beat,curo,high,277,603,56.56,1583,True,True,True,True,3s,54,True
tueddu,tend_to,tueddu,high,278,603,56.56,1585,True,True,True,True,3s,54,True
diffinio,define,diffinio,high,279,602,56.47,1590,True,True,True,True,3s,51,True
claddu,bury,claddu,high,280,590,55.34,1608,True,True,True,True,3s,55,True
ysbrydoli,inspire,ysbrydoli,high,281,590,55.34,1607,True,True,True,True,3s,54,True
llechu,hide,llechu,high,282,589,55.25,1610,True,True,True,True,3s,54,True
ffermio,farm,ffermio,high,283,588,55.15,1615,True,True,True,True,3s,51,True
ariannu,finance,ariannu,high,284,587,55.06,1616,True,True,True,True,3s,59,True
clirio,clear,clirio,high,285,585,54.87,1618,True,True,True,True,3s,51,True
dianc,escape,dianc,high,286,584,54.78,1622,True,True,True,True,3s,58,True
anelu,aim,anelu,high,287,582,54.59,1624,True,True,True,True,3s,54,True
dotio,dote,dotio,high,288,569,53.37,1645,True,True,True,True,3s,51,True
gwasgu,squeeze,gwasgu,high,289,568,53.28,1647,True,True,True,True,3s,58,True
cymdeithasu,associate,cymdeithasu,high,290,556,52.15,1660,True,True,True,True,3s,54,True
dylanwadu,influence,dylanwadu,high,291,556,52.15,1662,True,True,True,True,3s,54,True
annog,urge,annog,high,292,553,51.87,1665,True,True,True,True,3s,54,True
ymddeol,retire,ymddeol,high,293,543,50.93,1680,True,True,True,True,3s,54,True
noddi,patronise,noddi,high,294,540,50.65,1686,True,True,True,True,3s,55,True
penodi,appoint,penodi,high,295,540,50.65,1687,True,True,True,True,3s,55,True
mabwysiadu,adopt,mabwysiadu,high,296,536,50.28,1695,True,True,True,True,3s,58,True
manteisio,benefit,manteisio,high,297,535,50.18,1698,True,True,True,True,3s,51,True
chwalu,scatter,chwalu,high,298,532,49.9,1711,True,True,True,True,3s,63,True
oedi,pause,oedi,high,299,530,49.71,1717,True,True,True,True,3s,54,True
cynorthwyo,support,cynorthwyo,high,300,522,48.96,1727,True,True,True,True,3s,54,True
meddiannu,possess,meddiannu,high,301,515,48.31,1739,True,True,True,True,3s,58,True
dehongli,interpret,dehongli,high,302,514,48.21,1741,True,True,True,True,3s,54,True
synnu,astonish,synnu,high,303,511,47.93,1749,True,True,True,True,3s,51,True
haeddu,deserve,haeddu,high,304,510,47.84,1752,True,True,True,True,3s,54,True
llosgi,burn,llosgi,high,305,510,47.84,1755,True,True,True,True,3s,55,True
postio,post,postio,high,306,510,47.84,1751,True,True,True,True,3s,51,True
uno,unite,uno,high,307,509,47.74,1759,True,True,True,True,3s,54,True
allforio,export,allforio,high,308,506,47.46,1764,True,True,True,True,3s,51,True
syllu,stare,syllu,high,309,504,47.27,1771,True,True,True,True,3s,54,True
syrthio,fall,syrthio,high,310,504,47.27,1767,True,True,True,True,3s,51,True
gorwedd,lie_down,gorwedd,high,311,501,46.99,1777,True,True,True,True,3s,56,True
blasu,taste,blasu,high,312,500,46.9,1780,True,True,True,True,3s,54,True
peri,cause,peri,high,313,498,46.71,1783,True,True,True,True,3s,51,True
apelio,appeal,apelio,high,314,497,46.62,1788,True,True,True,True,3s,51,True
ymlacio,relax,ymlacio,high,315,497,46.62,1786,True,True,True,True,3s,51,True
ehangu,expand,ehangu,high,316,496,46.52,1790,True,True,True,True,3s,56,True
asesu,assess,asesu,high,317,495,46.43,1791,True,True,True,True,3s,54,True
sonio,mention,sonio,high,318,495,46.43,1793,True,True,True,True,3s,51,True
rhegi,swear,rhegi,high,319,494,46.34,1796,True,True,True,True,3s,54,True
gwahanu,separate,gwahanu,high,320,490,45.96,1803,True,True,True,True,3s,58,True
rhwystro,hinder,rhwystro,high,321,488,45.77,1809,True,True,True,True,3s,54,True
gwrthod,refuse,gwrthod,high,322,487,45.68,1812,True,True,True,True,3s,56,True
cyrchu,approach,cyrchu,high,323,486,45.59,1815,True,True,True,True,3s,56,True
eithrio,except,eithrio,high,324,482,45.21,1822,True,True,True,True,3s,51,True
deillio,derive_from,deillio,high,325,481,45.12,1825,True,True,True,True,3s,51,True
pallu,refuse,pallu,high,326,474,44.46,1843,True,True,True,True,3s,54,True
rhestru,list,rhestru,high,327,473,44.37,1844,True,True,True,True,3s,54,True
pregethu,preach,pregethu,high,328,471,44.18,1847,True,True,True,True,3s,54,True
amlygu,reveal,amlygu,high,329,468,43.9,1851,True,True,True,True,3s,55,True
sgorio,score,sgorio,high,330,467,43.8,1855,True,True,True,True,3s,51,True
boddi,drown,boddi,high,331,466,43.71,1859,True,True,True,True,3s,55,True
cipio,snatch,cipio,high,332,466,43.71,1858,True,True,True,True,3s,51,True
addurno,decorate,addurno,high,333,463,43.43,1866,True,True,True,True,3s,54,True
cymeradwyo,approve,cymeradwyo,high,334,463,43.43,1865,True,True,True,True,3s,54,True
seilio,base,seilio,high,335,457,42.87,1886,True,True,True,True,3s,51,True
maddau,forgive,maddau,high,336,456,42.77,1888,True,True,True,True,3s,54,True
ymosod,attack,ymosod,high,337,456,42.77,1889,True,True,True,True,3s,55,True
amrywio,vary,amrywio,high,338,455,42.68,1891,True,True,True,True,3s,51,True
comisiynu,commission,comisiynu,high,339,454,42.58,1896,True,True,True,True,3s,54,True
bwydo,feed,bwydo,high,340,452,42.4,1897,True,True,True,True,3s,54,True
danfon,dispatch,danfon,high,341,449,42.12,1904,True,True,True,True,3s,55,True
hawlio,claim,hawlio,high,342,449,42.12,1903,True,True,True,True,3s,51,True
addo,promise,addo,high,343,448,42.02,1913,True,True,True,True,3s,52,True
saethu,shoot,saethu,high,344,448,42.02,1911,True,True,True,True,3s,54,True
pigo,pick,pigo,high,345,440,41.27,1941,True,True,True,True,3s,54,True
goroesi,survive,goroesi,high,346,439,41.18,1944,True,True,True,True,3s,54,True
ymgyrchu,attack,ymgyrchu,high,347,439,41.18,1946,True,True,True,True,3s,54,True
diolch,thank,diolch,high,348,438,41.08,1948,True,True,True,True,3s,54,True
hunanasesu,self-assess,hunanasesu,high,349,437,40.99,1952,True,True,True,True,3s,54,True
sbio,look,sbio,high,350,436,40.9,1956,True,True,True,True,3s,52,True
tanio,fire,tanio,high,351,436,40.9,1955,True,True,True,True,3s,51,True
dyfynnu,quote,dyfynnu,high,352,435,40.8,1959,True,True,True,True,3s,54,True
atgoffa,remind,atgoffa,high,353,433,40.62,1963,True,True,True,True,3s,54,True
rhybuddio,warn,rhybuddio,high,354,433,40.62,1967,True,True,True,True,3s,51,True
ymdopi,cope_with,ymdopi,high,355,432,40.52,1969,True,True,True,True,3s,54,True
dylunio,delineate,dylunio,high,356,431,40.43,1971,True,True,True,True,3s,52,True
glanhau,clean,glanhau,high,357,427,40.05,1980,True,True,True,True,3s,51,True
beicio,cycle,beicio,high,358,425,39.86,1990,True,True,True,True,3s,51,True
cyffwrdd,touch,cyffwrdd,high,359,425,39.86,1985,True,True,True,True,3s,54,True
gwrthwynebu,oppose,gwrthwynebu,high,360,425,39.86,1986,True,True,True,True,3s,54,True
ymrwymo,commit oneself_,ymrwymo,high,361,425,39.86,1987,True,True,True,True,3s,55,True
deffro,waken,deffro,high,362,421,39.49,1998,True,True,True,True,3s,51,True
crio,cry,crio,high,363,420,39.4,2003,True,True,True,True,3s,54,True
cyfansoddi,compose,cyfansoddi,high,364,420,39.4,2002,True,True,True,True,3s,54,True
amlinellu,outline,amlinellu,high,365,419,39.3,2010,True,True,True,True,3s,54,True
cennu,grow_scaly,cennu,high,366,419,39.3,2008,True,True,True,True,3s,54,True
cryfhau,strengthen,cryfhau,high,367,416,39.02,2015,True,True,True,True,3s,50,True
olrhain,track,olrhain,high,368,416,39.02,2014,True,True,True,True,3s,51,True
cludo,carry,cludo,high,369,413,38.74,2022,True,True,True,True,3s,54,True
blino,tire,blino,high,370,412,38.65,2025,True,True,True,True,3s,54,True
dadlau,argue,dadlau,high,371,412,38.65,2028,True,True,True,True,3s,54,True
gwirio,check,gwirio,high,372,412,38.65,2024,True,True,True,True,3s,51,True
argymell,recommend,argymell,high,373,411,38.55,2030,True,True,True,True,3s,52,True
ffilmio,film,ffilmio,high,374,410,38.46,2036,True,True,True,True,3s,51,True
gwireddu,verify,gwireddu,high,375,410,38.46,2035,True,True,True,True,3s,54,True
hwylio,sail,hwylio,high,376,408,38.27,2042,True,True,True,True,3s,51,True
cwrdd,meet,cwrdd,high,377,402,37.71,2059,True,True,True,True,3s,54,True
sychu,dry,sychu,high,378,400,37.52,2062,True,True,True,True,3s,55,True
glanio,land,glanio,high,379,399,37.43,2068,True,True,True,True,3s,55,True
menu,disturb,menu,high,380,396,37.14,2078,True,True,True,True,3s,54,True
betio,bet,betio,high,381,395,37.05,2081,True,True,True,True,3s,51,True
cyfuno,combine,cyfuno,high,382,395,37.05,2082,True,True,True,True,3s,55,True
taro,strike,taro,high,383,394,36.96,2088,True,True,True,True,3s,56,True
garddio,garden,garddio,high,384,390,36.58,2096,True,True,True,True,3s,55,True
arwyddo,sign,arwyddo,high,385,388,36.39,2102,True,True,True,True,3s,54,True
ofni,fear,ofni,high,386,388,36.39,2104,True,True,True,True,3s,54,True
sgrifennu,write,sgrifennu,high,387,388,36.39,2101,True,True,True,True,3s,54,True
cyfaddef,admit,cyfaddef,high,388,383,35.93,2122,True,True,True,True,3s,54,True
perthyn,belong,perthyn,high,389,382,35.83,2126,True,True,True,True,3s,54,True
anghytuno,disagree,anghytuno,high,390,380,35.64,2140,True,True,True,True,3s,54,True
bodloni,satisfy,bodloni,high,391,380,35.64,2136,True,True,True,True,3s,54,True
canslo,cancel,canslo,high,392,380,35.64,2139,True,True,True,True,3s,54,True
dyddio,date,dyddio,high,393,379,35.55,2141,True,True,True,True,3s,51,True
ethol,elect,ethol,high,394,377,35.36,2147,True,True,True,True,3s,54,True
cyfyngu,limit,cyfyngu,high,395,376,35.27,2150,True,True,True,True,3s,54,True
argraffu,print,argraffu,high,396,375,35.17,2155,True,True,True,True,3s,58,True
costio,cost,costio,high,397,375,35.17,2154,True,True,True,True,3s,51,True
gwirfoddoli,volunteer,gwirfoddoli,high,398,375,35.17,2152,True,True,True,True,3s,54,True
trochi,dirty,trochi,high,399,375,35.17,2157,True,True,True,True,3s,108,True
plesio,please,plesio,high,400,374,35.08,2158,True,True,True,True,3s,51,True
arbed,save,arbed,high,401,373,34.99,2164,True,True,True,True,3s,54,True
pobi,bake,pobi,high,402,372,34.89,2168,True,True,True,True,3s,54,True
udo,wail,udo,high,403,371,34.8,2174,True,True,True,True,3s,54,True
actio,act,actio,high,404,370,34.71,2189,True,True,True,True,3s,51,True
cyflenwi,supply,cyflenwi,high,405,369,34.61,2193,True,True,True,True,3s,52,True
cywiro,correct,cywiro,high,406,369,34.61,2195,True,True,True,True,3s,54,True
cydio,grip,cydio,high,407,363,34.05,2213,True,True,True,True,3s,51,True
pedoli,shoe,pedoli,high,408,363,34.05,2214,True,True,True,True,3s,54,True
plannu,plant,plannu,high,409,360,33.77,2225,True,True,True,True,3s,57,True
plygu,fold,plygu,high,410,355,33.3,2243,True,True,True,True,3s,55,True
toi,roof,toi,high,411,354,33.2,2249,True,True,True,True,3s,51,True
barnu,judge,barnu,high,412,349,32.74,2265,True,True,True,True,3s,57,True
ysgwyd,shake,ysgwyd,high,413,347,32.55,2269,True,True,True,True,3s,54,True
meddu,own,meddu,high,414,345,32.36,2275,True,True,True,True,3s,54,True
dethol,select,dethol,high,415,341,31.99,2292,True,True,True,True,3s,54,True
gwahaniaethu,differentiate,gwahaniaethu,high,416,341,31.99,2295,True,True,True,True,3s,54,True
perswadio,persuade,perswadio,high,417,339,31.8,2301,True,True,True,True,3s,51,True
addoli,worship,addoli,high,418,338,31.7,2306,True,True,True,True,3s,54,True
bachu,hook,bachu,high,419,338,31.7,2309,True,True,True,True,3s,54,True
gostwng,lower,gostwng,high,420,337,31.61,2311,True,True,True,True,3s,55,True
parchu,respect,parchu,high,421,337,31.61,2312,True,True,True,True,3s,58,True
dyfalu,conjecture,dyfalu,high,422,332,31.14,2323,True,True,True,True,3s,54,True
graddio,graduate,graddio,high,423,331,31.05,2327,True,True,True,True,3s,52,True
hwyluso,facilitate,hwyluso,high,424,329,30.86,2332,True,True,True,True,3s,55,True
teipio,type,teipio,high,425,328,30.77,2334,True,True,True,True,3s,51,True
ymateb,respond,ymateb,high,426,328,30.77,2333,True,True,True,True,3s,54,True
brifo,hurt,brifo,high,427,325,30.48,2347,True,True,True,True,3s,54,True
crynhoi,summarise,crynhoi,high,428,322,30.2,2359,True,True,True,True,3s,51,True
cyfnewid,exchange,cyfnewid,high,429,321,30.11,2363,True,True,True,True,3s,51,True
gwahodd,invite,gwahodd,high,430,321,30.11,2362,True,True,True,True,3s,54,True
anadlu,breathe,anadlu,high,431,320,30.02,2366,True,True,True,True,3s,60,True
llefaru,utter,llefaru,high,432,320,30.02,2370,True,True,True,True,3s,56,True
chwythu,blow,chwythu,high,433,319,29.92,2373,True,True,True,True,3s,54,True
tybio,suppose,tybio,high,434,318,29.83,2374,True,True,True,True,3s,52,True
dynodi,denote,dynodi,high,435,317,29.73,2384,True,True,True,True,3s,54,True
cigyddio,butcher,cigyddio,high,436,315,29.55,2392,True,True,True,True,3s,51,True
llywio,steer,llywio,high,437,315,29.55,2390,True,True,True,True,3s,51,True
cwestiynu,question,cwestiynu,high,438,314,29.45,2394,True,True,True,True,3s,54,True
cyfiawnhau,justify,cyfiawnhau,high,439,314,29.45,2397,True,True,True,True,3s,50,True
crafu,scratch,crafu,high,440,313,29.36,2404,True,True,True,True,3s,54,True
dinistrio,destroy,dinistrio,high,441,311,29.17,2415,True,True,True,True,3s,51,True
llusgo,drag,llusgo,high,442,310,29.08,2418,True,True,True,True,3s,56,True
llyncu,swallow,llyncu,high,443,309,28.98,2422,True,True,True,True,3s,55,True
craffu,grasp,craffu,high,444,308,28.89,2429,True,True,True,True,3s,58,True
cynilo,save,cynilo,high,445,308,28.89,2431,True,True,True,True,3s,54,True
ildio,yield,ildio,high,446,308,28.89,2434,True,True,True,True,3s,51,True
rasio,race,rasio,high,447,308,28.89,2428,True,True,True,True,3s,51,True
pennu,determine,pennu,high,448,306,28.7,2441,True,True,True,True,3s,51,True
clymu,tie,clymu,high,449,305,28.61,2446,True,True,True,True,3s,55,True
gweddïo,pray,gweddïo,high,450,305,28.61,2445,True,True,True,True,3s,51,True
ailadrodd,repeat,ailadrodd,high,451,304,28.51,2452,True,True,True,True,3s,55,True
estyn,reach,estyn,high,452,297,27.86,2477,True,True,True,True,3s,56,True
hysbysu,announce,hysbysu,high,453,296,27.76,2479,True,True,True,True,3s,55,True
ymgynghori,consult,ymgynghori,high,454,290,27.2,2504,True,True,True,True,3s,51,True
llywodraethu,govern,llywodraethu,high,455,287,26.92,2529,True,True,True,True,3s,54,True
tybied,suppose,tybied,high,456,285,26.73,2538,True,True,True,True,3s,52,True
gwrthdaro,collide,gwrthdaro,high,457,284,26.64,2539,True,True,True,True,3s,55,True
cyhuddo,accuse,cyhuddo,high,458,283,26.55,2550,True,True,True,True,3s,54,True
diwygio,reform,diwygio,high,459,283,26.55,2546,True,True,True,True,3s,51,True
pwyntio,point,pwyntio,high,460,283,26.55,2545,True,True,True,True,3s,51,True
arddel,acknowledge,arddel,high,461,281,26.36,2559,True,True,True,True,3s,54,True
tanysgrifio,subscribe,tanysgrifio,high,462,281,26.36,2554,True,True,True,True,3s,51,True
ailgylchu,recycle,ailgylchu,high,463,280,26.26,2563,True,True,True,True,3s,54,True
gwobrwyo,reward,gwobrwyo,high,464,280,26.26,2564,True,True,True,True,3s,54,True
storio,store,storio,high,465,280,26.26,2569,True,True,True,True,3s,51,True
llithro,slip,llithro,high,466,279,26.17,2579,True,True,True,True,3s,54,True
twyllo,deceive,twyllo,high,467,279,26.17,2578,True,True,True,True,3s,54,True
gorchuddio,cover,gorchuddio,high,468,278,26.08,2581,True,True,True,True,3s,51,True
pysgota,fish,pysgota,high,469,277,25.98,2586,True,True,True,True,3s,54,True
rhyfeddu,wonder,rhyfeddu,high,470,277,25.98,2588,True,True,True,True,3s,54,True
peintio,paint,peintio,high,471,272,25.51,2604,True,True,True,True,3s,51,True
rhuthro,rush,rhuthro,high,472,269,25.23,2617,True,True,True,True,3s,54,True
amau,doubt,amau,high,473,268,25.14,2623,True,True,True,True,3s,52,True
monitro,monitor,monitro,high,474,268,25.14,2627,True,True,True,True,3s,55,True
casáu,hate,casáu,high,475,267,25.04,2629,True,True,True,True,3s,51,True
tanseilio,undermine,tanseilio,high,476,267,25.04,2632,True,True,True,True,3s,51,True
rhagweld,foresee,rhagweld,high,477,264,24.76,2644,True,True,True,True,3s,51,True
siomi,disappoint,siomi,high,478,264,24.76,2641,True,True,True,True,3s,54,True
trosi,translate,trosi,high,479,264,24.76,2640,True,True,True,True,3s,109,True
adnewyddu,renew,adnewyddu,high,480,263,24.67,2650,True,True,True,True,3s,55,True
gwadu,deny,gwadu,high,481,261,24.48,2662,True,True,True,True,3s,58,True
diffodd,turn_off,diffodd,high,482,259,24.29,2679,True,True,True,True,3s,56,True
gwaedu,bleed,gwaedu,high,483,254,23.82,2713,True,True,True,True,3s,54,True
gweru,grease,gweru,high,484,252,23.64,2726,True,True,True,True,3s,54,True
benthyca,lend,benthyca,high,485,249,23.36,2743,True,True,True,True,3s,54,True
ffitio,fit,ffitio,high,486,247,23.17,2756,True,True,True,True,3s,51,True
mudo,silence,mudo,high,487,246,23.07,2765,True,True,True,True,3s,54,True
lledaenu,disseminate,lledaenu,high,488,245,22.98,2771,True,True,True,True,3s,54,True
tawelu,silence,tawelu,high,489,242,22.7,2791,True,True,True,True,3s,54,True
ynganu,pronounce,ynganu,high,490,242,22.7,2793,True,True,True,True,3s,58,True
disodli,supplant,disodli,high,491,241,22.61,2800,True,True,True,True,3s,54,True
ymdrechu,strive,ymdrechu,high,492,241,22.61,2799,True,True,True,True,3s,54,True
dyfarnu,adjudicate,dyfarnu,high,493,240,22.51,2808,True,True,True,True,3s,58,True
gafael,grasp,gafael,high,494,239,22.42,2810,True,True,True,True,3s,56,True
goleuo,enlighten,goleuo,high,495,237,22.23,2823,True,True,True,True,3s,54,True
ymarfer,practice,ymarfer,high,496,237,22.23,2821,True,True,True,True,3s,54,True
lliwio,colour,lliwio,high,497,236,22.14,2832,True,True,True,True,3s,51,True
sortio,sort,sortio,high,498,236,22.14,2827,True,True,True,True,3s,51,True
ymolchi,wash_oneself,ymolchi,high,499,235,22.04,2839,True,True,True,True,3s,55,True
amharu,spoil,amharu,high,500,234,21.95,2846,True,True,True,True,3s,56,True
gwylltio,fly_into a temper,gwylltio,high,501,232,21.76,2854,True,True,True,True,3s,51,True
cyfeilio,accompany,cyfeilio,high,502,231,21.67,2862,True,True,True,True,3s,51,True
llofnodi,sign,llofnodi,high,503,231,21.67,2863,True,True,True,True,3s,54,True
cynhesu,warm,cynhesu,high,504,230,21.57,2865,True,True,True,True,3s,51,True
cosbi,punish,cosbi,high,505,229,21.48,2873,True,True,True,True,3s,54,True
trechu,overpower,trechu,high,506,229,21.48,2871,True,True,True,True,3s,54,True
targedu,target,targedu,high,507,227,21.29,2885,True,True,True,True,3s,54,True
trwsio,mend,trwsio,high,508,227,21.29,2886,True,True,True,True,3s,51,True
brysio,hurry,brysio,high,509,226,21.2,2891,True,True,True,True,3s,51,True
datgloi,unlock,datgloi,high,510,226,21.2,2889,True,True,True,True,3s,52,True
agosáu,approach,agosáu,high,511,225,21.1,2899,True,True,True,True,3s,51,True
cicio,kick,cicio,high,512,225,21.1,2895,True,True,True,True,3s,51,True
ymddiheuro,apologise,ymddiheuro,high,513,225,21.1,2900,True,True,True,True,3s,54,True
gweinyddu,serve,gweinyddu,high,514,224,21.01,2903,True,True,True,True,3s,54,True
marcio,mark,marcio,high,515,224,21.01,2906,True,True,True,True,3s,51,True
cyllido,finance,cyllido,high,516,223,20.92,2909,True,True,True,True,3s,54,True
cymhwyso,adapt,cymhwyso,high,517,223,20.92,2913,True,True,True,True,3s,52,True
hongian,hang,hongian,high,518,223,20.92,2912,True,True,True,True,3s,51,True
bysu,finger,bysu,high,519,222,20.82,2919,True,True,True,True,3s,54,True
coffáu,commemorate,coffáu,high,520,222,20.82,2918,True,True,True,True,3s,51,True
cydymdeimlo,sympathise,cydymdeimlo,high,521,221,20.73,2926,True,True,True,True,3s,54,True
palu,dig,palu,high,522,220,20.64,2941,True,True,True,True,3s,54,True
anafu,injure,anafu,high,523,219,20.54,2948,True,True,True,True,3s,54,True
sillafu,spell,sillafu,high,524,216,20.26,2973,True,True,True,True,3s,61,True
taeru,insist,taeru,high,525,215,20.17,2979,True,True,True,True,3s,54,True
ysgogi,stir,ysgogi,high,526,215,20.17,2977,True,True,True,True,3s,55,True
berwi,boil,berwi,high,527,214,20.07,2988,True,True,True,True,3s,54,True
crybwyll,mention,crybwyll,high,528,214,20.07,2983,True,True,True,True,3s,55,True
terfynu,terminate,terfynu,high,529,214,20.07,2982,True,True,True,True,3s,54,True
enwebu,nominate,enwebu,high,530,213,19.98,2990,True,True,True,True,3s,54,True
ymgymryd,undertake,ymgymryd,high,531,213,19.98,2989,True,True,True,True,3s,54,True
godro,milk,godro,high,532,211,19.79,3002,True,True,True,True,3s,54,True
mewnfudo,immigrate,mewnfudo,high,533,211,19.79,2998,True,True,True,True,3s,54,True
setlo,settle,setlo,high,534,211,19.79,3003,True,True,True,True,3s,54,True
rhwygo,tear,rhwygo,high,535,210,19.7,3013,True,True,True,True,3s,54,True
ymgeisio,seek,ymgeisio,high,536,210,19.7,3007,True,True,True,True,3s,51,True
oeri,grow_cold,oeri,high,537,209,19.6,3019,True,True,True,True,3s,54,True
arsylwi,observe,arsylwi,high,538,208,19.51,3024,True,True,True,True,3s,54,True
hela,hunt,hela,high,539,208,19.51,3025,True,True,True,True,3s,54,True
lledu,spread,lledu,high,540,208,19.51,3023,True,True,True,True,3s,54,True
paentio,paint,paentio,high,541,207,19.42,3031,True,True,True,True,3s,51,True
seibio,pause,seibio,high,542,207,19.42,3034,True,True,True,True,3s,51,True
trychu,chop,trychu,high,543,206,19.32,3044,True,True,True,True,3s,54,True
ymadael,depart,ymadael,high,544,204,19.14,3060,True,True,True,True,3s,53,True
toddi,melt,toddi,high,545,203,19.04,3066,True,True,True,True,3s,54,True
drysu,confuse,drysu,high,546,202,18.95,3071,True,True,True,True,3s,54,True
paru,pair,paru,high,547,202,18.95,3069,True,True,True,True,3s,53,True
dymchwel,overturn,dymchwel,high,548,200,18.76,3087,True,True,True,True,3s,54,True
sbïo,look,sbïo,high,549,200,18.76,3085,True,True,True,True,3s,51,True
huno,sleep,huno,high,550,199,18.67,3091,True,True,True,True,3s,54,True
atgyfnerthu,replenish,atgyfnerthu,high,551,198,18.57,3099,True,True,True,True,3s,54,True
suddo,sink,suddo,high,552,198,18.57,3103,True,True,True,True,3s,54,True
portreadu,portray,portreadu,high,553,197,18.48,3110,True,True,True,True,3s,54,True
ymgorffori,embody,ymgorffori,high,554,196,18.38,3119,True,True,True,True,3s,54,True
dodi,place,dodi,high,555,195,18.29,3133,True,True,True,True,3s,55,True
ffynnu,prosper,ffynnu,high,556,195,18.29,3129,True,True,True,True,3s,54,True
ffarwelio,farewell,ffarwelio,high,557,194,18.2,3141,True,True,True,True,3s,51,True
myfyrio,contemplate,myfyrio,high,558,194,18.2,3139,True,True,True,True,3s,51,True
trwyddedu,licence,trwyddedu,high,559,194,18.2,3150,True,True,True,True,3s,54,True
cleisio,bruise,cleisio,high,560,193,18.1,3153,True,True,True,True,3s,51,True
beio,blame,beio,high,561,192,18.01,3161,True,True,True,True,3s,54,True
bwcio,book,bwcio,high,562,192,18.01,3162,True,True,True,True,3s,51,True
gwau,knit,gwau,high,563,191,17.92,3165,True,True,True,True,3s,51,True
gwirioni,dote,gwirioni,high,564,191,17.92,3168,True,True,True,True,3s,54,True
pilo,peel,pilo,high,565,191,17.92,3170,True,True,True,True,3s,54,True
breuddwydio,dream,breuddwydio,high,566,190,17.82,3175,True,True,True,True,3s,51,True
cloddio,mine,cloddio,high,567,190,17.82,3178,True,True,True,True,3s,51,True
gwastraffu,waste,gwastraffu,high,568,189,17.73,3187,True,True,True,True,3s,58,True
cyflymu,accelerate,cyflymu,high,569,187,17.54,3195,True,True,True,True,3s,54,True
masnachu,trade,masnachu,high,570,187,17.54,3194,True,True,True,True,3s,54,True
arbrofi,experiment,arbrofi,high,571,186,17.45,3207,True,True,True,True,3s,54,True
tisian,sneeze,tisian,high,572,186,17.45,3206,True,True,True,True,3s,51,True
rhewi,freeze,rhewi,high,573,185,17.35,3210,True,True,True,True,3s,55,True
tystio,testify,tystio,high,574,185,17.35,3213,True,True,True,True,3s,51,True
coelio,believe,coelio,high,575,184,17.26,3223,True,True,True,True,3s,51,True
sbarduno,spur,sbarduno,high,576,183,17.17,3228,True,True,True,True,3s,54,True
ategu,support,ategu,high,577,182,17.07,3241,True,True,True,True,3s,54,True
darlunio,illustrate,darlunio,high,578,181,16.98,3251,True,True,True,True,3s,51,True
edmygu,admire,edmygu,high,579,181,16.98,3255,True,True,True,True,3s,54,True
ymgartrefu,make_oneself at home,ymgartrefu,high,580,181,16.98,3250,True,True,True,True,3s,54,True
bloeddio,shout,bloeddio,high,581,180,16.88,3263,True,True,True,True,3s,51,True
cenhadu,proselytise,cenhadu,high,582,180,16.88,3267,True,True,True,True,3s,56,True
niweidio,harm,niweidio,high,583,180,16.88,3259,True,True,True,True,3s,51,True
sgrechian,scream,sgrechain,high,584,180,16.88,3264,True,True,True,True,3s,53,True
arbenigo,specialise,arbenigo,high,585,179,16.79,3273,True,True,True,True,3s,54,True
diddanu,comfort,diddanu,high,586,179,16.79,3276,True,True,True,True,3s,54,True
ymddiddori,take_an interest,ymddiddori,high,587,179,16.79,3279,True,True,True,True,3s,54,True
arestio,arrest,arestio,high,588,178,16.7,3287,True,True,True,True,3s,51,True
cnoi,chew,cnoi,high,589,178,16.7,3290,True,True,True,True,3s,51,True
gohirio,postpone,gohirio,high,590,178,16.7,3284,True,True,True,True,3s,51,True
moli,praise,moli,high,591,178,16.7,3292,True,True,True,True,3s,54,True
somi,disappoint,somi,high,592,178,16.7,3291,True,True,True,True,3s,54,True
debydu,debit,debydu,high,593,177,16.6,3305,True,True,True,True,3s,54,True
difetha,ruin,difetha,high,594,177,16.6,3302,True,True,True,True,3s,53,True
llogi,hire,llogi,high,595,177,16.6,3297,True,True,True,True,3s,54,True
rholio,roll,rholio,high,596,177,16.6,3303,True,True,True,True,3s,52,True
gwarantu,guarantee,gwarantu,high,597,176,16.51,3309,True,True,True,True,3s,54,True
crynu,shiver,crynu,high,598,175,16.41,3321,True,True,True,True,3s,55,True
fforddio,afford,fforddio,high,599,175,16.41,3318,True,True,True,True,3s,51,True
protestio,protest,protestio,high,600,175,16.41,3322,True,True,True,True,3s,51,True
ffaelu,err,ffaelu,high,601,174,16.32,3335,True,True,True,True,3s,54,True
iro,anoint,iro,high,602,174,16.32,3336,True,True,True,True,3s,54,True
neilltuo,distinguish,neilltuo,high,603,174,16.32,3331,True,True,True,True,3s,55,True
argyhoeddi,convince,argyhoeddi,high,604,173,16.23,3347,True,True,True,True,3s,54,True
dyrchafu,raise,dyrchafu,high,605,173,16.23,3349,True,True,True,True,3s,60,True
traddodi,deliver,traddodi,high,606,173,16.23,3340,True,True,True,True,3s,108,True
condemnio,condemn,condemnio,high,607,171,16.04,3367,True,True,True,True,3s,51,True
coroni,crown,coroni,high,608,171,16.04,3360,True,True,True,True,3s,54,True
tywallt,pour,tywallt,high,609,171,16.04,3366,True,True,True,True,3s,54,True
seiclo,cycle,seiclo,high,610,170,15.95,3370,True,True,True,True,3s,54,True
geirio,enunciate,geirio,high,611,169,15.85,3384,True,True,True,True,3s,51,True
lapio,wrap,lapio,high,612,169,15.85,3383,True,True,True,True,3s,51,True
rhentu,rent,rhentu,high,613,169,15.85,3382,True,True,True,True,3s,54,True
pluo,pluck_feathers,pluo,high,614,168,15.76,3391,True,True,True,True,3s,54,True
siglo,swing,siglo,high,615,168,15.76,3392,True,True,True,True,3s,54,True
treiglo,mutate,treiglo,high,616,167,15.66,3399,True,True,True,True,3s,54,True
cofleidio,hug,cofleidio,high,617,166,15.57,3406,True,True,True,True,3s,51,True
ymyrryd,interfere,ymyrryd,high,618,166,15.57,3410,True,True,True,True,3s,51,True
adfer,restore,adfer,high,619,165,15.48,3414,True,True,True,True,3s,56,True
rheoleiddio,regulate,rheoleiddio,high,620,165,15.48,3423,True,True,True,True,3s,51,True
ysu,crave,ysu,high,621,165,15.48,3418,True,True,True,True,3s,54,True
pacio,pack,pacio,high,622,164,15.38,3425,True,True,True,True,3s,51,True
cyfweld,interview,cyfweld,high,623,163,15.29,3435,True,True,True,True,3s,51,True
disgleirio,shine,disgleirio,high,624,162,15.2,3442,True,True,True,True,3s,51,True
gweu,knit,gweu,high,625,162,15.2,3445,True,True,True,True,3s,51,True
ffoi,flee,ffoi,high,626,161,15.1,3455,True,True,True,True,3s,52,True
ieuo,yoke,ieuo,high,627,161,15.1,3450,True,True,True,True,3s,54,True
edifaru,regret,edifaru,high,628,160,15.01,3464,True,True,True,True,3s,55,True
atgyfodi,resurrect,atgyfodi,high,629,158,14.82,3490,True,True,True,True,3s,54,True
cadeirio,chair,cadeirio,high,630,158,14.82,3493,True,True,True,True,3s,51,True
carcharu,imprison,carcharu,high,631,158,14.82,3495,True,True,True,True,3s,61,True
mewnforio,import,mewnforio,high,632,158,14.82,3484,True,True,True,True,3s,51,True
synhwyro,sense,synhwyro,high,633,158,14.82,3496,True,True,True,True,3s,54,True
tarfu,disturb,tarfu,high,634,158,14.82,3480,True,True,True,True,3s,61,True
cilio,retreat,cilio,high,635,157,14.73,3505,True,True,True,True,3s,51,True
peryglu,endanger,peryglu,high,636,157,14.73,3506,True,True,True,True,3s,54,True
pryderu,worry,pryderu,high,637,156,14.63,3510,True,True,True,True,3s,54,True
bedyddio,baptise,bedyddio,high,638,155,14.54,3524,True,True,True,True,3s,51,True
chwifio,wave,chwifio,high,639,155,14.54,3519,True,True,True,True,3s,51,True
plethu,plait,plethu,high,640,154,14.45,3533,True,True,True,True,3s,54,True
dyfeisio,invent,dyfeisio,high,641,152,14.26,3546,True,True,True,True,3s,54,True
ffrwydro,explode,ffrwydro,high,642,152,14.26,3551,True,True,True,True,3s,54,True
ymfalchïo,pride_oneself,ymfalchïo,high,643,152,14.26,3545,True,True,True,True,3s,51,True
dyrnu,thresh,dyrnu,high,644,151,14.16,3566,True,True,True,True,3s,54,True
clapio,clap,clapio,high,645,150,14.07,3578,True,True,True,True,3s,51,True
copïo,copy,copïo,high,646,150,14.07,3572,True,True,True,True,3s,51,True
bomio,bomb,bomio,high,647,149,13.98,3586,True,True,True,True,3s,51,True
ffafrio,favour,ffafrio,high,648,149,13.98,3583,True,True,True,True,3s,55,True
lleisio,voice,lleisio,high,649,149,13.98,3582,True,True,True,True,3s,51,True
cyffroi,excite,cyffroi,high,650,148,13.88,3591,True,True,True,True,3s,52,True
sticio,stick,sticio,high,651,148,13.88,3592,True,True,True,True,3s,51,True
wylo,weep,wylo,high,652,148,13.88,3590,True,True,True,True,3s,54,True
arafu,slow_down,arafu,high,653,147,13.79,3595,True,True,True,True,3s,58,True
cwmpasu,surround,cwmpasu,high,654,147,13.79,3600,True,True,True,True,3s,54,True
cyfateb,correspond_to,cyfateb,high,655,146,13.69,3618,True,True,True,True,3s,55,True
goresgyn,overcome,goresgyn,high,656,146,13.69,3617,True,True,True,True,3s,54,True
plismona,police,plismona,high,657,146,13.69,3623,True,True,True,True,3s,54,True
baglu,trip,baglu,high,658,145,13.6,3631,True,True,True,True,3s,54,True
efelychu,simulate,efelychu,high,659,145,13.6,3632,True,True,True,True,3s,54,True
rhwbio,rub,rhwbio,high,660,143,13.41,3656,True,True,True,True,3s,51,True
heneiddio,age,heneiddio,high,661,142,13.32,3675,True,True,True,True,3s,51,True
troedio,tread,troedio,high,662,142,13.32,3670,True,True,True,True,3s,51,True
ymladd,fight,ymladd,high,663,142,13.32,3661,True,True,True,True,3s,55,True
anrhydeddu,honour,anrhydeddu,high,664,141,13.23,3688,True,True,True,True,3s,54,True
diweddu,conclude,diweddu,high,665,141,13.23,3689,True,True,True,True,3s,54,True
gwyro,veer,gwyro,high,666,141,13.23,3681,True,True,True,True,3s,54,True
printio,print,printio,high,667,140,13.13,3706,True,True,True,True,3s,51,True
deddfu,decree,deddfu,high,668,139,13.04,3720,True,True,True,True,3s,54,True
gollwng,release,gollwng,high,669,139,13.04,3722,True,True,True,True,3s,56,True
ochneidio,sigh,ochneidio,high,670,139,13.04,3723,True,True,True,True,3s,51,True
tarddu,originate,tarddu,high,671,139,13.04,3716,True,True,True,True,3s,54,True
cefnu,turn_your back on,cefnu,high,672,138,12.94,3729,True,True,True,True,3s,54,True
ffrio,fry,ffrio,high,673,138,12.94,3728,True,True,True,True,3s,54,True
madru,fester,madru,high,674,138,12.94,3731,True,True,True,True,3s,54,True
gwaethygu,deteriorate,gwaethygu,high,675,137,12.85,3741,True,True,True,True,3s,54,True
gwaredu,remove,gwaredu,high,676,137,12.85,3739,True,True,True,True,3s,54,True
potelu,bottle,potelu,high,677,137,12.85,3742,True,True,True,True,3s,54,True
tanlinellu,underline,tanlinellu,high,678,137,12.85,3745,True,True,True,True,3s,54,True
cyfrifo,count,cyfrifo,high,679,136,12.76,3751,True,True,True,True,3s,54,True
amgylchynu,surround,amgylchynu,high,680,135,12.66,3758,True,True,True,True,3s,54,True
darbwyllo,urge,darbwyllo,high,681,135,12.66,3766,True,True,True,True,3s,54,True
adio,add,adio,high,682,134,12.57,3776,True,True,True,True,3s,51,True
clebran,prattle,clebran,high,683,134,12.57,3782,True,True,True,True,3s,54,True
gwersylla,camp,gwersylla,high,684,133,12.48,3787,True,True,True,True,3s,54,True
treiddio,penetrate,treiddio,high,685,133,12.48,3797,True,True,True,True,3s,51,True
sugno,suck,sugno,high,686,132,12.38,3800,True,True,True,True,3s,54,True
amseru,time,amseru,high,687,131,12.29,3818,True,True,True,True,3s,54,True
concro,conquer,concro,high,688,131,12.29,3808,True,True,True,True,3s,54,True
dirywio,deteriorate,dirywio,high,689,131,12.29,3812,True,True,True,True,3s,51,True
manylu,detail,manylu,high,690,131,12.29,3817,True,True,True,True,3s,54,True
nyrsio,nurse,nyrsio,high,691,131,12.29,3809,True,True,True,True,3s,51,True
gwibio,dart,gwibio,high,692,130,12.19,3827,True,True,True,True,3s,51,True
llori,cut_down,llori,high,693,130,12.19,3836,True,True,True,True,3s,54,True
sgipio,skip,sgipio,high,694,129,12.1,3853,True,True,True,True,3s,51,True
gwagio,empty,gwagio,high,695,128,12.01,3867,True,True,True,True,3s,55,True
sibrwd,whisper,sibrwd,high,696,128,12.01,3860,True,True,True,True,3s,54,True
uniaethu,identify_with,uniaethu,high,697,128,12.01,3857,True,True,True,True,3s,54,True
cyfoethogi,enrich,cyfoethogi,high,698,127,11.91,3872,True,True,True,True,3s,54,True
chwyddo,enlarge,chwyddo,high,699,126,11.82,3896,True,True,True,True,3s,55,True
diwallu,satisfy,diwallu,high,700,126,11.82,3889,True,True,True,True,3s,54,True
personoli,personify,personoli,high,701,126,11.82,3902,True,True,True,True,3s,54,True
ticio,tick,ticio,high,702,126,11.82,3886,True,True,True,True,3s,51,True
ymaelodi,become_a member,ymaelodi,high,703,126,11.82,3900,True,True,True,True,3s,54,True
arloesi,pioneer,arloesi,high,704,125,11.72,3909,True,True,True,True,3s,54,True
cyfarwyddo,direct,cyfarwyddo,high,705,125,11.72,3914,True,True,True,True,3s,54,True
stwffio,stuff,stwffio,high,706,125,11.72,3922,True,True,True,True,3s,51,True
ymwrthod,abstain,ymwrthod,high,707,125,11.72,3924,True,True,True,True,3s,54,True
cynhyrfu,agitate,cynhyrfu,high,708,123,11.54,3938,True,True,True,True,3s,51,True
amcangyfrif,estimate,amcangyfrif,high,709,122,11.44,3949,True,True,True,True,3s,54,True
dihuno,wake,dihuno,high,710,122,11.44,3948,True,True,True,True,3s,54,True
gwahardd,forbid,gwahardd,high,711,121,11.35,3963,True,True,True,True,3s,52,True
llefain,cry,llefain,high,712,121,11.35,3972,True,True,True,True,3s,54,True
cynganeddu,compose_verse,cynganeddu,high,713,120,11.26,3986,True,True,True,True,3s,54,True
etifeddu,inherit,etifeddu,high,714,120,11.26,3985,True,True,True,True,3s,54,True
ymfudo,emigrate,ymfudo,high,715,120,11.26,3982,True,True,True,True,3s,54,True
crogi,hang,crogi,high,716,119,11.16,4001,True,True,True,True,3s,54,True
cymell,urge,cymell,high,717,119,11.16,3996,True,True,True,True,3s,51,True
suo,buzz,suo,high,718,119,11.16,3994,True,True,True,True,3s,54,True
catalogio,catalogue,catalogio,high,719,118,11.07,4018,True,True,True,True,3s,51,True
darogan,predict,darogan,high,720,118,11.07,4012,True,True,True,True,3s,56,True
hollti,split,hollti,high,721,118,11.07,4005,True,True,True,True,3s,54,True
nodweddu,characterise,nodweddu,high,722,118,11.07,4015,True,True,True,True,3s,54,True
safio,save,safio,high,723,118,11.07,4010,True,True,True,True,3s,51,True
duo,blacken,duo,high,724,117,10.97,4029,True,True,True,True,3s,54,True
gwasgaru,scatter,gwasgaru,high,725,117,10.97,4023,True,True,True,True,3s,55,True
ordeinio,ordain,ordeinio,high,726,117,10.97,4031,True,True,True,True,3s,51,True
asio,join,asio,high,727,116,10.88,4041,True,True,True,True,3s,51,True
fflachio,flash,fflachio,high,728,116,10.88,4047,True,True,True,True,3s,51,True
ymdrin,strive_,ymdrin,high,729,116,10.88,4039,True,True,True,True,3s,52,True
lliniaru,ease,lliniaru,high,730,115,10.79,4057,True,True,True,True,3s,57,True
synfyfyrio,ponder,synfyfyrio,high,731,115,10.79,4065,True,True,True,True,3s,51,True
tacluso,tidy,tacluso,high,732,115,10.79,4061,True,True,True,True,3s,54,True
safoni,standardise,safoni,high,733,114,10.69,4082,True,True,True,True,3s,54,True
tagu,choke,tagu,high,734,114,10.69,4076,True,True,True,True,3s,54,True
corddi,churn,corddi,high,735,113,10.6,4100,True,True,True,True,3s,54,True
lleddfu,mitigate,lleddfu,high,736,113,10.6,4092,True,True,True,True,3s,54,True
walio,wall,walio,high,737,113,10.6,4102,True,True,True,True,3s,51,True
adfywio,resuscitate,adfywio,high,738,112,10.51,4110,True,True,True,True,3s,51,True
brolio,boast,brolio,high,739,111,10.41,4122,True,True,True,True,3s,51,True
gwynnu,whiten,gwynnu,high,740,111,10.41,4130,True,True,True,True,3s,54,True
hudo,captivate,hudo,high,741,111,10.41,4118,True,True,True,True,3s,54,True
pendroni,bewilder,pendroni,high,742,111,10.41,4119,True,True,True,True,3s,54,True
poeri,spit,poeri,high,743,111,10.41,4134,True,True,True,True,3s,54,True
siwtio,suit,siwtio,high,744,111,10.41,4123,True,True,True,True,3s,51,True
gwagu,empty,gwagu,high,745,110,10.32,4152,True,True,True,True,3s,58,True
modelu,model,modelu,high,746,110,10.32,4137,True,True,True,True,3s,54,True
pilio,peel,pilio,high,747,110,10.32,4141,True,True,True,True,3s,51,True
rhuo,roar,rhuo,high,748,110,10.32,4136,True,True,True,True,3s,54,True
canmol,praise,canmol,high,749,109,10.22,4157,True,True,True,True,3s,54,True
goruchwylio,supervise,goruchwylio,high,750,109,10.22,4159,True,True,True,True,3s,51,True
gwaddoli,endow,gwaddoli,high,751,109,10.22,4158,True,True,True,True,3s,54,True
hau,sow,hau,high,752,109,10.22,4161,True,True,True,True,3s,54,True
llofruddio,murder,llofruddio,high,753,109,10.22,4169,True,True,True,True,3s,51,True
nesáu,approach,nesáu,high,754,109,10.22,4156,True,True,True,True,3s,51,True
tracio,track,tracio,high,755,109,10.22,4167,True,True,True,True,3s,51,True
crymu,stoop,crymu,high,756,108,10.13,4179,True,True,True,True,3s,54,True
taclo,tackle,taclo,high,757,108,10.13,4171,True,True,True,True,3s,54,True
bridio,breed,bridio,high,758,107,10.04,4185,True,True,True,True,3s,51,True
cachu,shit,cachu,high,759,107,10.04,4190,True,True,True,True,3s,54,True
mwydro,bewilder,mwydro,high,760,107,10.04,4194,True,True,True,True,3s,54,True
bradychu,betray,bradychu,high,761,106,9.94,4226,True,True,True,True,3s,54,True
esblygu,explain,esblygu,high,762,106,9.94,4213,True,True,True,True,3s,54,True
prysuro,hurry,prysuro,high,763,106,9.94,4211,True,True,True,True,3s,54,True
bownsio,bounce,bownsio,high,764,105,9.85,4245,True,True,True,True,3s,51,True
diystyru,despise,diystyru,high,765,105,9.85,4227,True,True,True,True,3s,54,True
llyfru,book,llyfru,high,766,105,9.85,4240,True,True,True,True,3s,54,True
meistroli,master,meistroli,high,767,105,9.85,4242,True,True,True,True,3s,54,True
temtio,tempt,temtio,high,768,105,9.85,4243,True,True,True,True,3s,51,True
blaenoriaethu,take_precedence,blaenoriaethu,high,769,104,9.76,4263,True,True,True,True,3s,54,True
canoli,centralise,canoli,high,770,103,9.66,4284,True,True,True,True,3s,54,True
dyrannu,dissect,dyrannu,high,771,103,9.66,4286,True,True,True,True,3s,54,True
gorchymyn,command,gorchymyn,high,772,103,9.66,4274,True,True,True,True,3s,51,True
llawenhau,rejoice,llawenhau,high,773,103,9.66,4275,True,True,True,True,3s,50,True
penio,head,penio,high,774,103,9.66,4287,True,True,True,True,3s,51,True
cosi,itch,cosi,high,775,102,9.57,4298,True,True,True,True,3s,54,True
dynwared,emulate,dynwared,high,776,102,9.57,4303,True,True,True,True,3s,54,True
treisio,rape,treisio,high,777,102,9.57,4304,True,True,True,True,3s,51,True
aberthu,sacrifice,aberthu,high,778,101,9.47,4332,True,True,True,True,3s,55,True
brathu,bite,brathu,high,779,101,9.47,4318,True,True,True,True,3s,56,True
difrodi,despoil,difrodi,high,780,101,9.47,4316,True,True,True,True,3s,54,True
dyheu,long_for,dyheu,high,781,101,9.47,4325,True,True,True,True,3s,54,True
gorchfygu,conquer,gorchfygu,high,782,101,9.47,4331,True,True,True,True,3s,55,True
iacháu,heal,iacháu,high,783,101,9.47,4326,True,True,True,True,3s,51,True
carthu,muck_out,carthu,high,784,100,9.38,4355,True,True,True,True,3s,58,True
hanu,originate,hanu,high,785,100,9.38,4339,True,True,True,True,3s,54,True
picio,dart,picio,high,786,100,9.38,4336,True,True,True,True,3s,51,True
trigo,die,trigo,high,787,100,9.38,4341,True,True,True,True,3s,108,True
chwilota,search,chwilota,high,788,99,9.29,4361,True,True,True,True,3s,54,True
cysuro,comfort,cysuro,high,789,99,9.29,4367,True,True,True,True,3s,54,True
darlithio,lecture,darlithio,high,790,99,9.29,4372,True,True,True,True,3s,51,True
llwgrwobrwyo,bribe,llwgrwobrwyo,high,791,99,9.29,4366,True,True,True,True,3s,54,True
ufuddhau,obey,ufuddhau,high,792,99,9.29,4364,True,True,True,True,3s,50,True
ymroi,devote_oneself,ymroi,high,793,99,9.29,4365,True,True,True,True,3s,51,True
esgusodi,excuse,esgusodi,high,794,98,9.19,4381,True,True,True,True,3s,54,True
hiraethu,long_for,hiraethu,high,795,98,9.19,4391,True,True,True,True,3s,54,True
plymio,plumb,plymio,high,796,98,9.19,4377,True,True,True,True,3s,102,True
rhagori,exceed,rhagori,high,797,98,9.19,4383,True,True,True,True,3s,54,True
gwanhau,weaken,gwanhau,high,798,97,9.1,4413,True,True,True,True,3s,53,True
trawsnewid,convert,trawsnewid,high,799,97,9.1,4398,True,True,True,True,3s,54,True
trysori,treasure,trysori,high,800,97,9.1,4397,True,True,True,True,3s,54,True
pylu,fade,pylu,high,801,96,9.0,4429,True,True,True,True,3s,54,True
rhostio,roast,rhostio,high,802,96,9.0,4424,True,True,True,True,3s,51,True
swno,sound,swno,high,803,96,9.0,4433,True,True,True,True,3s,54,True
adennill,recover,adennill,high,804,95,8.91,4439,True,True,True,True,3s,54,True
adleisio,resound,adleisio,high,805,95,8.91,4452,True,True,True,True,3s,51,True
bygwth,threaten,bygwth,high,806,95,8.91,4441,True,True,True,True,3s,52,True
camarwain,mislead,camarwain,high,807,94,8.82,4469,True,True,True,True,3s,51,True
cnocio,knock,cnocio,high,808,94,8.82,4473,True,True,True,True,3s,51,True
drewi,stink,drewi,high,809,94,8.82,4474,True,True,True,True,3s,54,True
ffraeo,quarrel,ffraeo,high,810,94,8.82,4470,True,True,True,True,3s,54,True
proffwydo,prophesy,proffwydo,high,811,94,8.82,4475,True,True,True,True,3s,54,True
swyno,enchant,swyno,high,812,94,8.82,4465,True,True,True,True,3s,54,True
ymgasglu,congregate,ymgasglu,high,813,94,8.82,4466,True,True,True,True,3s,58,True
cydlynu,cohere,cydlynu,high,814,93,8.72,4487,True,True,True,True,3s,54,True
dienyddio,execute,dienyddio,high,815,93,8.72,4496,True,True,True,True,3s,51,True
fframio,frame,fframio,high,816,93,8.72,4495,True,True,True,True,3s,51,True
pesgi,fatten,pesgi,high,817,93,8.72,4494,True,True,True,True,3s,51,True
seinio,resound,seinio,high,818,93,8.72,4490,True,True,True,True,3s,51,True
urddo,honour,urddo,high,819,93,8.72,4484,True,True,True,True,3s,54,True
heidio,swarm,heidio,high,820,92,8.63,4506,True,True,True,True,3s,51,True
awdurdodi,authorise,awdurdodi,high,821,91,8.54,4539,True,True,True,True,3s,54,True
cusanu,kiss,cusanu,high,822,91,8.54,4529,True,True,True,True,3s,58,True
diswyddo,dismiss,diswyddo,high,823,91,8.54,4527,True,True,True,True,3s,54,True
gwingo,writhe,gwingo,high,824,91,8.54,4535,True,True,True,True,3s,54,True
reidio,ride,reidio,high,825,91,8.54,4528,True,True,True,True,3s,51,True
siapio,shape,siapio,high,826,91,8.54,4533,True,True,True,True,3s,51,True
cyfro,cover,cyfro,high,827,90,8.44,4547,True,True,True,True,3s,54,True
esgeuluso,neglect,esgeuluso,high,828,90,8.44,4560,True,True,True,True,3s,54,True
rhesymu,reason,rhesymu,high,829,90,8.44,4548,True,True,True,True,3s,54,True
sganio,scan,sganio,high,830,90,8.44,4552,True,True,True,True,3s,51,True
sgleinio,polish,sgleinio,high,831,90,8.44,4555,True,True,True,True,3s,51,True
troelli,spin,troelli,high,832,90,8.44,4551,True,True,True,True,3s,54,True
ymledu,spread,ymledu,high,833,90,8.44,4558,True,True,True,True,3s,54,True
arlwyo,cater,arlwyo,high,834,88,8.25,4592,True,True,True,True,3s,54,True
callio,get_wiser,callio,high,835,88,8.25,4603,True,True,True,True,3s,54,True
galaru,wail,galaru,high,836,88,8.25,4607,True,True,True,True,3s,58,True
llanw,fill,llanw,high,837,88,8.25,4595,True,True,True,True,3s,56,True
rhaglennu,programme,rhaglennu,high,838,88,8.25,4605,True,True,True,True,3s,54,True
tramgwyddo,stumble,tramgwyddo,high,839,88,8.25,4604,True,True,True,True,3s,54,True
cysoni,reconcile,cysoni,high,840,87,8.16,4622,True,True,True,True,3s,56,True
diflasu,be_fed up with,diflasu,high,841,87,8.16,4626,True,True,True,True,3s,54,True
gwawrio,dawn,gwawrio,high,842,87,8.16,4624,True,True,True,True,3s,51,True
meindio,mind,meindio,high,843,87,8.16,4631,True,True,True,True,3s,51,True
priodoli,attribute,priodoli,high,844,87,8.16,4636,True,True,True,True,3s,54,True
twtio,tidy,twtio,high,845,87,8.16,4633,True,True,True,True,3s,51,True
gwreiddio,root,gwreiddio,high,846,86,8.07,4645,True,True,True,True,3s,51,True
hel,collect,hel,high,847,86,8.07,4650,True,True,True,True,3s,54,True
labelu,label,labelu,high,848,86,8.07,4657,True,True,True,True,3s,54,True
newyddiadura,be_a journalist,newyddiadura,high,849,86,8.07,4664,True,True,True,True,3s,54,True
tisio,sneeze,tisio,high,850,86,8.07,4652,True,True,True,True,3s,51,True
meddwi,get_drunk,meddwi,high,851,85,7.97,4673,True,True,True,True,3s,54,True
ymsefydlu,settle,ymsefydlu,high,852,85,7.97,4677,True,True,True,True,3s,54,True
byseddu,finger,byseddu,high,853,84,7.88,4716,True,True,True,True,3s,54,True
lluchio,throw,lluchio,high,854,84,7.88,4712,True,True,True,True,3s,51,True
arogli,smell,arogli,high,855,83,7.79,4736,True,True,True,True,3s,54,True
atseinio,resound,atseinio,high,856,83,7.79,4733,True,True,True,True,3s,51,True
cydweithredu,co-operate,cydweithredu,high,857,83,7.79,4737,True,True,True,True,3s,54,True
wyna,lamb,wyna,high,858,83,7.79,4719,True,True,True,True,3s,54,True
bendithio,bless,bendithio,high,859,82,7.69,4752,True,True,True,True,3s,51,True
bihafio,behave,bihafio,high,860,82,7.69,4750,True,True,True,True,3s,51,True
cyferbynnu,contrast,cyferbynnu,high,861,82,7.69,4754,True,True,True,True,3s,102,True
ebostio,email,ebostio,high,862,82,7.69,4758,True,True,True,True,3s,51,True
jamio,jam,jamio,high,863,82,7.69,4745,True,True,True,True,3s,51,True
traethu,pronounce,traethu,high,864,82,7.69,4753,True,True,True,True,3s,54,True
chwysu,perspire,chwysu,high,865,81,7.6,4766,True,True,True,True,3s,54,True
cronni,amass,cronni,high,866,81,7.6,4774,True,True,True,True,3s,55,True
ffansïo,fancy,ffansïo,high,867,81,7.6,4781,True,True,True,True,3s,51,True
llwyfannu,stage,llwyfannu,high,868,81,7.6,4791,True,True,True,True,3s,55,True
sleifio,sneak,sleifio,high,869,81,7.6,4780,True,True,True,True,3s,51,True
carlamu,gallop,carlamu,high,870,80,7.5,4808,True,True,True,True,3s,58,True
chwipio,whip,chwipio,high,871,80,7.5,4820,True,True,True,True,3s,51,True
dychryn,frighten,dychryn,high,872,80,7.5,4805,True,True,True,True,3s,56,True
gwanu,pierce,gwanu,high,873,80,7.5,4815,True,True,True,True,3s,58,True
mygu,smoke,mygu,high,874,80,7.5,4822,True,True,True,True,3s,108,True
selio,seal,selio,high,875,80,7.5,4796,True,True,True,True,3s,51,True
serennu,sparkle,serennu,high,876,80,7.5,4799,True,True,True,True,3s,51,True
aeddfedu,mature,aeddfedu,high,877,79,7.41,4850,True,True,True,True,3s,54,True
cyfarch,greet,cyfarch,high,878,79,7.41,4840,True,True,True,True,3s,54,True
cyfranogi,participate_in,cyfranogi,high,879,79,7.41,4851,True,True,True,True,3s,54,True
gori,brood,gori,high,880,79,7.41,4848,True,True,True,True,3s,54,True
hidlo,strain,hidlo,high,881,79,7.41,4843,True,True,True,True,3s,51,True
mesuro,measure,mesuro,high,882,79,7.41,4856,True,True,True,True,3s,54,True
teilwra,tailor,teilwra,high,883,79,7.41,4857,True,True,True,True,3s,54,True
twnelu,tunnel,twnelu,high,884,79,7.41,4837,True,True,True,True,3s,54,True
ymdebygu,resemble,ymdebygu,high,885,79,7.41,4833,True,True,True,True,3s,54,True
pererinio,go_on a pilgrimage,pererinio,high,886,78,7.32,4877,True,True,True,True,3s,51,True
pwdu,sulk,pwdu,high,887,78,7.32,4882,True,True,True,True,3s,56,True
rhwydo,ensnare,rhwydo,high,888,78,7.32,4864,True,True,True,True,3s,54,True
amddifadu,deprive,amddifadu,high,889,77,7.22,4895,True,True,True,True,3s,59,True
dyblu,double,dyblu,high,890,77,7.22,4901,True,True,True,True,3s,54,True
ailystyried,reconsider,ailystyried,high,891,76,7.13,4917,True,True,True,True,3s,51,True
bancio,bank,bancio,high,892,76,7.13,4916,True,True,True,True,3s,51,True
celu,conceal,celu,high,893,76,7.13,4926,True,True,True,True,3s,54,True
hebrwng,escort,hebrwng,high,894,76,7.13,4932,True,True,True,True,3s,54,True
taenu,spread,taenu,high,895,76,7.13,4930,True,True,True,True,3s,54,True
atgynhyrchu,reproduce,atgynhyrchu,high,896,75,7.03,4946,True,True,True,True,3s,51,True
clecian,tell_tales,clecian,high,897,75,7.03,4953,True,True,True,True,3s,51,True
cneifio,shear,cneifio,high,898,75,7.03,4954,True,True,True,True,3s,51,True
ebychu,gasp,ebychu,high,899,75,7.03,4960,True,True,True,True,3s,54,True
hoywi,brighten,hoywi,high,900,75,7.03,4965,True,True,True,True,3s,54,True
preifateiddio,privatise,preifateiddio,high,901,75,7.03,4964,True,True,True,True,3s,51,True
bilio,bill,bilio,high,902,74,6.94,4978,True,True,True,True,3s,51,True
gorymdeithio,march,gorymdeithio,high,903,74,6.94,4969,True,True,True,True,3s,51,True
gwichian,squeak,gwichian,high,904,74,6.94,4982,True,True,True,True,3s,51,True
ymlwybro,make_progress,ymlwybro,high,905,74,6.94,4971,True,True,True,True,3s,54,True
blodeuo,flower,blodeuo,high,906,73,6.85,5001,True,True,True,True,3s,54,True
brwsio,brush,brwsio,high,907,73,6.85,5002,True,True,True,True,3s,51,True
cartrefu,inhabit,cartrefu,high,908,73,6.85,5012,True,True,True,True,3s,54,True
cwpla,complete,cwpla,high,909,73,6.85,5014,True,True,True,True,3s,54,True
meiddio,dare,meiddio,high,910,73,6.85,4992,True,True,True,True,3s,53,True
morio,sail,morio,high,911,73,6.85,4993,True,True,True,True,3s,51,True
pechu,sin,pechu,high,912,73,6.85,5008,True,True,True,True,3s,54,True
rhwymo,bind,rhwymo,high,913,73,6.85,4998,True,True,True,True,3s,54,True
rhythu,gape,rhythu,high,914,73,6.85,5013,True,True,True,True,3s,54,True
ynysu,isolate,ynysu,high,915,73,6.85,4985,True,True,True,True,3s,54,True
campio,camp,campio,high,916,72,6.75,5027,True,True,True,True,3s,51,True
grymuso,strengthen,grymuso,high,917,72,6.75,5030,True,True,True,True,3s,54,True
rhydu,rust,rhydu,high,918,72,6.75,5034,True,True,True,True,3s,54,True
trafferthu,trouble,trafferthu,mid,919,72,6.75,5028,True,True,True,True,3s,54,True
ymddiswyddo,resign,ymddiswyddo,mid,920,72,6.75,5020,True,True,True,True,3s,54,True
ymhelaethu,enlarge_upon,ymhelaethu,mid,921,72,6.75,5043,True,True,True,True,3s,54,True
arteithio,torture,arteithio,mid,922,71,6.66,5064,True,True,True,True,3s,51,True
atgyweirio,repair,atgyweirio,mid,923,71,6.66,5046,True,True,True,True,3s,51,True
hoelio,nail,hoelio,mid,924,71,6.66,5061,True,True,True,True,3s,51,True
llacio,slacken,llacio,mid,925,71,6.66,5045,True,True,True,True,3s,51,True
llethu,oppress,llethu,mid,926,71,6.66,5065,True,True,True,True,3s,54,True
rowlio,roll,rowlio,mid,927,71,6.66,5057,True,True,True,True,3s,51,True
ysgwyddo,shoulder,ysgwyddo,mid,928,71,6.66,5055,True,True,True,True,3s,54,True
bocsio,box,bocsio,mid,929,70,6.57,5077,True,True,True,True,3s,51,True
bychanu,belittle,bychanu,mid,930,70,6.57,5091,True,True,True,True,3s,58,True
clodfori,praise,clodfori,mid,931,70,6.57,5074,True,True,True,True,3s,54,True
haeru,contend,haeru,mid,932,70,6.57,5104,True,True,True,True,3s,54,True
tincial,tinkle,tincial,mid,933,70,6.57,5112,True,True,True,True,3s,54,True
aflonyddu,disturb,aflonyddu,mid,934,69,6.47,5133,True,True,True,True,3s,54,True
cannu,bleach,cannu,mid,935,69,6.47,5148,True,True,True,True,3s,54,True
ciwio,queue,ciwio,mid,936,69,6.47,5150,True,True,True,True,3s,51,True
closio,draw_close,closio,mid,937,69,6.47,5132,True,True,True,True,3s,51,True
croniclo,chronicle,croniclo,mid,938,69,6.47,5140,True,True,True,True,3s,54,True
cydsynio,agree,cydsynio,mid,939,69,6.47,5152,True,True,True,True,3s,51,True
diferu,drip,diferu,mid,940,69,6.47,5138,True,True,True,True,3s,54,True
llorio,floor,llorio,mid,941,69,6.47,5117,True,True,True,True,3s,51,True
rhyfela,make_war,rhyfela,mid,942,69,6.47,5135,True,True,True,True,3s,54,True
ad-dalu,repay,ad-dalu,mid,943,68,6.38,5157,True,True,True,True,3s,56,True
arolygu,supervise,arolygu,mid,944,68,6.38,5167,True,True,True,True,3s,54,True
cywasgu,compress,cywasgu,mid,945,68,6.38,5169,True,True,True,True,3s,63,True
datguddio,disclose,datguddio,mid,946,68,6.38,5163,True,True,True,True,3s,51,True
ymrestru,enlist,ymrestru,mid,947,68,6.38,5191,True,True,True,True,3s,54,True
ailddechrau,restart,ailddechrau,mid,948,67,6.28,5204,True,True,True,True,3s,54,True
bidio,bid,bidio,mid,949,67,6.28,5213,True,True,True,True,3s,51,True
chwyrnu,snore,chwyrnu,mid,950,67,6.28,5234,True,True,True,True,3s,54,True
crebachu,shrivel,crebachu,mid,951,67,6.28,5209,True,True,True,True,3s,54,True
pledio,plead,pledio,mid,952,67,6.28,5231,True,True,True,True,3s,51,True
ysgubo,sweep,ysgubo,mid,953,67,6.28,5211,True,True,True,True,3s,55,True
beiddio,dare,beiddio,mid,954,66,6.19,5266,True,True,True,True,3s,52,True
digalonni,lose_heart,digalonni,mid,955,66,6.19,5246,True,True,True,True,3s,54,True
erthylu,abort,erthylu,mid,956,66,6.19,5265,True,True,True,True,3s,54,True
lletya,lodge,lletya,mid,957,66,6.19,5254,True,True,True,True,3s,54,True
llywyddu,preside,llywyddu,mid,958,66,6.19,5252,True,True,True,True,3s,54,True
pwmpio,pump,pwmpio,mid,959,66,6.19,5250,True,True,True,True,3s,51,True
troseddu,transgress,troseddu,mid,960,66,6.19,5260,True,True,True,True,3s,54,True
cenhedlu,beget,cenhedlu,mid,961,65,6.1,5291,True,True,True,True,3s,52,True
nesu,approach,nesu,mid,962,65,6.1,5284,True,True,True,True,3s,54,True
rholian,roll,rholian,mid,963,65,6.1,5280,True,True,True,True,3s,51,True
samplo,sample,samplo,mid,964,65,6.1,5290,True,True,True,True,3s,54,True
tynhau,tighten,tynhau,mid,965,65,6.1,5289,True,True,True,True,3s,50,True
arlunio,paint,arlunio,mid,966,64,6.0,5325,True,True,True,True,3s,51,True
camddeall,misunderstand,camddeall,mid,967,64,6.0,5314,True,True,True,True,3s,58,True
llwgu,be_ravenously hungry,llwgu,mid,968,64,6.0,5305,True,True,True,True,3s,54,True
tapio,tape,tapio,mid,969,64,6.0,5309,True,True,True,True,3s,51,True
ymhyfrydu,take_pride in,ymhyfrydu,mid,970,64,6.0,5312,True,True,True,True,3s,54,True
coleddu,cherish,coleddu,mid,971,63,5.91,5352,True,True,True,True,3s,54,True
disgyblu,discipline,disgyblu,mid,972,63,5.91,5374,True,True,True,True,3s,54,True
tasgu,splash,tasgu,mid,973,63,5.91,5361,True,True,True,True,3s,54,True
tocio,trim,tocio,mid,974,63,5.91,5360,True,True,True,True,3s,51,True
tyngu,swear,tyngu,mid,975,63,5.91,5364,True,True,True,True,3s,55,True
ymatal,refrain,ymatal,mid,976,63,5.91,5346,True,True,True,True,3s,53,True
cwffio,fight,cwffio,mid,977,62,5.82,5382,True,True,True,True,3s,51,True
dwysáu,intensify,dwysáu,mid,978,62,5.82,5403,True,True,True,True,3s,51,True
ffrydio,brandish,ffrydio,mid,979,62,5.82,5396,True,True,True,True,3s,51,True
gweddnewid,transform,gweddnewid,mid,980,62,5.82,5379,True,True,True,True,3s,51,True
haenu,layer,haenu,mid,981,62,5.82,5386,True,True,True,True,3s,54,True
porthi,feed,porthi,mid,982,62,5.82,5395,True,True,True,True,3s,54,True
prisio,price,prisio,mid,983,62,5.82,5398,True,True,True,True,3s,51,True
swatio,crouch,swatio,mid,984,62,5.82,5384,True,True,True,True,3s,51,True
tlodi,impoverish,tlodi,mid,985,62,5.82,5392,True,True,True,True,3s,54,True
ceryddu,scold,ceryddu,mid,986,61,5.72,5429,True,True,True,True,3s,54,True
dallu,blind,dallu,mid,987,61,5.72,5420,True,True,True,True,3s,58,True
datgymalu,dislocate,datgymalu,mid,988,61,5.72,5416,True,True,True,True,3s,54,True
naddu,carve,naddu,mid,989,61,5.72,5444,True,True,True,True,3s,54,True
parablu,utter,parablu,mid,990,61,5.72,5446,True,True,True,True,3s,58,True
perffeithio,perfect,perffeithio,mid,991,61,5.72,5432,True,True,True,True,3s,51,True
plycio,pluck,plycio,mid,992,61,5.72,5434,True,True,True,True,3s,51,True
sbwylio,spoil,sbwylio,mid,993,61,5.72,5421,True,True,True,True,3s,51,True
sythu,benumb,sythu,mid,994,61,5.72,5418,True,True,True,True,3s,108,True
yngan,pronounce,yngan,mid,995,61,5.72,5435,True,True,True,True,3s,58,True
ailadeiladu,rebuild,ailadeiladu,mid,996,60,5.63,5471,True,True,True,True,3s,54,True
byrstio,burst,byrstio,mid,997,60,5.63,5459,True,True,True,True,3s,51,True
cwtogi,shorten,cwtogi,mid,998,60,5.63,5460,True,True,True,True,3s,54,True
cysgodi,shelter,cysgodi,mid,999,60,5.63,5478,True,True,True,True,3s,54,True
deifio,dive,deifio,mid,1000,60,5.63,5477,True,True,True,True,3s,51,True
difyrru,amuse,difyrru,mid,1001,60,5.63,5457,True,True,True,True,3s,54,True
dilysu,validate,dilysu,mid,1002,60,5.63,5472,True,True,True,True,3s,54,True
mynydda,climb_mountains,mynydda,mid,1003,60,5.63,5467,True,True,True,True,3s,54,True
nythu,nest,nythu,mid,1004,60,5.63,5464,True,True,True,True,3s,54,True
procio,poke,procio,mid,1005,60,5.63,5455,True,True,True,True,3s,51,True
trystio,trust,trystio,mid,1006,60,5.63,5481,True,True,True,True,3s,51,True
bugeilio,shepherd,bugeilio,mid,1007,59,5.53,5523,True,True,True,True,3s,51,True
dyfrio,water,dyfrio,mid,1008,59,5.53,5507,True,True,True,True,3s,51,True
pydru,rot,pydru,mid,1009,59,5.53,5498,True,True,True,True,3s,54,True
suro,sour,suro,mid,1010,59,5.53,5517,True,True,True,True,3s,54,True
symleiddio,simplify,symleiddio,mid,1011,59,5.53,5486,True,True,True,True,3s,51,True
arllwys,pour,arllwys,mid,1012,58,5.44,5549,True,True,True,True,3s,54,True
gloywi,brighten,gloywi,mid,1013,58,5.44,5542,True,True,True,True,3s,54,True
gwrthdroi,reverse,gwrthdroi,mid,1014,58,5.44,5538,True,True,True,True,3s,52,True
hofran,hover,hofran,mid,1015,58,5.44,5540,True,True,True,True,3s,54,True
nosi,become_night,nosi,mid,1016,58,5.44,5547,True,True,True,True,3s,54,True
smalio,joke,smalio,mid,1017,58,5.44,5528,True,True,True,True,3s,51,True
strwythuro,structure,strwythuro,mid,1018,58,5.44,5529,True,True,True,True,3s,54,True
ymgolli,lose_oneself,ymgolli,mid,1019,58,5.44,5543,True,True,True,True,3s,54,True
aredig,plough,aredig,mid,1020,57,5.35,5594,True,True,True,True,3s,101,True
cysegru,consecrate,cysegru,mid,1021,57,5.35,5597,True,True,True,True,3s,54,True
llamu,leap,llamu,mid,1022,57,5.35,5577,True,True,True,True,3s,59,True
puro,purify,puro,mid,1023,57,5.35,5599,True,True,True,True,3s,54,True
smocio,smoke,smocio,mid,1024,57,5.35,5576,True,True,True,True,3s,51,True
smwddio,iron,smwddio,mid,1025,57,5.35,5582,True,True,True,True,3s,51,True
celwyddo,lie,celwyddo,mid,1026,56,5.25,5626,True,True,True,True,3s,54,True
esgyn,ascend,esgyn,mid,1027,56,5.25,5616,True,True,True,True,3s,51,True
igian,hiccup,igian,mid,1028,56,5.25,5640,True,True,True,True,3s,51,True
sarnu,spill,sarnu,mid,1029,56,5.25,5628,True,True,True,True,3s,60,True
tywyllu,darken,tywyllu,mid,1030,56,5.25,5631,True,True,True,True,3s,54,True
bowlio,bowl,bowlio,mid,1031,55,5.16,5649,True,True,True,True,3s,51,True
didoli,segregate,didoli,mid,1032,55,5.16,5650,True,True,True,True,3s,54,True
llygru,corrupt,llygru,mid,1033,55,5.16,5644,True,True,True,True,3s,55,True
papuro,paper,papuro,mid,1034,55,5.16,5672,True,True,True,True,3s,54,True
rhifo,count,rhifo,mid,1035,55,5.16,5669,True,True,True,True,3s,54,True
sbecian,peep,sbecian,mid,1036,55,5.16,5662,True,True,True,True,3s,51,True
tylino,knead,tylino,mid,1037,55,5.16,5658,True,True,True,True,3s,54,True
cerfio,carve,cerfio,mid,1038,54,5.07,5701,True,True,True,True,3s,51,True
cropian,crawl,cropian,mid,1039,54,5.07,5689,True,True,True,True,3s,51,True
cymodi,reconcile,cymodi,mid,1040,54,5.07,5678,True,True,True,True,3s,54,True
ffrwyno,bridle,ffrwyno,mid,1041,54,5.07,5694,True,True,True,True,3s,54,True
llafurio,labour,llafurio,mid,1042,54,5.07,5698,True,True,True,True,3s,51,True
sathru,trample,sathru,mid,1043,54,5.07,5722,True,True,True,True,3s,60,True
sgio,ski,sgio,mid,1044,54,5.07,5703,True,True,True,True,3s,51,True
ymbil,implore,ymbil,mid,1045,54,5.07,5686,True,True,True,True,3s,51,True
amneidio,nod,amneidio,mid,1046,53,4.97,5765,True,True,True,True,3s,51,True
chwynnu,weed,chwynnu,mid,1047,53,4.97,5747,True,True,True,True,3s,54,True
drafftio,draft,drafftio,mid,1048,53,4.97,5739,True,True,True,True,3s,51,True
gwrthryfela,rebel,gwrthryfela,mid,1049,53,4.97,5752,True,True,True,True,3s,54,True
meddalu,soften,meddalu,mid,1050,53,4.97,5758,True,True,True,True,3s,58,True
petruso,hesitate,petruso,mid,1051,53,4.97,5766,True,True,True,True,3s,54,True
serio,sear,serio,mid,1052,53,4.97,5756,True,True,True,True,3s,51,True
sylwebu,commentate,sylwebu,mid,1053,53,4.97,5733,True,True,True,True,3s,54,True
ymddiried,trust,ymddiried,mid,1054,53,4.97,5743,True,True,True,True,3s,54,True
ad-drefnu,reorganise,ad-drefnu,mid,1055,52,4.88,5806,True,True,True,True,3s,54,True
ailddysgu,relearn,ailddysgu,mid,1056,52,4.88,5789,True,True,True,True,3s,54,True
busnesa,meddle,busnesa,mid,1057,52,4.88,5769,True,True,True,True,3s,54,True
clustfeinio,listen_hard,clustfeinio,mid,1058,52,4.88,5770,True,True,True,True,3s,51,True
clwydo,roost,clwydo,mid,1059,52,4.88,5772,True,True,True,True,3s,54,True
cwestio,hold_an inquiry,cwestio,mid,1060,52,4.88,5780,True,True,True,True,3s,51,True
dominyddu,dominate,dominyddu,mid,1061,52,4.88,5804,True,True,True,True,3s,54,True
syrffedu,be_sick and tired of,syrffedu,mid,1062,52,4.88,5782,True,True,True,True,3s,54,True
trwytho,saturate,trwytho,mid,1063,52,4.88,5796,True,True,True,True,3s,54,True
twrio,burrow,twrio,mid,1064,52,4.88,5771,True,True,True,True,3s,51,True
amsugno,absorb,amsugno,mid,1065,51,4.78,5851,True,True,True,True,3s,54,True
caethiwo,imprison,caethiwo,mid,1066,51,4.78,5831,True,True,True,True,3s,54,True
carcu,take_heed,carcu,mid,1067,51,4.78,5815,True,True,True,True,3s,54,True
cochi,blush,cochi,mid,1068,51,4.78,5847,True,True,True,True,3s,54,True
crisialu,crystallise,crisialu,mid,1069,51,4.78,5828,True,True,True,True,3s,58,True
gresynu,deplore,gresynu,mid,1070,51,4.78,5835,True,True,True,True,3s,54,True
tyrchu,burrow,tyrchu,mid,1071,51,4.78,5817,True,True,True,True,3s,54,True
calonogi,encourage,calonogi,mid,1072,50,4.69,5874,True,True,True,True,3s,54,True
camddefnyddio,misuse,camddefnyddio,mid,1073,50,4.69,5892,True,True,True,True,3s,51,True
chwibanu,whistle,chwibanu,mid,1074,50,4.69,5895,True,True,True,True,3s,58,True
cyfaddawdu,compromise,cyfaddawdu,mid,1075,50,4.69,5875,True,True,True,True,3s,54,True
gesio,guess,gesio,mid,1076,50,4.69,5878,True,True,True,True,3s,51,True
llifio,saw,llifio,mid,1077,50,4.69,5888,True,True,True,True,3s,51,True
mwytho,fondle,mwytho,mid,1078,50,4.69,5870,True,True,True,True,3s,54,True
rwdlan,talk_rubbish,rwdlan,mid,1079,50,4.69,5884,True,True,True,True,3s,54,True
syfrdanu,astound,syfrdanu,mid,1080,50,4.69,5871,True,True,True,True,3s,54,True
cloriannu,balance,cloriannu,mid,1081,49,4.6,5936,True,True,True,True,3s,61,True
cracio,crack,cracio,mid,1082,49,4.6,5934,True,True,True,True,3s,51,True
cythruddo,provoke,cythruddo,mid,1083,49,4.6,5923,True,True,True,True,3s,54,True
drilio,drill,drilio,mid,1084,49,4.6,5948,True,True,True,True,3s,51,True
dryllio,shatter,dryllio,mid,1085,49,4.6,5953,True,True,True,True,3s,51,True
ffeilio,file,ffeilio,mid,1086,49,4.6,5902,True,True,True,True,3s,51,True
gohebu,correspond,gohebu,mid,1087,49,4.6,5915,True,True,True,True,3s,54,True
gwgu,frown,gwgu,mid,1088,49,4.6,5931,True,True,True,True,3s,54,True
rhwyfo,row,rhwyfo,mid,1089,49,4.6,5910,True,True,True,True,3s,54,True
sarhau,insult,sarhau,mid,1090,49,4.6,5914,True,True,True,True,3s,50,True
twymo,heat,twymo,mid,1091,49,4.6,5924,True,True,True,True,3s,54,True
caledu,harden,caledu,mid,1092,48,4.5,5974,True,True,True,True,3s,54,True
chwydu,vomit,chwydu,mid,1093,48,4.5,5990,True,True,True,True,3s,54,True
cynaeafu,harvest,cynaeafu,mid,1094,48,4.5,5973,True,True,True,True,3s,58,True
cynllwynio,scheme,cynllwynio,mid,1095,48,4.5,5956,True,True,True,True,3s,51,True
gormesu,oppress,gormesu,mid,1096,48,4.5,5962,True,True,True,True,3s,54,True
gwlychu,moisten,gwlychu,mid,1097,48,4.5,5982,True,True,True,True,3s,55,True
llesteirio,hinder,llesteirio,mid,1098,48,4.5,5976,True,True,True,True,3s,51,True
melltio,flash_lightning,melltio,mid,1099,48,4.5,5961,True,True,True,True,3s,51,True
breinio,honour,breinio,mid,1100,47,4.41,6041,True,True,True,True,3s,51,True
cwato,hide,cwato,mid,1101,47,4.41,6027,True,True,True,True,3s,54,True
distewi,silence,distewi,mid,1102,47,4.41,6044,True,True,True,True,3s,51,True
olynu,follow,olynu,mid,1103,47,4.41,6038,True,True,True,True,3s,54,True
allfudo,emigrate,allfudo,mid,1104,46,4.31,6053,True,True,True,True,3s,54,True
cydgyfeirio,converge,cydgyfeirio,mid,1105,46,4.31,6089,True,True,True,True,3s,51,True
herian,tease,herian,mid,1106,46,4.31,6061,True,True,True,True,3s,51,True
hyrddio,ram,hyrddio,mid,1107,46,4.31,6084,True,True,True,True,3s,51,True
mireinio,beautify,mireinio,mid,1108,46,4.31,6088,True,True,True,True,3s,51,True
rhathu,smooth,rhathu,mid,1109,46,4.31,6099,True,True,True,True,3s,54,True
teyrnasu,reign,teyrnasu,mid,1110,46,4.31,6071,True,True,True,True,3s,58,True
alltudio,exile,alltudio,mid,1111,45,4.22,6131,True,True,True,True,3s,51,True
aralleirio,paraphrase,aralleirio,mid,1112,45,4.22,6146,True,True,True,True,3s,51,True
bargeinio,bargain,bargeinio,mid,1113,45,4.22,6115,True,True,True,True,3s,51,True
cam,step,cam,mid,1114,45,4.22,6103,True,True,True,True,3s,60,True
clwyfo,wound,clwyfo,mid,1115,45,4.22,6126,True,True,True,True,3s,54,True
damcaniaethu,theorise,damcaniaethu,mid,1116,45,4.22,6154,True,True,True,True,3s,54,True
dychymyg,imagine,dychymyg,mid,1117,45,4.22,6106,True,True,True,True,3s,54,True
llowcio,gobble,llowcio,mid,1118,45,4.22,6133,True,True,True,True,3s,51,True
tywynnu,shine,tywynnu,mid,1119,45,4.22,6137,True,True,True,True,3s,54,True
ymylu,border,ymylu,mid,1120,45,4.22,6119,True,True,True,True,3s,54,True
angori,anchor,angori,mid,1121,44,4.13,6161,True,True,True,True,3s,54,True
archifo,archive,archifo,mid,1122,44,4.13,6175,True,True,True,True,3s,54,True
blocio,block,blocio,mid,1123,44,4.13,6191,True,True,True,True,3s,51,True
cynnu,light,cynnu,mid,1124,44,4.13,6206,True,True,True,True,3s,54,True
edwino,fade,edwino,mid,1125,44,4.13,6177,True,True,True,True,3s,54,True
gwenwyno,poison,gwenwyno,mid,1126,44,4.13,6193,True,True,True,True,3s,54,True
moderneiddio,modernise,moderneiddio,mid,1127,44,4.13,6186,True,True,True,True,3s,51,True
piso,piss,piso,mid,1128,44,4.13,6167,True,True,True,True,3s,54,True
sbario,spare,sbario,mid,1129,44,4.13,6190,True,True,True,True,3s,51,True
sglefrio,skate,sglefrio,mid,1130,44,4.13,6174,True,True,True,True,3s,51,True
torchi,coil,torchi,mid,1131,44,4.13,6162,True,True,True,True,3s,54,True
tyrru,heap,tyrru,mid,1132,44,4.13,6178,True,True,True,True,3s,55,True
atalnodi,punctuate,atalnodi,mid,1133,43,4.03,6253,True,True,True,True,3s,54,True
brasgamu,stride,brasgamu,mid,1134,43,4.03,6270,True,True,True,True,3s,60,True
cydbwyso,balance,cydbwyso,mid,1135,43,4.03,6275,True,True,True,True,3s,54,True
ecsbloetio,exploit,ecsbloetio,mid,1136,43,4.03,6284,True,True,True,True,3s,51,True
mwyara,blackberry,mwyara,mid,1137,43,4.03,6255,True,True,True,True,3s,58,True
ochri,support,ochri,mid,1138,43,4.03,6237,True,True,True,True,3s,54,True
pardduo,blacken,pardduo,mid,1139,43,4.03,6279,True,True,True,True,3s,54,True
rhodio,saunter,rhodio,mid,1140,43,4.03,6282,True,True,True,True,3s,51,True
sgwrio,scour,sgwrio,mid,1141,43,4.03,6259,True,True,True,True,3s,51,True
symbylu,motivate,symbylu,mid,1142,43,4.03,6231,True,True,True,True,3s,54,True
tiwnio,tune,tiwnio,mid,1143,43,4.03,6249,True,True,True,True,3s,51,True
apwyntio,appoint,apwyntio,mid,1144,42,3.94,6291,True,True,True,True,3s,51,True
clybio,club,clybio,mid,1145,42,3.94,6347,True,True,True,True,3s,51,True
crefu,implore,crefu,mid,1146,42,3.94,6301,True,True,True,True,3s,54,True
cyfareddu,bewitch,cyfareddu,mid,1147,42,3.94,6322,True,True,True,True,3s,54,True
erfyn,entreat,erfyn,mid,1148,42,3.94,6293,True,True,True,True,3s,51,True
hurio,hire,hurio,mid,1149,42,3.94,6333,True,True,True,True,3s,51,True
pentyrru,pile,pentyrru,mid,1150,42,3.94,6317,True,True,True,True,3s,54,True
siarsio,charge,siarsio,mid,1151,42,3.94,6325,True,True,True,True,3s,55,True
tonni,billow,tonni,mid,1152,42,3.94,6296,True,True,True,True,3s,54,True
ysgaru,divorce,ysgaru,mid,1153,42,3.94,6328,True,True,True,True,3s,54,True
brefu,bleat,brefu,mid,1154,41,3.85,6373,True,True,True,True,3s,54,True
britho,dapple,britho,mid,1155,41,3.85,6410,True,True,True,True,3s,55,True
cymhlethu,complicate,cymhlethu,mid,1156,41,3.85,6361,True,True,True,True,3s,51,True
delweddu,portray,delweddu,mid,1157,41,3.85,6353,True,True,True,True,3s,54,True
diogi,idle,diogi,mid,1158,41,3.85,6397,True,True,True,True,3s,54,True
gofidio,worry,gofidio,mid,1159,41,3.85,6388,True,True,True,True,3s,51,True
heintio,contaminate,heintio,mid,1160,41,3.85,6389,True,True,True,True,3s,51,True
hogi,whet,hogi,mid,1161,41,3.85,6369,True,True,True,True,3s,54,True
leinio,lash,leinio,mid,1162,41,3.85,6395,True,True,True,True,3s,51,True
unioni,straighten,unioni,mid,1163,41,3.85,6402,True,True,True,True,3s,54,True
ymbalfalu,grope,ymbalfalu,mid,1164,41,3.85,6393,True,True,True,True,3s,53,True
amgryptio,encrypt,amgryptio,mid,1165,40,3.75,6465,True,True,True,True,3s,51,True
chwyrlïo,whirl,chwyrlïo,mid,1166,40,3.75,6445,True,True,True,True,3s,51,True
cymreigio,cymricise,cymreigio,mid,1167,40,3.75,6436,True,True,True,True,3s,54,True
dedfrydu,sentence,dedfrydu,mid,1168,40,3.75,6460,True,True,True,True,3s,54,True
llygadu,eye,llygadu,mid,1169,40,3.75,6428,True,True,True,True,3s,58,True
pontio,bridge,pontio,mid,1170,40,3.75,6456,True,True,True,True,3s,51,True
pwno,hit,pwno,mid,1171,40,3.75,6421,True,True,True,True,3s,54,True
tyllu,perforate,tyllu,mid,1172,40,3.75,6431,True,True,True,True,3s,54,True
annerch,address,annerch,mid,1173,39,3.66,6473,True,True,True,True,3s,54,True
arwyddocáu,signify,arwyddocáu,mid,1174,39,3.66,6533,True,True,True,True,3s,51,True
clustnodi,earmark,clustnodi,mid,1175,39,3.66,6492,True,True,True,True,3s,54,True
cyffredinoli,generalise,cyffredinoli,mid,1176,39,3.66,6500,True,True,True,True,3s,54,True
datod,undo,datod,mid,1177,39,3.66,6499,True,True,True,True,3s,55,True
gwawdio,mock,gwawdio,mid,1178,39,3.66,6482,True,True,True,True,3s,51,True
hepgor,omit,hepgor,mid,1179,39,3.66,6501,True,True,True,True,3s,54,True
ledio,lead,ledio,mid,1180,39,3.66,6495,True,True,True,True,3s,51,True
martsio,march,martsio,mid,1181,39,3.66,6532,True,True,True,True,3s,51,True
perchnogi,possess,perchnogi,mid,1182,39,3.66,6530,True,True,True,True,3s,54,True
poethi,warm,poethi,mid,1183,39,3.66,6480,True,True,True,True,3s,54,True
trawsffurfio,transform,trawsffurfio,mid,1184,39,3.66,6491,True,True,True,True,3s,51,True
ymdoddi,melt,ymdoddi,mid,1185,39,3.66,6504,True,True,True,True,3s,55,True
arfogi,arm,arfogi,mid,1186,38,3.56,6605,True,True,True,True,3s,54,True
clero,frisk,clero,mid,1187,38,3.56,6586,True,True,True,True,3s,54,True
codio,code,codio,mid,1188,38,3.56,6604,True,True,True,True,3s,51,True
cymathu,assimilate,cymathu,mid,1189,38,3.56,6555,True,True,True,True,3s,54,True
cysidro,consider,cysidro,mid,1190,38,3.56,6549,True,True,True,True,3s,54,True
dadlennu,reveal,dadlennu,mid,1191,38,3.56,6589,True,True,True,True,3s,54,True
gwnïo,sew,gwnïo,mid,1192,38,3.56,6535,True,True,True,True,3s,51,True
llochesu,shelter,llochesu,mid,1193,38,3.56,6598,True,True,True,True,3s,54,True
parco,park,parco,mid,1194,38,3.56,6537,True,True,True,True,3s,54,True
streicio,go_on strike,streicio,mid,1195,38,3.56,6599,True,True,True,True,3s,51,True
ymdeimlo,feel,ymdeimlo,mid,1196,38,3.56,6610,True,True,True,True,3s,54,True
bagio,bag,bagio,mid,1197,37,3.47,6668,True,True,True,True,3s,51,True
busnesu,meddle,busnesu,mid,1198,37,3.47,6660,True,True,True,True,3s,54,True
cyfreithloni,legalise,cyfreithloni,mid,1199,37,3.47,6682,True,True,True,True,3s,54,True
dadfeilio,decline,dadfeilio,mid,1200,37,3.47,6647,True,True,True,True,3s,51,True
diwyro,straighten,diwyro,mid,1201,37,3.47,6678,True,True,True,True,3s,54,True
gweinidogaethu,minister,gweinidogaethu,mid,1202,37,3.47,6639,True,True,True,True,3s,54,True
gwresogi,heat,gwresogi,mid,1203,37,3.47,6641,True,True,True,True,3s,54,True
llewygu,faint,llewygu,mid,1204,37,3.47,6658,True,True,True,True,3s,54,True
rhagdybied,presume,rhagdybied,mid,1205,37,3.47,6670,True,True,True,True,3s,51,True
swnian,grumble,swnian,mid,1206,37,3.47,6657,True,True,True,True,3s,51,True
taranu,thunder,taranu,mid,1207,37,3.47,6663,True,True,True,True,3s,54,True
weiro,wire,weiro,mid,1208,37,3.47,6667,True,True,True,True,3s,54,True
ymryson,contend,ymryson,mid,1209,37,3.47,6628,True,True,True,True,3s,54,True
bragu,brew,bragu,mid,1210,36,3.38,6745,True,True,True,True,3s,56,True
byrlymu,bubble,byrlymu,mid,1211,36,3.38,6720,True,True,True,True,3s,54,True
camddehongli,misinterpret,camddehongli,mid,1212,36,3.38,6714,True,True,True,True,3s,54,True
camdrin,ill-treat,camdrin,mid,1213,36,3.38,6775,True,True,True,True,3s,51,True
chwistrellu,spray,chwistrellu,mid,1214,36,3.38,6706,True,True,True,True,3s,54,True
croeshoelio,crucify,croeshoelio,mid,1215,36,3.38,6773,True,True,True,True,3s,51,True
diddori,interest,diddori,mid,1216,36,3.38,6694,True,True,True,True,3s,54,True
esgor,give_birth,esgor,mid,1217,36,3.38,6710,True,True,True,True,3s,54,True
nacáu,refuse,nacáu,mid,1218,36,3.38,6769,True,True,True,True,3s,51,True
penglinio,kneel,penglinio,mid,1219,36,3.38,6768,True,True,True,True,3s,51,True
potsio,poach,potsio,mid,1220,36,3.38,6709,True,True,True,True,3s,51,True
pwyllo,consider,pwyllo,mid,1221,36,3.38,6776,True,True,True,True,3s,54,True
tristáu,sadden,tristáu,mid,1222,36,3.38,6731,True,True,True,True,3s,51,True
bodio,thumb,bodio,mid,1223,35,3.28,6795,True,True,True,True,3s,51,True
croesholi,cross-question,croesholi,mid,1224,35,3.28,6791,True,True,True,True,3s,54,True
cwpanu,cup,cwpanu,mid,1225,35,3.28,6811,True,True,True,True,3s,54,True
dyfnhau,deepen,dyfnhau,mid,1226,35,3.28,6855,True,True,True,True,3s,50,True
ffugio,falsify,ffugio,mid,1227,35,3.28,6825,True,True,True,True,3s,52,True
gweithgynhyrchu,produce,gweithgynhyrchu,mid,1228,35,3.28,6783,True,True,True,True,3s,51,True
gwladoli,nationalise,gwladoli,mid,1229,35,3.28,6851,True,True,True,True,3s,54,True
mwyngloddio,mine,mwyngloddio,mid,1230,35,3.28,6854,True,True,True,True,3s,54,True
rhagdybio,presume,rhagdybio,mid,1231,35,3.28,6809,True,True,True,True,3s,51,True
sgrialu,scramble,sgrialu,mid,1232,35,3.28,6832,True,True,True,True,3s,54,True
treio,ebb,treio,mid,1233,35,3.28,6830,True,True,True,True,3s,54,True
trywanu,pierce,trywanu,mid,1234,35,3.28,6829,True,True,True,True,3s,59,True
uwchraddio,upgrade,uwchraddio,mid,1235,35,3.28,6819,True,True,True,True,3s,51,True
ymresymu,reason,ymresymu,mid,1236,35,3.28,6870,True,True,True,True,3s,54,True
ysmygu,smoke,ysmygu,mid,1237,35,3.28,6845,True,True,True,True,3s,54,True
ailddefnyddio,reuse,ailddefnyddio,mid,1238,34,3.19,6879,True,True,True,True,3s,51,True
alinio,align,alinio,mid,1239,34,3.19,6911,True,True,True,True,3s,51,True
ceulo,coagulate,ceulo,mid,1240,34,3.19,6917,True,True,True,True,3s,54,True
crychu,wrinkle,crychu,mid,1241,34,3.19,6918,True,True,True,True,3s,54,True
dofi,tame,dofi,mid,1242,34,3.19,6881,True,True,True,True,3s,54,True
prydu,versify,prydu,mid,1243,34,3.19,6945,True,True,True,True,3s,54,True
treialu,trial,treialu,mid,1244,34,3.19,6926,True,True,True,True,3s,54,True
athronyddu,philosophise,athronyddu,mid,1245,33,3.1,6982,True,True,True,True,3s,54,True
awchu,whet,awchu,mid,1246,33,3.1,6990,True,True,True,True,3s,54,True
cogio,pretend,cogio,mid,1247,33,3.1,7001,True,True,True,True,3s,51,True
datgysylltu,disconnect,datgysylltu,mid,1248,33,3.1,6993,True,True,True,True,3s,54,True
digio,get_angry,digio,mid,1249,33,3.1,6964,True,True,True,True,3s,51,True
gorfoleddu,be_jubilant,gorfoleddu,mid,1250,33,3.1,6967,True,True,True,True,3s,54,True
gorlifo,overflow,gorlifo,mid,1251,33,3.1,6994,True,True,True,True,3s,54,True
gwarro,stoop,gwarro,mid,1252,33,3.1,7026,True,True,True,True,3s,54,True
hyderu,be_confident,hyderu,mid,1253,33,3.1,6961,True,True,True,True,3s,54,True
mwyhau,enlarge,mwyhau,mid,1254,33,3.1,7000,True,True,True,True,3s,51,True
offrymu,sacrifice,offrymu,mid,1255,33,3.1,6966,True,True,True,True,3s,54,True
pegio,peg,pegio,mid,1256,33,3.1,7016,True,True,True,True,3s,51,True
teilo,manure,teilo,mid,1257,33,3.1,6951,True,True,True,True,3s,54,True
cyffesu,confess,cyffesu,mid,1258,32,3.0,7111,True,True,True,True,3s,54,True
cyplysu,couple,cyplysu,mid,1259,32,3.0,7058,True,True,True,True,3s,54,True
erydu,erode,erydu,mid,1260,32,3.0,7066,True,True,True,True,3s,54,True
pyncio,intone,pyncio,mid,1261,32,3.0,7048,True,True,True,True,3s,51,True
siffrwd,rustle,siffrwd,mid,1262,32,3.0,7069,True,True,True,True,3s,54,True
trafaelio,labour,trafaelio,mid,1263,32,3.0,7083,True,True,True,True,3s,51,True
tyneru,soften,tyneru,mid,1264,32,3.0,7100,True,True,True,True,3s,54,True
aelodi,enrol,aelodi,mid,1265,31,2.91,7192,True,True,True,True,3s,54,True
ailwampio,rework,ailwampio,mid,1266,31,2.91,7171,True,True,True,True,3s,59,True
arnofio,float,arnofio,mid,1267,31,2.91,7139,True,True,True,True,3s,51,True
chwennych,desire,chwennych,mid,1268,31,2.91,7123,True,True,True,True,3s,56,True
cyrcydu,squat,cyrcydu,mid,1269,31,2.91,7143,True,True,True,True,3s,54,True
efengylu,evangelise,efengylu,mid,1270,31,2.91,7135,True,True,True,True,3s,54,True
egino,germinate,egino,mid,1271,31,2.91,7128,True,True,True,True,3s,54,True
eirio,snow,eirio,mid,1272,31,2.91,7194,True,True,True,True,3s,51,True
euro,gild,euro,mid,1273,31,2.91,7117,True,True,True,True,3s,54,True
gwladychu,colonise,gwladychu,mid,1274,31,2.91,7172,True,True,True,True,3s,54,True
gwrth-ddweud,contradict,gwrth-ddweud,mid,1275,31,2.91,7189,True,True,True,True,3s,54,True
haneru,halve,haneru,mid,1276,31,2.91,7132,True,True,True,True,3s,54,True
herwgipio,kidnap,herwgipio,mid,1277,31,2.91,7120,True,True,True,True,3s,51,True
nadu,hinder,nadu,mid,1278,31,2.91,7130,True,True,True,True,3s,108,True
poenydio,torture,poenydio,mid,1279,31,2.91,7155,True,True,True,True,3s,51,True
rhagflaenu,precede,rhagflaenu,mid,1280,31,2.91,7186,True,True,True,True,3s,54,True
sipian,sip,sipian,mid,1281,31,2.91,7146,True,True,True,True,3s,51,True
ymgodymu,wrestle,ymgodymu,mid,1282,31,2.91,7187,True,True,True,True,3s,54,True
ystumio,distort,ystumio,mid,1283,31,2.91,7157,True,True,True,True,3s,51,True
amaethu,cultivate,amaethu,mid,1284,30,2.81,7267,True,True,True,True,3s,54,True
anodi,annotate,anodi,mid,1285,30,2.81,7289,True,True,True,True,3s,54,True
atodi,append,atodi,mid,1286,30,2.81,7204,True,True,True,True,3s,54,True
brigo,sprout,brigo,mid,1287,30,2.81,7239,True,True,True,True,3s,54,True
canfasio,canvass,canfasio,mid,1288,30,2.81,7277,True,True,True,True,3s,51,True
cleio,put_clay on,cleio,mid,1289,30,2.81,7255,True,True,True,True,3s,51,True
cyfryngu,intervene,cyfryngu,mid,1290,30,2.81,7282,True,True,True,True,3s,54,True
didynnu,subtract,didynnu,mid,1291,30,2.81,7265,True,True,True,True,3s,54,True
dogni,ration,dogni,mid,1292,30,2.81,7264,True,True,True,True,3s,54,True
ennyn,kindle,ennyn,mid,1293,30,2.81,7200,True,True,True,True,3s,51,True
gwyntio,smell,gwyntio,mid,1294,30,2.81,7269,True,True,True,True,3s,51,True
gwyntyllu,ventilate,gwyntyllu,mid,1295,30,2.81,7234,True,True,True,True,3s,54,True
odli,rhyme,odli,mid,1296,30,2.81,7243,True,True,True,True,3s,54,True
pefrio,twinkle,pefrio,mid,1297,30,2.81,7231,True,True,True,True,3s,51,True
pryfocio,tease,pryfocio,mid,1298,30,2.81,7283,True,True,True,True,3s,51,True
sobri,sober_up,sobri,mid,1299,30,2.81,7238,True,True,True,True,3s,54,True
tolio,be_thrifty,tolio,mid,1300,30,2.81,7241,True,True,True,True,3s,51,True
ymbellhau,recede,ymbellhau,mid,1301,30,2.81,7208,True,True,True,True,3s,50,True
arallgyfeirio,redirect,arallgyfeirio,mid,1302,29,2.72,7292,True,True,True,True,3s,51,True
brechu,vaccinate,brechu,mid,1303,29,2.72,7351,True,True,True,True,3s,54,True
chwyldroi,revolve,chwyldroi,mid,1304,29,2.72,7339,True,True,True,True,3s,51,True
cylchdroi,rotate,cylchdroi,mid,1305,29,2.72,7345,True,True,True,True,3s,51,True
dieithrio,estrange,dieithrio,mid,1306,29,2.72,7363,True,True,True,True,3s,51,True
dyblygu,duplicate,dyblygu,mid,1307,29,2.72,7340,True,True,True,True,3s,55,True
dyfalbarhau,persist,dyfalbarhau,mid,1308,29,2.72,7321,True,True,True,True,3s,50,True
grwpio,group,grwpio,mid,1309,29,2.72,7349,True,True,True,True,3s,51,True
harddu,beautify,harddu,mid,1310,29,2.72,7299,True,True,True,True,3s,58,True
heglu,flee,heglu,mid,1311,29,2.72,7379,True,True,True,True,3s,54,True
hidio,heed,hidio,mid,1312,29,2.72,7342,True,True,True,True,3s,51,True
lluosi,multiply,lluosi,mid,1313,29,2.72,7338,True,True,True,True,3s,54,True
pellhau,recede,pellhau,mid,1314,29,2.72,7337,True,True,True,True,3s,50,True
peswch,cough,peswch,mid,1315,29,2.72,7295,True,True,True,True,3s,54,True
rhychwantu,span,rhychwantu,mid,1316,29,2.72,7325,True,True,True,True,3s,58,True
sboncio,bounce,sboncio,mid,1317,29,2.72,7324,True,True,True,True,3s,51,True
sisial,murmur,sisial,mid,1318,29,2.72,7362,True,True,True,True,3s,54,True
smygu,smoke,smygu,mid,1319,29,2.72,7298,True,True,True,True,3s,54,True
snwffian,sniff,snwffian,mid,1320,29,2.72,7382,True,True,True,True,3s,51,True
tystiolaethu,testify,tystiolaethu,mid,1321,29,2.72,7312,True,True,True,True,3s,54,True
adweithio,react,adweithio,mid,1322,28,2.63,7428,True,True,True,True,3s,51,True
ailddarlledu,rebroadcast,ailddarlledu,mid,1323,28,2.63,7466,True,True,True,True,3s,54,True
amgáu,enclose,amgáu,mid,1324,28,2.63,7391,True,True,True,True,3s,56,True
cribo,comb,cribo,mid,1325,28,2.63,7438,True,True,True,True,3s,54,True
darostwng,subjugate,darostwng,mid,1326,28,2.63,7440,True,True,True,True,3s,54,True
deisyfu,beseech,deisyfu,mid,1327,28,2.63,7458,True,True,True,True,3s,54,True
dynesu,approach,dynesu,mid,1328,28,2.63,7392,True,True,True,True,3s,54,True
gwrido,blush,gwrido,mid,1329,28,2.63,7399,True,True,True,True,3s,54,True
leicio,like,leicio,mid,1330,28,2.63,7401,True,True,True,True,3s,51,True
sadio,stabilise,sadio,mid,1331,28,2.63,7451,True,True,True,True,3s,51,True
wfftio,deride,wfftio,mid,1332,28,2.63,7400,True,True,True,True,3s,51,True
ymaddasu,adjust,ymaddasu,mid,1333,28,2.63,7457,True,True,True,True,3s,57,True
areithio,make_a speech,areithio,mid,1334,27,2.53,7502,True,True,True,True,3s,51,True
cartio,cart,cartio,mid,1335,27,2.53,7529,True,True,True,True,3s,51,True
cynnau,light,cynnau,mid,1336,27,2.53,7488,True,True,True,True,3s,54,True
cytundebu,make_a pact,cytundebu,mid,1337,27,2.53,7571,True,True,True,True,3s,54,True
dadlwytho,unload,dadlwytho,mid,1338,27,2.53,7494,True,True,True,True,3s,54,True
diawlio,curse,diawlio,mid,1339,27,2.53,7497,True,True,True,True,3s,51,True
ffidlan,fiddle,ffidlan,mid,1340,27,2.53,7496,True,True,True,True,3s,54,True
gwrthbrofi,disprove,gwrthbrofi,mid,1341,27,2.53,7521,True,True,True,True,3s,55,True
gwrthgyferbynnu,contrast,gwrthgyferbynnu,mid,1342,27,2.53,7566,True,True,True,True,3s,105,True
gwydro,glaze,gwydro,mid,1343,27,2.53,7533,True,True,True,True,3s,54,True
llafarganu,chant,llafarganu,mid,1344,27,2.53,7540,True,True,True,True,3s,58,True
llenydda,be_well-versed in literature,llenydda,mid,1345,27,2.53,7543,True,True,True,True,3s,54,True
mawrygu,glorify,mawrygu,mid,1346,27,2.53,7510,True,True,True,True,3s,54,True
piffio,snigger,piffio,mid,1347,27,2.53,7498,True,True,True,True,3s,51,True
pinio,pin,pinio,mid,1348,27,2.53,7542,True,True,True,True,3s,51,True
plagio,plague,plagio,mid,1349,27,2.53,7530,True,True,True,True,3s,51,True
pwnio,pound,pwnio,mid,1350,27,2.53,7485,True,True,True,True,3s,51,True
sefydlogi,stabilise,sefydlogi,mid,1351,27,2.53,7493,True,True,True,True,3s,54,True
stocio,stock,stocio,mid,1352,27,2.53,7545,True,True,True,True,3s,51,True
sylfaenu,base,sylfaenu,mid,1353,27,2.53,7538,True,True,True,True,3s,54,True
adalw,retrieve,adalw,mid,1354,26,2.44,7602,True,True,True,True,3s,56,True
ailfeddwl,rethink,ailfeddwl,mid,1355,26,2.44,7611,True,True,True,True,3s,53,True
ailgodi,re-erect,ailgodi,mid,1356,26,2.44,7587,True,True,True,True,3s,54,True
chwarteru,quarter,chwarteru,mid,1357,26,2.44,7633,True,True,True,True,3s,54,True
cwtáu,shorten,cwtáu,mid,1358,26,2.44,7600,True,True,True,True,3s,51,True
cydgyffwrdd,coincide,cydgyffwrdd,mid,1359,26,2.44,7669,True,True,True,True,3s,54,True
danto,daunt,danto,mid,1360,26,2.44,7612,True,True,True,True,3s,54,True
diarfogi,disarm,diarfogi,mid,1361,26,2.44,7645,True,True,True,True,3s,54,True
dinoethi,denude,dinoethi,mid,1362,26,2.44,7630,True,True,True,True,3s,54,True
erlid,pursue,erlid,mid,1363,26,2.44,7583,True,True,True,True,3s,51,True
pinsio,pinch,pinsio,mid,1364,26,2.44,7627,True,True,True,True,3s,51,True
rhaffu,rope,rhaffu,mid,1365,26,2.44,7581,True,True,True,True,3s,58,True
rhyngu,gratify,rhyngu,mid,1366,26,2.44,7614,True,True,True,True,3s,54,True
stiwardio,keep_watch,stiwardio,mid,1367,26,2.44,7653,True,True,True,True,3s,51,True
ymholi,inquire,ymholi,mid,1368,26,2.44,7646,True,True,True,True,3s,55,True
adnoddu,resource,adnoddu,mid,1369,25,2.34,7774,True,True,True,True,3s,54,True
bytheirio,threaten,bytheirio,mid,1370,25,2.34,7756,True,True,True,True,3s,51,True
cega,mouth,cega,mid,1371,25,2.34,7706,True,True,True,True,3s,54,True
crensian,crunch,crensian,mid,1372,25,2.34,7722,True,True,True,True,3s,51,True
cylchu,circle,cylchu,mid,1373,25,2.34,7676,True,True,True,True,3s,55,True
digolledu,compensate,digolledu,mid,1374,25,2.34,7693,True,True,True,True,3s,54,True
dwrdio,scold,dwrdio,mid,1375,25,2.34,7717,True,True,True,True,3s,51,True
feto,veto,feto,mid,1376,25,2.34,7678,True,True,True,True,3s,54,True
goddef,suffer,goddef,mid,1377,25,2.34,7708,True,True,True,True,3s,54,True
griddfan,groan,griddfan,mid,1378,25,2.34,7775,True,True,True,True,3s,54,True
hymian,hum,hymian,mid,1379,25,2.34,7707,True,True,True,True,3s,51,True
seisnigeiddio,anglicise,seisnigeiddio,mid,1380,25,2.34,7726,True,True,True,True,3s,51,True
wado,wallop,wado,mid,1381,25,2.34,7761,True,True,True,True,3s,54,True
weindio,wind,weindio,mid,1382,25,2.34,7773,True,True,True,True,3s,51,True
ymdrochi,soak,ymdrochi,mid,1383,25,2.34,7675,True,True,True,True,3s,54,True
ysgafnhau,lighten,ysgafnhau,mid,1384,25,2.34,7680,True,True,True,True,3s,50,True
adleoli,relocate,adleoli,mid,1385,24,2.25,7797,True,True,True,True,3s,54,True
arswydo,dread,arswydo,mid,1386,24,2.25,7814,True,True,True,True,3s,54,True
beichio,sob,beichio,mid,1387,24,2.25,7822,True,True,True,True,3s,51,True
byrhau,shorten,byrhau,mid,1388,24,2.25,7811,True,True,True,True,3s,50,True
cecru,quarrel,cecru,mid,1389,24,2.25,7876,True,True,True,True,3s,54,True
cyflyru,condition,cyflyru,mid,1390,24,2.25,7787,True,True,True,True,3s,54,True
cywilyddio,shame,cywilyddio,mid,1391,24,2.25,7789,True,True,True,True,3s,51,True
difodi,annihilate,difodi,mid,1392,24,2.25,7842,True,True,True,True,3s,54,True
dilorni,disparage,dilorni,mid,1393,24,2.25,7868,True,True,True,True,3s,54,True
erlyn,pursue,erlyn,mid,1394,24,2.25,7854,True,True,True,True,3s,54,True
ffeirio,barter,ffeirio,mid,1395,24,2.25,7805,True,True,True,True,3s,51,True
ffieiddio,detest,ffieiddio,mid,1396,24,2.25,7792,True,True,True,True,3s,51,True
gamblo,gamble,gamblo,mid,1397,24,2.25,7836,True,True,True,True,3s,54,True
glasu,become_verdant,glasu,mid,1398,24,2.25,7831,True,True,True,True,3s,58,True
llaesu,slacken,llaesu,mid,1399,24,2.25,7872,True,True,True,True,3s,54,True
malurio,break_into fragments,malurio,mid,1400,24,2.25,7786,True,True,True,True,3s,51,True
meincnodi,benchmark,meincnodi,mid,1401,24,2.25,7819,True,True,True,True,3s,54,True
pibo,have_diarrhoea,pibo,mid,1402,24,2.25,7894,True,True,True,True,3s,54,True
preswylio,reside,preswylio,mid,1403,24,2.25,7779,True,True,True,True,3s,51,True
pygu,caulk,pygu,mid,1404,24,2.25,7844,True,True,True,True,3s,54,True
siwglo,juggle,siwglo,mid,1405,24,2.25,7850,True,True,True,True,3s,54,True
ymdrinio,strive,ymdrinio,mid,1406,24,2.25,7840,True,True,True,True,3s,51,True
anesmwytho,become_restless,anesmwytho,mid,1407,23,2.16,7996,True,True,True,True,3s,54,True
anfarwoli,immortalise,anfarwoli,mid,1408,23,2.16,8004,True,True,True,True,3s,54,True
anobeithio,despair,anobeithio,mid,1409,23,2.16,7943,True,True,True,True,3s,51,True
anwesu,fondle,anwesu,mid,1410,23,2.16,7974,True,True,True,True,3s,54,True
arwisgo,enrobe,arwisgo,mid,1411,23,2.16,7908,True,True,True,True,3s,54,True
capio,cap,capio,mid,1412,23,2.16,7906,True,True,True,True,3s,51,True
consurio,conjure,consurio,mid,1413,23,2.16,7991,True,True,True,True,3s,51,True
crawcio,croak,crawcio,mid,1414,23,2.16,8010,True,True,True,True,3s,51,True
cweryla,quarrel,cweryla,mid,1415,23,2.16,8001,True,True,True,True,3s,54,True
cymylu,overshadow,cymylu,mid,1416,23,2.16,7975,True,True,True,True,3s,54,True
cywain,haul,cywain,mid,1417,23,2.16,7951,True,True,True,True,3s,51,True
dychanu,lampoon,dychanu,mid,1418,23,2.16,7931,True,True,True,True,3s,58,True
encilio,retreat,encilio,mid,1419,23,2.16,7944,True,True,True,True,3s,51,True
modrwyo,ring,modrwyo,mid,1420,23,2.16,7905,True,True,True,True,3s,54,True
mynegeio,index,mynegeio,mid,1421,23,2.16,7971,True,True,True,True,3s,54,True
parlysu,paralyse,parlysu,mid,1422,23,2.16,7983,True,True,True,True,3s,54,True
rhagfynegi,foretell,rhagfynegi,mid,1423,23,2.16,7927,True,True,True,True,3s,55,True
samplu,sample,samplu,mid,1424,23,2.16,8009,True,True,True,True,3s,54,True
tresio,trace,tresio,mid,1425,23,2.16,7932,True,True,True,True,3s,51,True
trugarhau,pity,trugarhau,mid,1426,23,2.16,8013,True,True,True,True,3s,50,True
amlhau,increase,amlhau,mid,1427,22,2.06,8078,True,True,True,True,3s,50,True
collfarnu,convict,collfarnu,mid,1428,22,2.06,8086,True,True,True,True,3s,56,True
cynefino,become_accustomed,cynefino,mid,1429,22,2.06,8065,True,True,True,True,3s,54,True
eiriol,implore,eiriol,mid,1430,22,2.06,8124,True,True,True,True,3s,54,True
ffinio,border_on,ffinio,mid,1431,22,2.06,8035,True,True,True,True,3s,51,True
ffrwytho,be_fruitful,ffrwytho,mid,1432,22,2.06,8048,True,True,True,True,3s,54,True
gogwyddo,incline,gogwyddo,mid,1433,22,2.06,8042,True,True,True,True,3s,54,True
gwacáu,empty,gwacáu,mid,1434,22,2.06,8088,True,True,True,True,3s,51,True
gwrthdystio,protest,gwrthdystio,mid,1435,22,2.06,8075,True,True,True,True,3s,51,True
melltithio,curse,melltithio,mid,1436,22,2.06,8061,True,True,True,True,3s,51,True
mewnbynnu,input,mewnbynnu,mid,1437,22,2.06,8102,True,True,True,True,3s,54,True
milwrio,militate,milwrio,mid,1438,22,2.06,8103,True,True,True,True,3s,51,True
mopio,mope,mopio,mid,1439,22,2.06,8063,True,True,True,True,3s,51,True
prydferthu,beautify,prydferthu,mid,1440,22,2.06,8025,True,True,True,True,3s,54,True
stampio,stamp,stampio,mid,1441,22,2.06,8043,True,True,True,True,3s,51,True
strancio,throw_a tantrum,strancio,mid,1442,22,2.06,8036,True,True,True,True,3s,51,True
waldio,thrash,waldio,mid,1443,22,2.06,8067,True,True,True,True,3s,51,True
wincio,wink,wincio,mid,1444,22,2.06,8084,True,True,True,True,3s,51,True
ailymddangos,reappear,ailymddangos,mid,1445,21,1.97,8169,True,True,True,True,3s,55,True
blaguro,sprout,blaguro,mid,1446,21,1.97,8208,True,True,True,True,3s,54,True
braenaru,fallow,braenaru,mid,1447,21,1.97,8136,True,True,True,True,3s,56,True
breichio,link_arms,breichio,mid,1448,21,1.97,8188,True,True,True,True,3s,51,True
bywiogi,animate,bywiogi,mid,1449,21,1.97,8149,True,True,True,True,3s,54,True
crasu,bake,crasu,mid,1450,21,1.97,8190,True,True,True,True,3s,60,True
cyd-dynnu,act_in harmony,cyd-dynnu,mid,1451,21,1.97,8255,True,True,True,True,3s,54,True
cynnull,gather,cynnull,mid,1452,21,1.97,8225,True,True,True,True,3s,51,True
darnio,tear,darnio,mid,1453,21,1.97,8180,True,True,True,True,3s,55,True
dirmygu,despise,dirmygu,mid,1454,21,1.97,8158,True,True,True,True,3s,54,True
diwreiddio,uproot,diwreiddio,mid,1455,21,1.97,8243,True,True,True,True,3s,51,True
dympio,dump,dympio,mid,1456,21,1.97,8159,True,True,True,True,3s,51,True
eilio,second,eilio,mid,1457,21,1.97,8182,True,True,True,True,3s,51,True
gwareiddio,civilise,gwareiddio,mid,1458,21,1.97,8239,True,True,True,True,3s,51,True
lefelu,level,lefelu,mid,1459,21,1.97,8163,True,True,True,True,3s,54,True
llarpio,devour,llarpio,mid,1460,21,1.97,8179,True,True,True,True,3s,51,True
marchogaeth,ride,marchogaeth,mid,1461,21,1.97,8217,True,True,True,True,3s,55,True
mwmian,mutter,mwmian,mid,1462,21,1.97,8172,True,True,True,True,3s,54,True
padlo,paddle,padlo,mid,1463,21,1.97,8230,True,True,True,True,3s,51,True
paffio,box,paffio,mid,1464,21,1.97,8154,True,True,True,True,3s,51,True
prinhau,diminish,prinhau,mid,1465,21,1.97,8238,True,True,True,True,3s,50,True
sgwario,square,sgwario,mid,1466,21,1.97,8231,True,True,True,True,3s,51,True
switsio,switch,switsio,mid,1467,21,1.97,8209,True,True,True,True,3s,51,True
ysbeilio,plunder,ysbeilio,mid,1468,21,1.97,8134,True,True,True,True,3s,51,True
ysgeintio,sprinkle,ysgeintio,mid,1469,21,1.97,8194,True,True,True,True,3s,51,True
yswirio,insure,yswirio,mid,1470,21,1.97,8224,True,True,True,True,3s,51,True
ailddarllen,reread,ailddarllen,mid,1471,20,1.88,8292,True,True,True,True,3s,54,True
ailosod,reset,ailosod,mid,1472,20,1.88,8309,True,True,True,True,3s,54,True
ailymuno,rejoin,ailymuno,mid,1473,20,1.88,8277,True,True,True,True,3s,54,True
allyrru,emit,allyrru,mid,1474,20,1.88,8348,True,True,True,True,3s,54,True
bacio,back,bacio,mid,1475,20,1.88,8291,True,True,True,True,3s,51,True
batio,bat,batio,mid,1476,20,1.88,8365,True,True,True,True,3s,51,True
contractio,contract,contractio,mid,1477,20,1.88,8268,True,True,True,True,3s,51,True
cripian,crawl,cripian,mid,1478,20,1.88,8415,True,True,True,True,3s,51,True
cydganu,sing_together,cydganu,mid,1479,20,1.88,8371,True,True,True,True,3s,58,True
cydweddu,conform,cydweddu,mid,1480,20,1.88,8404,True,True,True,True,3s,55,True
cyfannu,integrate,cyfannu,mid,1481,20,1.88,8265,True,True,True,True,3s,58,True
cyfodi,lift,cyfodi,mid,1482,20,1.88,8289,True,True,True,True,3s,54,True
dadbacio,unpack,dadbacio,mid,1483,20,1.88,8281,True,True,True,True,3s,51,True
gefeillio,twin,gefeillio,mid,1484,20,1.88,8287,True,True,True,True,3s,51,True
gogoneddu,glorify,gogoneddu,mid,1485,20,1.88,8408,True,True,True,True,3s,54,True
gostegu,pacify,gostegu,mid,1486,20,1.88,8382,True,True,True,True,3s,54,True
halogi,sully,halogi,mid,1487,20,1.88,8358,True,True,True,True,3s,54,True
harneisio,harness,harneisio,mid,1488,20,1.88,8344,True,True,True,True,3s,51,True
jocan,joke,jocan,mid,1489,20,1.88,8411,True,True,True,True,3s,51,True
maglu,snare,maglu,mid,1490,20,1.88,8313,True,True,True,True,3s,58,True
mendio,remedy,mendio,mid,1491,20,1.88,8366,True,True,True,True,3s,51,True
nerthu,strengthen,nerthu,mid,1492,20,1.88,8409,True,True,True,True,3s,54,True
rhagnodi,prescribe,rhagnodi,mid,1493,20,1.88,8342,True,True,True,True,3s,54,True
rhygnu,grate,rhygnu,mid,1494,20,1.88,8308,True,True,True,True,3s,54,True
saernïo,fashion,saernïo,mid,1495,20,1.88,8322,True,True,True,True,3s,51,True
talfyrru,abbreviate,talfyrru,mid,1496,20,1.88,8400,True,True,True,True,3s,54,True
tendio,tend,tendio,mid,1497,20,1.88,8296,True,True,True,True,3s,51,True
tostio,toast,tostio,mid,1498,20,1.88,8269,True,True,True,True,3s,51,True
tresmasu,trespass,tresmasu,mid,1499,20,1.88,8374,True,True,True,True,3s,54,True
tycio,tuck,tycio,mid,1500,20,1.88,8414,True,True,True,True,3s,56,True
tywysu,lead,tywysu,mid,1501,20,1.88,8373,True,True,True,True,3s,54,True
ymdaflu,vault,ymdaflu,mid,1502,20,1.88,8314,True,True,True,True,3s,59,True
ymffrostio,brag,ymffrostio,mid,1503,20,1.88,8386,True,True,True,True,3s,51,True
ymgrymu,bow,ymgrymu,mid,1504,20,1.88,8405,True,True,True,True,3s,54,True
aberu,flow_into,aberu,mid,1505,19,1.78,8550,True,True,True,True,3s,54,True
adneuo,deposit,adneuo,mid,1506,19,1.78,8499,True,True,True,True,3s,54,True
ailstrwythuro,restructure,ailstrwythuro,mid,1507,19,1.78,8481,True,True,True,True,3s,54,True
brodio,embroider,brodio,mid,1508,19,1.78,8486,True,True,True,True,3s,51,True
camwario,squander,camwario,mid,1509,19,1.78,8476,True,True,True,True,3s,51,True
caroli,carol,caroli,mid,1510,19,1.78,8561,True,True,True,True,3s,54,True
castio,cast,castio,mid,1511,19,1.78,8559,True,True,True,True,3s,51,True
ciniawa,dine,ciniawa,mid,1512,19,1.78,8515,True,True,True,True,3s,53,True
clocsio,clatter,clocsio,mid,1513,19,1.78,8436,True,True,True,True,3s,51,True
cynio,gouge,cynio,mid,1514,19,1.78,8482,True,True,True,True,3s,51,True
damnio,damn,damnio,mid,1515,19,1.78,8548,True,True,True,True,3s,51,True
deialu,dial,deialu,mid,1516,19,1.78,8480,True,True,True,True,3s,58,True
dodrefnu,furnish,dodrefnu,mid,1517,19,1.78,8498,True,True,True,True,3s,54,True
drwgdybio,distrust,drwgdybio,mid,1518,19,1.78,8485,True,True,True,True,3s,51,True
edifarhau,repent,edifarhau,mid,1519,19,1.78,8541,True,True,True,True,3s,50,True
ewyllysio,will,ewyllysio,mid,1520,19,1.78,8532,True,True,True,True,3s,51,True
halltu,salt,halltu,mid,1521,19,1.78,8470,True,True,True,True,3s,54,True
hisian,hiss,hisian,mid,1522,19,1.78,8526,True,True,True,True,3s,51,True
llewyrchu,illuminate,llewyrchu,mid,1523,19,1.78,8428,True,True,True,True,3s,54,True
morthwylio,hammer,morthwylio,mid,1524,19,1.78,8443,True,True,True,True,3s,51,True
noswylio,rest_at night,noswylio,mid,1525,19,1.78,8519,True,True,True,True,3s,51,True
nyddu,spin_yarn,nyddu,mid,1526,19,1.78,8502,True,True,True,True,3s,54,True
powlio,bowl,powlio,mid,1527,19,1.78,8567,True,True,True,True,3s,51,True
sblasio,splash,sblasio,mid,1528,19,1.78,8505,True,True,True,True,3s,51,True
tipian,tick,tipian,mid,1529,19,1.78,8518,True,True,True,True,3s,51,True
trafaelu,labour,trafaelu,mid,1530,19,1.78,8545,True,True,True,True,3s,54,True
trotian,trot,trotian,mid,1531,19,1.78,8506,True,True,True,True,3s,51,True
trwmpo,trump,trwmpo,mid,1532,19,1.78,8508,True,True,True,True,3s,54,True
ymdeithio,march,ymdeithio,mid,1533,19,1.78,8459,True,True,True,True,3s,51,True
ymlafnio,strive,ymlafnio,mid,1534,19,1.78,8551,True,True,True,True,3s,51,True
ymwthio,strive,ymwthio,mid,1535,19,1.78,8501,True,True,True,True,3s,51,True
aildrefnu,rearrange,aildrefnu,mid,1536,18,1.69,8648,True,True,True,True,3s,54,True
anrheithio,plunder,anrheithio,mid,1537,18,1.69,8586,True,True,True,True,3s,51,True
anwylo,fondle,anwylo,mid,1538,18,1.69,8606,True,True,True,True,3s,54,True
arglwyddiaethu,govern,arglwyddiaethu,mid,1539,18,1.69,8592,True,True,True,True,3s,54,True
beichiogi,conceive,beichiogi,mid,1540,18,1.69,8585,True,True,True,True,3s,54,True
brawddegu,phrase,brawddegu,mid,1541,18,1.69,8626,True,True,True,True,3s,54,True
brawychu,terrify,brawychu,mid,1542,18,1.69,8613,True,True,True,True,3s,54,True
cablu,blaspheme,cablu,mid,1543,18,1.69,8622,True,True,True,True,3s,56,True
caboli,shine,caboli,mid,1544,18,1.69,8611,True,True,True,True,3s,54,True
cyfarth,bark,cyfarth,mid,1545,18,1.69,8619,True,True,True,True,3s,54,True
dadelfennu,decompose,dadelfennu,mid,1546,18,1.69,8655,True,True,True,True,3s,54,True
daearu,entomb,daearu,mid,1547,18,1.69,8683,True,True,True,True,3s,58,True
deor,hatch,deor,mid,1548,18,1.69,8664,True,True,True,True,3s,54,True
dibrisio,despise,dibrisio,mid,1549,18,1.69,8591,True,True,True,True,3s,51,True
difrïo,malign,difrïo,mid,1550,18,1.69,8632,True,True,True,True,3s,51,True
enghreifftio,exemplify,enghreifftio,mid,1551,18,1.69,8718,True,True,True,True,3s,51,True
llifeirio,stream,llifeirio,mid,1552,18,1.69,8673,True,True,True,True,3s,51,True
llythyru,correspond,llythyru,mid,1553,18,1.69,8702,True,True,True,True,3s,54,True
maethu,rear,maethu,mid,1554,18,1.69,8706,True,True,True,True,3s,54,True
merthyru,martyr,merthyru,mid,1555,18,1.69,8661,True,True,True,True,3s,54,True
moduro,motor,moduro,mid,1556,18,1.69,8669,True,True,True,True,3s,54,True
perchenogi,possess,perchenogi,mid,1557,18,1.69,8710,True,True,True,True,3s,54,True
pleidio,support,pleidio,mid,1558,18,1.69,8615,True,True,True,True,3s,51,True
plicio,pluck,plicio,mid,1559,18,1.69,8635,True,True,True,True,3s,51,True
rhynnu,shiver,rhynnu,mid,1560,18,1.69,8675,True,True,True,True,3s,54,True
seisnigo,anglicise,seisnigo,mid,1561,18,1.69,8602,True,True,True,True,3s,54,True
sianelu,direct,sianelu,mid,1562,18,1.69,8577,True,True,True,True,3s,54,True
simsan,totter,simsan,mid,1563,18,1.69,8705,True,True,True,True,3s,54,True
teilyngu,deserve,teilyngu,mid,1564,18,1.69,8703,True,True,True,True,3s,54,True
wfftian,deride,wfftian,mid,1565,18,1.69,8707,True,True,True,True,3s,51,True
ailddatblygu,redevelop,ailddatblygu,mid,1566,17,1.59,8733,True,True,True,True,3s,54,True
ailgreu,recreate,ailgreu,mid,1567,17,1.59,8755,True,True,True,True,3s,54,True
amharchu,dishonour,amharchu,mid,1568,17,1.59,8787,True,True,True,True,3s,57,True
atynnu,attract,atynnu,mid,1569,17,1.59,8743,True,True,True,True,3s,54,True
baeddu,soil,baeddu,mid,1570,17,1.59,8751,True,True,True,True,3s,54,True
camfihafio,misbehave,camfihafio,mid,1571,17,1.59,8845,True,True,True,True,3s,51,True
canlyn,follow,canlyn,mid,1572,17,1.59,8754,True,True,True,True,3s,56,True
cydredeg,coincide,cydredeg,mid,1573,17,1.59,8797,True,True,True,True,3s,54,True
cyffelybu,compare,cyffelybu,mid,1574,17,1.59,8838,True,True,True,True,3s,54,True
delfrydu,idealise,delfrydu,mid,1575,17,1.59,8899,True,True,True,True,3s,54,True
difenwi,revile,difenwi,mid,1576,17,1.59,8784,True,True,True,True,3s,54,True
diheintio,disinfect,diheintio,mid,1577,17,1.59,8732,True,True,True,True,3s,51,True
drensio,dose,drensio,mid,1578,17,1.59,8891,True,True,True,True,3s,51,True
dyweddïo,betroth,dyweddïo,mid,1579,17,1.59,8868,True,True,True,True,3s,51,True
eillio,shave,eillio,mid,1580,17,1.59,8827,True,True,True,True,3s,51,True
gorbwysleisio,overemphasise,gorbwysleisio,mid,1581,17,1.59,8872,True,True,True,True,3s,51,True
gorlenwi,overfill,gorlenwi,mid,1582,17,1.59,8856,True,True,True,True,3s,51,True
gorthrymu,overcome,gorthrymu,mid,1583,17,1.59,8851,True,True,True,True,3s,54,True
gwrthbwyso,counterbalance,gwrthbwyso,mid,1584,17,1.59,8804,True,True,True,True,3s,54,True
hercian,limp,hercian,mid,1585,17,1.59,8748,True,True,True,True,3s,51,True
llythyra,correspond,llythyra,mid,1586,17,1.59,8881,True,True,True,True,3s,54,True
maeddu,conquer,maeddu,mid,1587,17,1.59,8878,True,True,True,True,3s,54,True
maesu,field,maesu,mid,1588,17,1.59,8901,True,True,True,True,3s,54,True
melynu,yellow,melynu,mid,1589,17,1.59,8837,True,True,True,True,3s,54,True
mwmial,mutter,mwmial,mid,1590,17,1.59,8897,True,True,True,True,3s,54,True
pwffian,puff,pwffian,mid,1591,17,1.59,8811,True,True,True,True,3s,51,True
pwytho,stitch,pwytho,mid,1592,17,1.59,8791,True,True,True,True,3s,54,True
rhochian,grunt,rhochian,mid,1593,17,1.59,8893,True,True,True,True,3s,51,True
sodro,solder,sodro,mid,1594,17,1.59,8862,True,True,True,True,3s,54,True
trethu,tax,trethu,mid,1595,17,1.59,8750,True,True,True,True,3s,54,True
trimio,trim,trimio,mid,1596,17,1.59,8884,True,True,True,True,3s,51,True
ailddiffinio,redefine,ailddiffinio,mid,1597,16,1.5,9050,True,True,True,True,3s,51,True
brychu,fleck,brychu,mid,1598,16,1.5,9060,True,True,True,True,3s,55,True
bustachu,blunder_about,bustachu,mid,1599,16,1.5,8917,True,True,True,True,3s,54,True
calchu,lime,calchu,mid,1600,16,1.5,9059,True,True,True,True,3s,58,True
dirwyo,fine,dirwyo,mid,1601,16,1.5,8997,True,True,True,True,3s,54,True
dosrannu,parse,dosrannu,mid,1602,16,1.5,9040,True,True,True,True,3s,55,True
dyfrhau,water,dyfrhau,mid,1603,16,1.5,9058,True,True,True,True,3s,50,True
ebillio,bore,ebillio,mid,1604,16,1.5,8931,True,True,True,True,3s,51,True
ehedeg,fly,ehedeg,mid,1605,16,1.5,8941,True,True,True,True,3s,54,True
ffarmio,farm,ffarmio,mid,1606,16,1.5,9054,True,True,True,True,3s,51,True
ffensio,fence,ffensio,mid,1607,16,1.5,8967,True,True,True,True,3s,51,True
fflamio,flare,fflamio,mid,1608,16,1.5,8943,True,True,True,True,3s,51,True
gwelwi,dim,gwelwi,mid,1609,16,1.5,9065,True,True,True,True,3s,54,True
jocian,joke,jocian,mid,1610,16,1.5,8986,True,True,True,True,3s,51,True
pendwmpio,doze,pendwmpio,mid,1611,16,1.5,8923,True,True,True,True,3s,51,True
plastro,plaster,plastro,mid,1612,16,1.5,8985,True,True,True,True,3s,54,True
prancio,prance,prancio,mid,1613,16,1.5,8981,True,True,True,True,3s,51,True
rhamantu,romanticise,rhamantu,mid,1614,16,1.5,8924,True,True,True,True,3s,54,True
ymbilio,implore,ymbilio,mid,1615,16,1.5,8978,True,True,True,True,3s,51,True
ymlusgo,crawl,ymlusgo,mid,1616,16,1.5,8976,True,True,True,True,3s,54,True
ail-lunio,redraw,ail-lunio,mid,1617,15,1.41,9170,True,True,True,True,3s,51,True
ailgynllunio,replan,ailgynllunio,mid,1618,15,1.41,9193,True,True,True,True,3s,51,True
ailsefydlu,reestablish,ailsefydlu,mid,1619,15,1.41,9243,True,True,True,True,3s,54,True
alaru,alarm,alaru,mid,1620,15,1.41,9152,True,True,True,True,3s,54,True
amcanu,aim,amcanu,mid,1621,15,1.41,9105,True,True,True,True,3s,59,True
brecio,brake,brecio,mid,1622,15,1.41,9189,True,True,True,True,3s,51,True
chwerwi,become_bitter,chwerwi,mid,1623,15,1.41,9229,True,True,True,True,3s,54,True
cilagor,half-open,cilagor,mid,1624,15,1.41,9270,True,True,True,True,3s,55,True
coladu,collate,coladu,mid,1625,15,1.41,9139,True,True,True,True,3s,54,True
cornelu,corner,cornelu,mid,1626,15,1.41,9122,True,True,True,True,3s,54,True
creithio,scar,creithio,mid,1627,15,1.41,9191,True,True,True,True,3s,51,True
cylchredeg,circulate,cylchredeg,mid,1628,15,1.41,9204,True,True,True,True,3s,54,True
datgorffori,disincorporate,datgorffori,mid,1629,15,1.41,9274,True,True,True,True,3s,54,True
diraddio,degrade,diraddio,mid,1630,15,1.41,9098,True,True,True,True,3s,51,True
distrywio,destroy,distrywio,mid,1631,15,1.41,9217,True,True,True,True,3s,51,True
enwaedu,circumcise,enwaedu,mid,1632,15,1.41,9235,True,True,True,True,3s,54,True
esgymuno,excommunicate,esgymuno,mid,1633,15,1.41,9216,True,True,True,True,3s,54,True
fflyrtio,fflirt,fflyrtio,mid,1634,15,1.41,9269,True,True,True,True,3s,51,True
gloddesta,carouse,gloddesta,mid,1635,15,1.41,9138,True,True,True,True,3s,54,True
grwgnach,grumble,grwgnach,mid,1636,15,1.41,9099,True,True,True,True,3s,54,True
gwehyddu,weave,gwehyddu,mid,1637,15,1.41,9085,True,True,True,True,3s,54,True
llidio,provoke,llidio,mid,1638,15,1.41,9213,True,True,True,True,3s,51,True
llonyddu,pacify,llonyddu,mid,1639,15,1.41,9133,True,True,True,True,3s,54,True
llyffetheirio,fetter,llyffetheirio,mid,1640,15,1.41,9112,True,True,True,True,3s,51,True
llythrennu,form_letters,llythrennu,mid,1641,15,1.41,9222,True,True,True,True,3s,54,True
maentumio,sustain,maentumio,mid,1642,15,1.41,9236,True,True,True,True,3s,51,True
pipio,peep,pipio,mid,1643,15,1.41,9066,True,True,True,True,3s,51,True
rhechu,fart,rhechu,mid,1644,15,1.41,9127,True,True,True,True,3s,54,True
simsanu,totter,simsanu,mid,1645,15,1.41,9218,True,True,True,True,3s,58,True
sniffian,sniff,sniffian,mid,1646,15,1.41,9119,True,True,True,True,3s,51,True
tebygu,liken,tebygu,mid,1647,15,1.41,9188,True,True,True,True,3s,54,True
torheulo,sunbathe,torheulo,mid,1648,15,1.41,9196,True,True,True,True,3s,54,True
tramwyo,traverse,tramwyo,mid,1649,15,1.41,9078,True,True,True,True,3s,54,True
trapio,trap,trapio,mid,1650,15,1.41,9125,True,True,True,True,3s,51,True
trawsblannu,transplant,trawsblannu,mid,1651,15,1.41,9111,True,True,True,True,3s,57,True
ymboeni,take_pains,ymboeni,mid,1652,15,1.41,9219,True,True,True,True,3s,54,True
ymgilio,retreat,ymgilio,mid,1653,15,1.41,9154,True,True,True,True,3s,51,True
ymprydio,fast,ymprydio,mid,1654,15,1.41,9140,True,True,True,True,3s,51,True
ysgyrnygu,snarl,ysgyrnygu,mid,1655,15,1.41,9271,True,True,True,True,3s,54,True
ystwytho,flex,ystwytho,mid,1656,15,1.41,9074,True,True,True,True,3s,54,True
ailgyfeirio,re-refer,ailgyfeirio,mid,1657,14,1.31,9363,True,True,True,True,3s,52,True
bylchu,breach,bylchu,mid,1658,14,1.31,9440,True,True,True,True,3s,54,True
byrddio,board,byrddio,mid,1659,14,1.31,9391,True,True,True,True,3s,51,True
chwarterio,quarter,chwarterio,mid,1660,14,1.31,9319,True,True,True,True,3s,51,True
coluro,colour,coluro,mid,1661,14,1.31,9299,True,True,True,True,3s,54,True
cydadrodd,recite_together,cydadrodd,mid,1662,14,1.31,9470,True,True,True,True,3s,55,True
cymedroli,moderate,cymedroli,mid,1663,14,1.31,9306,True,True,True,True,3s,54,True
cynddeiriogi,enrage,cynddeiriogi,mid,1664,14,1.31,9384,True,True,True,True,3s,54,True
dadebru,revive,dadebru,mid,1665,14,1.31,9390,True,True,True,True,3s,54,True
deilio,leaf,deilio,mid,1666,14,1.31,9298,True,True,True,True,3s,51,True
deisebu,petition,deisebu,mid,1667,14,1.31,9422,True,True,True,True,3s,54,True
gweryru,whinny,gweryru,mid,1668,14,1.31,9467,True,True,True,True,3s,54,True
llonni,gladden,llonni,mid,1669,14,1.31,9417,True,True,True,True,3s,51,True
medi,reap,medi,mid,1670,14,1.31,9277,True,True,True,True,3s,54,True
meimio,mime,meimio,mid,1671,14,1.31,9300,True,True,True,True,3s,51,True
melysu,sweeten,melysu,mid,1672,14,1.31,9349,True,True,True,True,3s,54,True
moliannu,praise,moliannu,mid,1673,14,1.31,9310,True,True,True,True,3s,55,True
negeseua,negotiate,negeseua,mid,1674,14,1.31,9395,True,True,True,True,3s,54,True
newynu,starve,newynu,mid,1675,14,1.31,9283,True,True,True,True,3s,54,True
pastio,paste,pastio,mid,1676,14,1.31,9394,True,True,True,True,3s,51,True
poblogeiddio,popularise,poblogeiddio,mid,1677,14,1.31,9382,True,True,True,True,3s,51,True
prifio,flourish,prifio,mid,1678,14,1.31,9404,True,True,True,True,3s,51,True
rheibio,bewitch,rheibio,mid,1679,14,1.31,9343,True,True,True,True,3s,51,True
sarsio,charge,sarsio,mid,1680,14,1.31,9369,True,True,True,True,3s,51,True
tafoli,balance,tafoli,mid,1681,14,1.31,9453,True,True,True,True,3s,54,True
tannu,spread,tannu,mid,1682,14,1.31,9368,True,True,True,True,3s,54,True
treblu,treble,treblu,mid,1683,14,1.31,9414,True,True,True,True,3s,54,True
tynghedu,swear,tynghedu,mid,1684,14,1.31,9345,True,True,True,True,3s,51,True
ymagor,yawn,ymagor,mid,1685,14,1.31,9452,True,True,True,True,3s,55,True
ymbaratoi,make_ready,ymbaratoi,mid,1686,14,1.31,9408,True,True,True,True,3s,51,True
ymdawelu,fall_silent,ymdawelu,mid,1687,14,1.31,9347,True,True,True,True,3s,54,True
ymroddi,devote_oneself,ymroddi,mid,1688,14,1.31,9370,True,True,True,True,3s,54,True
analluogi,disable,analluogi,mid,1689,13,1.22,9614,True,True,True,True,3s,54,True
anturio,venture,anturio,mid,1690,13,1.22,9653,True,True,True,True,3s,51,True
blingo,skin,blingo,mid,1691,13,1.22,9535,True,True,True,True,3s,54,True
carpedu,carpet,carpedu,mid,1692,13,1.22,9570,True,True,True,True,3s,54,True
clipio,clip,clipio,mid,1693,13,1.22,9651,True,True,True,True,3s,51,True
crafangu,claw,crafangu,mid,1694,13,1.22,9590,True,True,True,True,3s,58,True
cymoni,adapt,cymoni,mid,1695,13,1.22,9675,True,True,True,True,3s,54,True
damwain,befall,damwain,mid,1696,13,1.22,9478,True,True,True,True,3s,51,True
dirprwyo,deputise,dirprwyo,mid,1697,13,1.22,9619,True,True,True,True,3s,55,True
dygnu,molest,dygnu,mid,1698,13,1.22,9485,True,True,True,True,3s,54,True
dyrnod,pound,dyrnod,mid,1699,13,1.22,9638,True,True,True,True,3s,54,True
edliw,upbraid,edliw,mid,1700,13,1.22,9668,True,True,True,True,3s,51,True
ffwndro,bewilder,ffwndro,mid,1701,13,1.22,9543,True,True,True,True,3s,54,True
gorffwyso,rest,gorffwyso,mid,1702,13,1.22,9571,True,True,True,True,3s,54,True
gwaelu,deteriorate,gwaelu,mid,1703,13,1.22,9613,True,True,True,True,3s,54,True
gwamalu,vacillate,gwamalu,mid,1704,13,1.22,9611,True,True,True,True,3s,55,True
gwlana,gather_wool,gwlana,mid,1705,13,1.22,9537,True,True,True,True,3s,54,True
hadu,seed,hadu,mid,1706,13,1.22,9545,True,True,True,True,3s,58,True
helaethu,enlarge,helaethu,mid,1707,13,1.22,9557,True,True,True,True,3s,54,True
hepian,nod_off,hepian,mid,1708,13,1.22,9691,True,True,True,True,3s,51,True
hwpo,ram,hwpo,mid,1709,13,1.22,9654,True,True,True,True,3s,54,True
mewian,mew,mewian,mid,1710,13,1.22,9677,True,True,True,True,3s,51,True
rhesymegu,think_logically,rhesymegu,mid,1711,13,1.22,9634,True,True,True,True,3s,54,True
stwnsio,mash,stwnsio,mid,1712,13,1.22,9539,True,True,True,True,3s,52,True
synio,think,synio,mid,1713,13,1.22,9602,True,True,True,True,3s,51,True
tincio,tinkle,tincio,mid,1714,13,1.22,9666,True,True,True,True,3s,51,True
tomennu,pile,tomennu,mid,1715,13,1.22,9578,True,True,True,True,3s,54,True
traflyncu,guzzle,traflyncu,mid,1716,13,1.22,9600,True,True,True,True,3s,54,True
ymaflyd,grapple,ymaflyd,mid,1717,13,1.22,9584,True,True,True,True,3s,54,True
ailfformatio,reformat,ailfformatio,mid,1718,12,1.13,9918,True,True,True,True,3s,51,True
ailgyflwyno,reintroduce,ailgyflwyno,mid,1719,12,1.13,9852,True,True,True,True,3s,54,True
ailgyhoeddi,republish,ailgyhoeddi,mid,1720,12,1.13,9749,True,True,True,True,3s,54,True
boddhau,please,boddhau,mid,1721,12,1.13,9893,True,True,True,True,3s,50,True
cloncio,clank,cloncio,mid,1722,12,1.13,9721,True,True,True,True,3s,51,True
culhau,narrow,culhau,mid,1723,12,1.13,9887,True,True,True,True,3s,50,True
cyfogi,vomit,cyfogi,mid,1724,12,1.13,9848,True,True,True,True,3s,54,True
cylchlythyru,circularise,cylchlythyru,mid,1725,12,1.13,9819,True,True,True,True,3s,54,True
cymuno,communicate,cymuno,mid,1726,12,1.13,9744,True,True,True,True,3s,54,True
dargyfeirio,diverge,dargyfeirio,mid,1727,12,1.13,9823,True,True,True,True,3s,51,True
diddyfnu,wean,diddyfnu,mid,1728,12,1.13,9866,True,True,True,True,3s,54,True
drachtio,quaff,drachtio,mid,1729,12,1.13,9837,True,True,True,True,3s,51,True
echdynnu,extract,echdynnu,mid,1730,12,1.13,9813,True,True,True,True,3s,54,True
fformatio,format,fformatio,mid,1731,12,1.13,9773,True,True,True,True,3s,51,True
ffosileiddio,fossilise,ffosileiddio,mid,1732,12,1.13,9877,True,True,True,True,3s,51,True
gwrthweithio,react,gwrthweithio,mid,1733,12,1.13,9799,True,True,True,True,3s,51,True
helpio,help,helpio,mid,1734,12,1.13,9879,True,True,True,True,3s,51,True
hypnoteiddio,hypnotise,hypnoteiddio,mid,1735,12,1.13,9875,True,True,True,True,3s,51,True
meintoli,quantify,meintoli,mid,1736,12,1.13,9928,True,True,True,True,3s,54,True
merlota,ponytrek,merlota,mid,1737,12,1.13,9761,True,True,True,True,3s,54,True
moesymgrymu,curtsy,moesymgrymu,mid,1738,12,1.13,9714,True,True,True,True,3s,54,True
mogi,smother,mogi,mid,1739,12,1.13,9854,True,True,True,True,3s,54,True
mudferwi,poach,mudferwi,mid,1740,12,1.13,9771,True,True,True,True,3s,54,True
picellu,spear,picellu,mid,1741,12,1.13,9874,True,True,True,True,3s,54,True
piclo,pickle,piclo,mid,1742,12,1.13,9784,True,True,True,True,3s,54,True
plotio,plot,plotio,mid,1743,12,1.13,9772,True,True,True,True,3s,51,True
sgori,score,sgori,mid,1744,12,1.13,9915,True,True,True,True,3s,54,True
sgrinio,screen,sgrinio,mid,1745,12,1.13,9844,True,True,True,True,3s,51,True
sgrwbio,scrub,sgrwbio,mid,1746,12,1.13,9850,True,True,True,True,3s,51,True
siafio,shave,siafio,mid,1747,12,1.13,9906,True,True,True,True,3s,51,True
siapo,shape,siapo,mid,1748,12,1.13,9801,True,True,True,True,3s,54,True
siario,share,siario,mid,1749,12,1.13,9740,True,True,True,True,3s,51,True
tadogi,attribute,tadogi,mid,1750,12,1.13,9855,True,True,True,True,3s,54,True
topio,block_up,topio,mid,1751,12,1.13,9885,True,True,True,True,3s,51,True
traenio,drain,traenio,mid,1752,12,1.13,9894,True,True,True,True,3s,51,True
ymadrodd,converse,ymadrodd,mid,1753,12,1.13,9736,True,True,True,True,3s,55,True
ymgynnull,assemble,ymgynnull,mid,1754,12,1.13,9742,True,True,True,True,3s,51,True
addunedu,vow,addunedu,mid,1755,11,1.03,9986,True,True,True,True,3s,54,True
ailedrych,look_again,ailedrych,mid,1756,11,1.03,10150,True,True,True,True,3s,54,True
amgyffred,comprehend,amgyffred,mid,1757,11,1.03,9940,True,True,True,True,3s,54,True
andwyo,spoil,andwyo,mid,1758,11,1.03,10012,True,True,True,True,3s,54,True
ardystio,pledge,ardystio,mid,1759,11,1.03,10145,True,True,True,True,3s,52,True
arholi,examine,arholi,mid,1760,11,1.03,10095,True,True,True,True,3s,54,True
camsillafu,mis-spell,camsillafu,mid,1761,11,1.03,9957,True,True,True,True,3s,62,True
cawna,gather_reeds,cawna,mid,1762,11,1.03,10099,True,True,True,True,3s,54,True
chwedleua,tell_a tale,chwedleua,mid,1763,11,1.03,10091,True,True,True,True,3s,54,True
difwyno,violate,difwyno,mid,1764,11,1.03,10175,True,True,True,True,3s,54,True
draenio,drain,draenio,mid,1765,11,1.03,10119,True,True,True,True,3s,51,True
esmwytho,alleviate,esmwytho,mid,1766,11,1.03,10009,True,True,True,True,3s,54,True
jacio,jack,jacio,mid,1767,11,1.03,9991,True,True,True,True,3s,51,True
lluosogi,multiply,lluosogi,mid,1768,11,1.03,9974,True,True,True,True,3s,54,True
llurgunio,mutilate,llurgunio,mid,1769,11,1.03,10087,True,True,True,True,3s,51,True
llwydo,become_mouldy,llwydo,mid,1770,11,1.03,9972,True,True,True,True,3s,54,True
nychu,vex,nychu,mid,1771,11,1.03,10179,True,True,True,True,3s,54,True
proffesu,profess,proffesu,mid,1772,11,1.03,10115,True,True,True,True,3s,54,True
sgathru,cut,sgathru,mid,1773,11,1.03,10180,True,True,True,True,3s,54,True
sgriblo,scribble,sgriblo,mid,1774,11,1.03,10080,True,True,True,True,3s,54,True
sodli,follow_on the heel,sodli,mid,1775,11,1.03,9985,True,True,True,True,3s,54,True
sorri,sulk,sorri,mid,1776,11,1.03,10065,True,True,True,True,3s,54,True
symio,assess,symio,mid,1777,11,1.03,10142,True,True,True,True,3s,51,True
tra-arglwyddiaethu,domineer,tra-arglwyddiaethu,mid,1778,11,1.03,10094,True,True,True,True,3s,54,True
trengi,perish,trengi,mid,1779,11,1.03,9998,True,True,True,True,3s,54,True
ymrannu,split_up,ymrannu,mid,1780,11,1.03,10048,True,True,True,True,3s,58,True
ysigo,sprain,ysigo,mid,1781,11,1.03,10086,True,True,True,True,3s,54,True
ailchwarae,replay,ailchwarae,mid,1782,10,0.94,10264,True,True,True,True,3s,56,True
ailgysylltu,reconnect,ailgysylltu,mid,1783,10,0.94,10265,True,True,True,True,3s,54,True
anfonebu,invoice,anfonebu,mid,1784,10,0.94,10393,True,True,True,True,3s,54,True
anweddu,evaporate,anweddu,mid,1785,10,0.94,10333,True,True,True,True,3s,54,True
arthio,growl,arthio,mid,1786,10,0.94,10443,True,True,True,True,3s,51,True
braslunio,sketch,braslunio,mid,1787,10,0.94,10250,True,True,True,True,3s,52,True
byddaru,deafen,byddaru,mid,1788,10,0.94,10442,True,True,True,True,3s,58,True
bywhau,animate,bywhau,mid,1789,10,0.94,10284,True,True,True,True,3s,50,True
cardota,beg,cardota,mid,1790,10,0.94,10187,True,True,True,True,3s,54,True
celcio,conceal,celcio,mid,1791,10,0.94,10424,True,True,True,True,3s,52,True
clocio,clock,clocio,mid,1792,10,0.94,10217,True,True,True,True,3s,51,True
cocio,cock,cocio,mid,1793,10,0.94,10197,True,True,True,True,3s,51,True
corni,become_hard,corni,mid,1794,10,0.94,10218,True,True,True,True,3s,54,True
crefyddu,worship,crefyddu,mid,1795,10,0.94,10342,True,True,True,True,3s,54,True
cwrian,cower,cwrian,mid,1796,10,0.94,10359,True,True,True,True,3s,51,True
cydaddoli,co-worship,cydaddoli,mid,1797,10,0.94,10209,True,True,True,True,3s,54,True
cyfreithio,litigate,cyfreithio,mid,1798,10,0.94,10320,True,True,True,True,3s,51,True
cymudo,commute,cymudo,mid,1799,10,0.94,10206,True,True,True,True,3s,54,True
cynghreirio,ally,cynghreirio,mid,1800,10,0.94,10345,True,True,True,True,3s,51,True
cyniwair,frequent,cyniwair,mid,1801,10,0.94,10234,True,True,True,True,3s,51,True
diwyllio,enlighten,diwyllio,mid,1802,10,0.94,10398,True,True,True,True,3s,51,True
ergydio,strike,ergydio,mid,1803,10,0.94,10328,True,True,True,True,3s,51,True
gludio,glue,gludio,mid,1804,10,0.94,10384,True,True,True,True,3s,51,True
gorliwio,exaggerate,gorliwio,mid,1805,10,0.94,10204,True,True,True,True,3s,51,True
goryrru,speed,goryrru,mid,1806,10,0.94,10267,True,True,True,True,3s,54,True
gwefreiddio,electrify,gwefreiddio,mid,1807,10,0.94,10414,True,True,True,True,3s,51,True
gwellhau,improve,gwellhau,mid,1808,10,0.94,10352,True,True,True,True,3s,50,True
gwysio,summon,gwysio,mid,1809,10,0.94,10260,True,True,True,True,3s,51,True
hagru,disfigure,hagru,mid,1810,10,0.94,10188,True,True,True,True,3s,54,True
hwylfyrddio,sailboard,hwylfyrddio,mid,1811,10,0.94,10296,True,True,True,True,3s,51,True
inswleiddio,insulate,inswleiddio,mid,1812,10,0.94,10245,True,True,True,True,3s,51,True
llesu,be_advantageous,llesu,mid,1813,10,0.94,10273,True,True,True,True,3s,54,True
llwybro,walk,llwybro,mid,1814,10,0.94,10318,True,True,True,True,3s,54,True
machlud,set,machlud,mid,1815,10,0.94,10190,True,True,True,True,3s,54,True
pwrcasu,purchase,pwrcasu,mid,1816,10,0.94,10397,True,True,True,True,3s,54,True
rhaeadru,cascade,rhaeadru,mid,1817,10,0.94,10325,True,True,True,True,3s,54,True
rhentio,rent,rhentio,mid,1818,10,0.94,10355,True,True,True,True,3s,51,True
rhuddo,scorch,rhuddo,mid,1819,10,0.94,10413,True,True,True,True,3s,54,True
sancteiddio,sanctify,sancteiddio,mid,1820,10,0.94,10435,True,True,True,True,3s,51,True
seboni,soap,seboni,mid,1821,10,0.94,10226,True,True,True,True,3s,54,True
staenio,stain,staenio,mid,1822,10,0.94,10246,True,True,True,True,3s,51,True
stampo,stamp,stampo,mid,1823,10,0.94,10437,True,True,True,True,3s,54,True
stumogi,stomach,stumogi,mid,1824,10,0.94,10201,True,True,True,True,3s,54,True
synied,think,synied,mid,1825,10,0.94,10362,True,True,True,True,3s,51,True
tosturio,pity,tosturio,mid,1826,10,0.94,10383,True,True,True,True,3s,51,True
ymddihatru,undress,ymddihatru,mid,1827,10,0.94,10324,True,True,True,True,3s,53,True
ymostwng,bow,ymostwng,mid,1828,10,0.94,10319,True,True,True,True,3s,54,True
ymserchu,cherish,ymserchu,mid,1829,10,0.94,10351,True,True,True,True,3s,54,True
ymson,soliloquise,ymson,mid,1830,10,0.94,10210,True,True,True,True,3s,54,True
ysgothi,defecate,ysgothi,mid,1831,10,0.94,10421,True,True,True,True,3s,54,True
ysgythru,etch,ysgythru,mid,1832,10,0.94,10216,True,True,True,True,3s,54,True
ailbriodi,remarry,ailbriodi,mid,1833,9,0.84,10463,True,True,True,True,3s,54,True
amnewid,replace,amnewid,mid,1834,9,0.84,10479,True,True,True,True,3s,54,True
anffurfio,deform,anffurfio,mid,1835,9,0.84,10614,True,True,True,True,3s,51,True
anghydweld,disagree,anghydweld,mid,1836,9,0.84,10613,True,True,True,True,3s,51,True
atafaelu,sequester,atafaelu,low,1837,9,0.84,10664,True,True,True,True,3s,54,True
benthycio,borrow,benthycio,low,1838,9,0.84,10528,True,True,True,True,3s,51,True
bolltio,bolt,bolltio,low,1839,9,0.84,10701,True,True,True,True,3s,51,True
breintio,honour,breintio,low,1840,9,0.84,10612,True,True,True,True,3s,51,True
calibro,calibrate,calibro,low,1841,9,0.84,10474,True,True,True,True,3s,54,True
clafychu,sicken,clafychu,low,1842,9,0.84,10638,True,True,True,True,3s,54,True
clepio,tattle,clepio,low,1843,9,0.84,10728,True,True,True,True,3s,51,True
cneua,gather_nuts,cneua,low,1844,9,0.84,10458,True,True,True,True,3s,54,True
colbio,thrash,colbio,low,1845,9,0.84,10635,True,True,True,True,3s,51,True
conach,grumble,conach,low,1846,9,0.84,10624,True,True,True,True,3s,54,True
croesgyfeirio,cross-refer,croesgyfeirio,low,1847,9,0.84,10721,True,True,True,True,3s,51,True
cyfanwerthu,wholesale,cyfanwerthu,low,1848,9,0.84,10537,True,True,True,True,3s,54,True
cyseinio,alliterate,cyseinio,low,1849,9,0.84,10546,True,True,True,True,3s,51,True
cysodi,typeset,cysodi,low,1850,9,0.84,10596,True,True,True,True,3s,56,True
cyweirio,set_in order,cyweirio,low,1851,9,0.84,10466,True,True,True,True,3s,51,True
dial,take_revenge,dial,low,1852,9,0.84,10531,True,True,True,True,3s,59,True
diboblogi,depopulate,diboblogi,low,1853,9,0.84,10653,True,True,True,True,3s,54,True
enynnu,kindle,enynnu,low,1854,9,0.84,10563,True,True,True,True,3s,54,True
etifeddio,inherit,etifeddio,low,1855,9,0.84,10649,True,True,True,True,3s,51,True
ffromi,rage,ffromi,low,1856,9,0.84,10633,True,True,True,True,3s,54,True
ffwdanu,fuss,ffwdanu,low,1857,9,0.84,10542,True,True,True,True,3s,54,True
ffyrnigo,infuriate,ffyrnigo,low,1858,9,0.84,10700,True,True,True,True,3s,54,True
gaeafu,winter,gaeafu,low,1859,9,0.84,10484,True,True,True,True,3s,54,True
gorboethi,overheat,gorboethi,low,1860,9,0.84,10661,True,True,True,True,3s,54,True
hambygio,tease,hambygio,low,1861,9,0.84,10708,True,True,True,True,3s,52,True
llabyddio,stone,llabyddio,low,1862,9,0.84,10652,True,True,True,True,3s,51,True
llygadrythu,stare,llygadrythu,low,1863,9,0.84,10470,True,True,True,True,3s,54,True
llymeitian,sip,llymeitian,low,1864,9,0.84,10699,True,True,True,True,3s,51,True
mowldio,mould,mowldio,low,1865,9,0.84,10498,True,True,True,True,3s,51,True
pelydru,radiate,pelydru,low,1866,9,0.84,10541,True,True,True,True,3s,54,True
pererindota,go_on a pilgrimage,pererindota,low,1867,9,0.84,10616,True,True,True,True,3s,54,True
poblogi,populate,poblogi,low,1868,9,0.84,10585,True,True,True,True,3s,54,True
rhwdu,rust,rhwdu,low,1869,9,0.84,10707,True,True,True,True,3s,54,True
serfio,serve,serfio,low,1870,9,0.84,10710,True,True,True,True,3s,51,True
sgrapio,scrape,sgrapio,low,1871,9,0.84,10658,True,True,True,True,3s,51,True
swpera,eat_supper,swpera,low,1872,9,0.84,10676,True,True,True,True,3s,54,True
tindroi,loiter,tindroi,low,1873,9,0.84,10514,True,True,True,True,3s,51,True
trymhau,grow_heavy,trymhau,low,1874,9,0.84,10577,True,True,True,True,3s,50,True
tymheru,temper,tymheru,low,1875,9,0.84,10655,True,True,True,True,3s,51,True
ymbincio,put_on makeup,ymbincio,low,1876,9,0.84,10468,True,True,True,True,3s,51,True
aduno,reunite,aduno,low,1877,8,0.75,11078,True,True,True,True,3s,54,True
amgylchu,surround,amgylchu,low,1878,8,0.75,10856,True,True,True,True,3s,54,True
boddro,bother,boddro,low,1879,8,0.75,10857,True,True,True,True,3s,54,True
cenfigennu,envy,cenfigennu,low,1880,8,0.75,10959,True,True,True,True,3s,51,True
clegru,tattle,clegru,low,1881,8,0.75,10802,True,True,True,True,3s,54,True
compostio,compost,compostio,low,1882,8,0.75,10908,True,True,True,True,3s,51,True
cyfaddasu,adapt,cyfaddasu,low,1883,8,0.75,10816,True,True,True,True,3s,57,True
cynadledda,attend_conferences,cynadledda,low,1884,8,0.75,10852,True,True,True,True,3s,54,True
dibennu,conclude,dibennu,low,1885,8,0.75,10946,True,True,True,True,3s,54,True
dirymu,nullify,dirymu,low,1886,8,0.75,10853,True,True,True,True,3s,54,True
diystyried,despise,diystyried,low,1887,8,0.75,10917,True,True,True,True,3s,51,True
driblo,dribble,driblo,low,1888,8,0.75,10834,True,True,True,True,3s,54,True
eplesu,ferment,eplesu,low,1889,8,0.75,10945,True,True,True,True,3s,54,True
erchi,request,erchi,low,1890,8,0.75,11070,True,True,True,True,3s,48,True
ffrwythloni,fertilise,ffrwythloni,low,1891,8,0.75,11003,True,True,True,True,3s,54,True
glafoerio,slaver,glafoerio,low,1892,8,0.75,10832,True,True,True,True,3s,51,True
gwanychu,weaken,gwanychu,low,1893,8,0.75,10993,True,True,True,True,3s,54,True
hwrio,whore,hwrio,low,1894,8,0.75,11051,True,True,True,True,3s,51,True
llinellu,delineate,llinellu,low,1895,8,0.75,11061,True,True,True,True,3s,54,True
loncian,jog,loncian,low,1896,8,0.75,10799,True,True,True,True,3s,51,True
lordio,lord_it,lordio,low,1897,8,0.75,11093,True,True,True,True,3s,51,True
nadreddu,snake,nadreddu,low,1898,8,0.75,10902,True,True,True,True,3s,54,True
negyddu,negate,negyddu,low,1899,8,0.75,10807,True,True,True,True,3s,54,True
oeni,lamb,oeni,low,1900,8,0.75,11065,True,True,True,True,3s,54,True
penlinio,kneel,penlinio,low,1901,8,0.75,11068,True,True,True,True,3s,51,True
sacio,sack,sacio,low,1902,8,0.75,10922,True,True,True,True,3s,51,True
sawru,smell,sawru,low,1903,8,0.75,10951,True,True,True,True,3s,56,True
segura,idle,segura,low,1904,8,0.75,11048,True,True,True,True,3s,54,True
sennu,taunt,sennu,low,1905,8,0.75,10819,True,True,True,True,3s,54,True
smyglo,smuggle,smyglo,low,1906,8,0.75,10919,True,True,True,True,3s,54,True
staeno,stain,staeno,low,1907,8,0.75,10782,True,True,True,True,3s,54,True
sychedu,thirst,sychedu,low,1908,8,0.75,11026,True,True,True,True,3s,54,True
teneuo,slim,teneuo,low,1909,8,0.75,10836,True,True,True,True,3s,54,True
treinio,train,treinio,low,1910,8,0.75,11067,True,True,True,True,3s,51,True
tresbasu,trespass,tresbasu,low,1911,8,0.75,11018,True,True,True,True,3s,54,True
wincian,wink,wincian,low,1912,8,0.75,11094,True,True,True,True,3s,51,True
ymgeleddu,succour,ymgeleddu,low,1913,8,0.75,10774,True,True,True,True,3s,54,True
ymlynu,pursue,ymlynu,low,1914,8,0.75,11057,True,True,True,True,3s,54,True
ymsythu,swagger,ymsythu,low,1915,8,0.75,10909,True,True,True,True,3s,54,True
ysbïo,look,ysbïo,low,1916,8,0.75,11032,True,True,True,True,3s,51,True
adlamu,rebound,adlamu,low,1917,7,0.66,11497,True,True,True,True,3s,59,True
afradu,spoil,afradu,low,1918,7,0.66,11326,True,True,True,True,3s,52,True
ailfeddiannu,repossess,ailfeddiannu,low,1919,7,0.66,11172,True,True,True,True,3s,58,True
barbio,clip_hedge,barbio,low,1920,7,0.66,11353,True,True,True,True,3s,51,True
bricio,brick,bricio,low,1921,7,0.66,11188,True,True,True,True,3s,51,True
cilwenu,smirk,cilwenu,low,1922,7,0.66,11533,True,True,True,True,3s,54,True
clemio,patch,clemio,low,1923,7,0.66,11186,True,True,True,True,3s,51,True
cnulio,clamour,cnulio,low,1924,7,0.66,11487,True,True,True,True,3s,51,True
corffori,embody,corffori,low,1925,7,0.66,11270,True,True,True,True,3s,54,True
corlannu,pen,corlannu,low,1926,7,0.66,11373,True,True,True,True,3s,61,True
creuloni,become_cruel,creuloni,low,1927,7,0.66,11297,True,True,True,True,3s,54,True
crino,wither,crino,low,1928,7,0.66,11528,True,True,True,True,3s,54,True
cydolygu,edit_jointly,cydolygu,low,1929,7,0.66,11428,True,True,True,True,3s,54,True
cyfeiriannu,orienteer,cyfeiriannu,low,1930,7,0.66,11126,True,True,True,True,3s,54,True
cyfrifiaduro,computerise,cyfrifiaduro,low,1931,7,0.66,11324,True,True,True,True,3s,54,True
cyplu,couple,cyplu,low,1932,7,0.66,11507,True,True,True,True,3s,54,True
cystwyo,chastise,cystwyo,low,1933,7,0.66,11371,True,True,True,True,3s,54,True
cythru,rush,cythru,low,1934,7,0.66,11532,True,True,True,True,3s,54,True
dadflino,refresh,dadflino,low,1935,7,0.66,11235,True,True,True,True,3s,54,True
dadwisgo,undress,dadwisgo,low,1936,7,0.66,11379,True,True,True,True,3s,54,True
democrateiddio,democratise,democrateiddio,low,1937,7,0.66,11346,True,True,True,True,3s,51,True
dipo,dip,dipo,low,1938,7,0.66,11452,True,True,True,True,3s,54,True
dirgrynu,vibrate,dirgrynu,low,1939,7,0.66,11494,True,True,True,True,3s,54,True
donio,endow,donio,low,1940,7,0.66,11342,True,True,True,True,3s,51,True
dreflu,drivel,dreflu,low,1941,7,0.66,11110,True,True,True,True,3s,54,True
drifftio,drift,drifftio,low,1942,7,0.66,11425,True,True,True,True,3s,51,True
drygu,wrong,drygu,low,1943,7,0.66,11486,True,True,True,True,3s,54,True
dwyso,compress,dwyso,low,1944,7,0.66,11147,True,True,True,True,3s,54,True
dyblo,double,dyblo,low,1945,7,0.66,11337,True,True,True,True,3s,54,True
dyhuddo,appease,dyhuddo,low,1946,7,0.66,11478,True,True,True,True,3s,54,True
dylifo,flow,dylifo,low,1947,7,0.66,11394,True,True,True,True,3s,54,True
eidduno,beseech,eidduno,low,1948,7,0.66,11455,True,True,True,True,3s,54,True
eirioli,implore,eirioli,low,1949,7,0.66,11304,True,True,True,True,3s,54,True
encil,retreat,encil,low,1950,7,0.66,11209,True,True,True,True,3s,51,True
fflangellu,scourge,fflangellu,low,1951,7,0.66,11310,True,True,True,True,3s,54,True
fflatio,flatten,fflatio,low,1952,7,0.66,11499,True,True,True,True,3s,51,True
glastwreiddio,dilute,glastwreiddio,low,1953,7,0.66,11141,True,True,True,True,3s,51,True
godinebu,fornicate,godinebu,low,1954,7,0.66,11374,True,True,True,True,3s,54,True
gorlwytho,overload,gorlwytho,low,1955,7,0.66,11204,True,True,True,True,3s,54,True
hedo,fly,hedo,low,1956,7,0.66,11505,True,True,True,True,3s,54,True
hwtian,hoot,hwtian,low,1957,7,0.66,11265,True,True,True,True,3s,51,True
lasio,lash,lasio,low,1958,7,0.66,11476,True,True,True,True,3s,51,True
llocio,pen,llocio,low,1959,7,0.66,11434,True,True,True,True,3s,51,True
llwya,spoon,llwya,low,1960,7,0.66,11191,True,True,True,True,3s,54,True
llyfnhau,level,llyfnhau,low,1961,7,0.66,11253,True,True,True,True,3s,50,True
mwydo,steep,mwydo,low,1962,7,0.66,11189,True,True,True,True,3s,54,True
pedlera,peddle,pedlera,low,1963,7,0.66,11168,True,True,True,True,3s,54,True
peillio,pollinate,peillio,low,1964,7,0.66,11156,True,True,True,True,3s,51,True
plaenio,plane,plaenio,low,1965,7,0.66,11392,True,True,True,True,3s,51,True
planta,beget,planta,low,1966,7,0.66,11418,True,True,True,True,3s,54,True
potio,tipple,potio,low,1967,7,0.66,11491,True,True,True,True,3s,51,True
rheiddio,radiate,rheiddio,low,1968,7,0.66,11301,True,True,True,True,3s,51,True
sbeitio,spite,sbeitio,low,1969,7,0.66,11120,True,True,True,True,3s,51,True
sgriblan,scribble,sgriblan,low,1970,7,0.66,11215,True,True,True,True,3s,54,True
sirioli,gladden,sirioli,low,1971,7,0.66,11290,True,True,True,True,3s,54,True
swcro,give_refuge,swcro,low,1972,7,0.66,11139,True,True,True,True,3s,54,True
tewychu,fatten,tewychu,low,1973,7,0.66,11192,True,True,True,True,3s,54,True
tirlunio,landscape,tirlunio,low,1974,7,0.66,11231,True,True,True,True,3s,51,True
tolli,charge_a toll,tolli,low,1975,7,0.66,11480,True,True,True,True,3s,54,True
trolio,cart,trolio,low,1976,7,0.66,11273,True,True,True,True,3s,51,True
trwyno,nose,trwyno,low,1977,7,0.66,11481,True,True,True,True,3s,54,True
ymdreiddio,pervade,ymdreiddio,low,1978,7,0.66,11140,True,True,True,True,3s,51,True
ymdroi,loiter,ymdroi,low,1979,7,0.66,11313,True,True,True,True,3s,51,True
ymdrybaeddu,wallow,ymdrybaeddu,low,1980,7,0.66,11284,True,True,True,True,3s,55,True
ymgomio,converse,ymgomio,low,1981,7,0.66,11340,True,True,True,True,3s,51,True
ymgyfoethogi,enrich_oneself,ymgyfoethogi,low,1982,7,0.66,11442,True,True,True,True,3s,54,True
ymgysegru,devote_oneself,ymgysegru,low,1983,7,0.66,11345,True,True,True,True,3s,54,True
ymochel,avoid,ymochel,low,1984,7,0.66,11236,True,True,True,True,3s,54,True
ymollwng,collapse,ymollwng,low,1985,7,0.66,11523,True,True,True,True,3s,54,True
ymyrru,interfere,ymyrru,low,1986,7,0.66,11228,True,True,True,True,3s,55,True
addef,admit,addef,low,1987,6,0.56,11972,True,True,True,True,3s,55,True
adfeilio,decay,adfeilio,low,1988,6,0.56,11696,True,True,True,True,3s,51,True
aflunio,distort,aflunio,low,1989,6,0.56,11941,True,True,True,True,3s,52,True
ailgyflogi,rehire,ailgyflogi,low,1990,6,0.56,11673,True,True,True,True,3s,54,True
ailwneud,do,ailwneud,low,1991,6,0.56,11875,True,True,True,True,3s,65,True
anwytho,induce,anwytho,low,1992,6,0.56,11635,True,True,True,True,3s,54,True
botymu,button,botymu,low,1993,6,0.56,11894,True,True,True,True,3s,54,True
breuo,become_brittle,breuo,low,1994,6,0.56,11682,True,True,True,True,3s,54,True
carpio,tear,carpio,low,1995,6,0.56,11944,True,True,True,True,3s,51,True
clatsian,crackle,clatsian,low,1996,6,0.56,11970,True,True,True,True,3s,51,True
cnecu,jar,cnecu,low,1997,6,0.56,11619,True,True,True,True,3s,54,True
cordeddu,twine,cordeddu,low,1998,6,0.56,11756,True,True,True,True,3s,54,True
cwnnu,rise,cwnnu,low,1999,6,0.56,11572,True,True,True,True,3s,61,True
cyboli,talk_nonsense,cyboli,low,2000,6,0.56,11706,True,True,True,True,3s,54,True
cydfyw,live_together,cydfyw,low,2001,6,0.56,11903,True,True,True,True,3s,51,True
cydgerdded,accompany,cydgerdded,low,2002,6,0.56,11979,True,True,True,True,3s,54,True
cydoesi,be_contemporary,cydoesi,low,2003,6,0.56,11762,True,True,True,True,3s,54,True
cyfarpar,prepare,cyfarpar,low,2004,6,0.56,11544,True,True,True,True,3s,58,True
cyfathrachu,mix,cyfathrachu,low,2005,6,0.56,11751,True,True,True,True,3s,58,True
cyfosod,juxtapose,cyfosod,low,2006,6,0.56,11570,True,True,True,True,3s,54,True
datglymu,untie,datglymu,low,2007,6,0.56,11968,True,True,True,True,3s,55,True
difrifoli,become_serious,difrifoli,low,2008,6,0.56,11608,True,True,True,True,3s,54,True
digoni,suffice,digoni,low,2009,6,0.56,11632,True,True,True,True,3s,54,True
dipio,dip,dipio,low,2010,6,0.56,11775,True,True,True,True,3s,51,True
distyllu,distil,distyllu,low,2011,6,0.56,11567,True,True,True,True,3s,54,True
disychedu,slake_thirst,disychedu,low,2012,6,0.56,11752,True,True,True,True,3s,54,True
eneinio,anoint,eneinio,low,2013,6,0.56,11934,True,True,True,True,3s,51,True
ffurfweddu,configure,ffurfweddu,low,2014,6,0.56,11985,True,True,True,True,3s,54,True
gleidio,glide,gleidio,low,2015,6,0.56,11914,True,True,True,True,3s,51,True
gordderchu,ravish,gordderchu,low,2016,6,0.56,11930,True,True,True,True,3s,54,True
gorgyffwrdd,overlap,gorgyffwrdd,low,2017,6,0.56,11637,True,True,True,True,3s,54,True
gorweithio,overwork,gorweithio,low,2018,6,0.56,11851,True,True,True,True,3s,51,True
gwadnu,sole,gwadnu,low,2019,6,0.56,11722,True,True,True,True,3s,58,True
gwrthgilio,recede,gwrthgilio,low,2020,6,0.56,11892,True,True,True,True,3s,51,True
gwyngalchu,whitewash,gwyngalchu,low,2021,6,0.56,11786,True,True,True,True,3s,54,True
gwyrddu,turn_green,gwyrddu,low,2022,6,0.56,11695,True,True,True,True,3s,54,True
halio,haul,halio,low,2023,6,0.56,11694,True,True,True,True,3s,51,True
hysian,set_on,hysian,low,2024,6,0.56,11834,True,True,True,True,3s,51,True
labro,labour,labro,low,2025,6,0.56,11916,True,True,True,True,3s,54,True
llawenychu,rejoice,llawenychu,low,2026,6,0.56,11935,True,True,True,True,3s,54,True
macsu,brew,macsu,low,2027,6,0.56,11904,True,True,True,True,3s,54,True
meirioli,thaw,meirioli,low,2028,6,0.56,11746,True,True,True,True,3s,54,True
mordwyo,sail,mordwyo,low,2029,6,0.56,11687,True,True,True,True,3s,54,True
mudlosgi,smoulder,mudlosgi,low,2030,6,0.56,11967,True,True,True,True,3s,54,True
paldaruo,blather,paldaruo,low,2031,6,0.56,11609,True,True,True,True,3s,54,True
pantio,pant,pantio,low,2032,6,0.56,11721,True,True,True,True,3s,51,True
pincio,adorn,pincio,low,2033,6,0.56,11568,True,True,True,True,3s,51,True
swmpo,fondle,swmpo,low,2034,6,0.56,11957,True,True,True,True,3s,54,True
symlu,urge,symlu,low,2035,6,0.56,11807,True,True,True,True,3s,54,True
tafellu,slice,tafellu,low,2036,6,0.56,11927,True,True,True,True,3s,54,True
taflunio,project,taflunio,low,2037,6,0.56,11716,True,True,True,True,3s,51,True
tanfuddsoddi,underinvest,tanfuddsoddi,low,2038,6,0.56,11777,True,True,True,True,3s,54,True
tapo,sole,tapo,low,2039,6,0.56,11826,True,True,True,True,3s,54,True
tolcio,dent,tolcio,low,2040,6,0.56,11884,True,True,True,True,3s,51,True
turio,burrow,turio,low,2041,6,0.56,11839,True,True,True,True,3s,51,True
ymagweddu,conduct_oneself,ymagweddu,low,2042,6,0.56,11889,True,True,True,True,3s,54,True
ymbwyllo,meditate,ymbwyllo,low,2043,6,0.56,11798,True,True,True,True,3s,54,True
ymdynghedu,vow,ymdynghedu,low,2044,6,0.56,11769,True,True,True,True,3s,51,True
ymglywed,sense,ymglywed,low,2045,6,0.56,11638,True,True,True,True,3s,54,True
ysbaddu,castrate,ysbaddu,low,2046,6,0.56,11857,True,True,True,True,3s,54,True
ail-lansio,relaunch,ail-lansio,low,2047,5,0.47,12019,True,True,True,True,3s,51,True
ailddyfeisio,reinvent,ailddyfeisio,low,2048,5,0.47,12146,True,True,True,True,3s,51,True
ailfedyddio,rebaptise,ailfedyddio,low,2049,5,0.47,12134,True,True,True,True,3s,51,True
ailwerthu,resell,ailwerthu,low,2050,5,0.47,12189,True,True,True,True,3s,54,True
amodi,stipulate,amodi,low,2051,5,0.47,12438,True,True,True,True,3s,54,True
anrhegu,present,anrhegu,low,2052,5,0.47,12226,True,True,True,True,3s,54,True
blotio,blot,blotio,low,2053,5,0.47,12120,True,True,True,True,3s,51,True
brydio,intend,brydio,low,2054,5,0.47,12197,True,True,True,True,3s,51,True
bywiocáu,enliven,bywiocáu,low,2055,5,0.47,12013,True,True,True,True,3s,51,True
chwenychu,desire,chwenychu,low,2056,5,0.47,12079,True,True,True,True,3s,56,True
chwibianu,whistle,chwibianu,low,2057,5,0.47,12404,True,True,True,True,3s,54,True
coethi,purify,coethi,low,2058,5,0.47,12494,True,True,True,True,3s,55,True
corffoli,embody,corffoli,low,2059,5,0.47,12230,True,True,True,True,3s,54,True
crabio,waste_away,crabio,low,2060,5,0.47,12168,True,True,True,True,3s,51,True
cribinio,rake,cribinio,low,2061,5,0.47,12450,True,True,True,True,3s,51,True
crochlefain,clamour,crochlefain,low,2062,5,0.47,12009,True,True,True,True,3s,54,True
cuchio,scowl,cuchio,low,2063,5,0.47,12463,True,True,True,True,3s,51,True
cwlio,reproach,cwlio,low,2064,5,0.47,12358,True,True,True,True,3s,51,True
cyd-deithio,travel_together,cyd-deithio,low,2065,5,0.47,12157,True,True,True,True,3s,51,True
cydfodoli,co-exist,cydfodoli,low,2066,5,0.47,12082,True,True,True,True,3s,54,True
cydsefyll,be_compatible,cydsefyll,low,2067,5,0.47,12305,True,True,True,True,3s,55,True
cyfamodi,covenant,cyfamodi,low,2068,5,0.47,12040,True,True,True,True,3s,54,True
cyfeirnodi,reference,cyfeirnodi,low,2069,5,0.47,12192,True,True,True,True,3s,54,True
cyfenwi,name,cyfenwi,low,2070,5,0.47,12083,True,True,True,True,3s,54,True
cymhennu,tidy,cymhennu,low,2071,5,0.47,12142,True,True,True,True,3s,51,True
cymrodeddu,arbitrate,cymrodeddu,low,2072,5,0.47,12467,True,True,True,True,3s,54,True
dadleoli,displace,dadleoli,low,2073,5,0.47,12353,True,True,True,True,3s,54,True
difreinio,disenfranchise,difreinio,low,2074,5,0.47,12272,True,True,True,True,3s,51,True
diorseddu,depose,diorseddu,low,2075,5,0.47,12213,True,True,True,True,3s,54,True
dragio,drag,dragio,low,2076,5,0.47,12166,True,True,True,True,3s,51,True
dramateiddio,dramatise,dramateiddio,low,2077,5,0.47,12052,True,True,True,True,3s,51,True
epilio,propagate,epilio,low,2078,5,0.47,12220,True,True,True,True,3s,51,True
fandaleiddio,vandalise,fandaleiddio,low,2079,5,0.47,12269,True,True,True,True,3s,51,True
ffiwsio,fuse,ffiwsio,low,2080,5,0.47,12011,True,True,True,True,3s,51,True
gorddefnyddio,overuse,gorddefnyddio,low,2081,5,0.47,12362,True,True,True,True,3s,51,True
gorseddu,enthrone,gorseddu,low,2082,5,0.47,12365,True,True,True,True,3s,54,True
graddnodi,graduate,graddnodi,low,2083,5,0.47,12368,True,True,True,True,3s,54,True
graeanu,granulate,graeanu,low,2084,5,0.47,12243,True,True,True,True,3s,54,True
gwastatáu,level,gwastatáu,low,2085,5,0.47,12179,True,True,True,True,3s,51,True
gwreichioni,sparkle,gwreichioni,low,2086,5,0.47,12233,True,True,True,True,3s,54,True
gwystlo,pledge,gwystlo,low,2087,5,0.47,12429,True,True,True,True,3s,54,True
lambastio,lambast,lambastio,low,2088,5,0.47,12066,True,True,True,True,3s,51,True
lamineiddio,laminate,lamineiddio,low,2089,5,0.47,12223,True,True,True,True,3s,51,True
llathru,gleam,llathru,low,2090,5,0.47,12180,True,True,True,True,3s,54,True
maldodi,pamper,maldodi,low,2091,5,0.47,12397,True,True,True,True,3s,54,True
mathru,trample_on,mathru,low,2092,5,0.47,12434,True,True,True,True,3s,54,True
mawrhau,enlarge,mawrhau,low,2093,5,0.47,12045,True,True,True,True,3s,50,True
misio,miss,misio,low,2094,5,0.47,12403,True,True,True,True,3s,53,True
myllio,fly_into a rage,myllio,low,2095,5,0.47,12417,True,True,True,True,3s,51,True
ochrgamu,side-step,ochrgamu,low,2096,5,0.47,12451,True,True,True,True,3s,54,True
pistyllu,spout,pistyllu,low,2097,5,0.47,12424,True,True,True,True,3s,54,True
pitïo,pity,pitïo,low,2098,5,0.47,12357,True,True,True,True,3s,51,True
pocedu,pocket,pocedu,low,2099,5,0.47,12046,True,True,True,True,3s,54,True
rhagbenodi,predetermine,rhagbenodi,low,2100,5,0.47,12077,True,True,True,True,3s,54,True
rhawio,dig,rhawio,low,2101,5,0.47,12468,True,True,True,True,3s,51,True
rhofio,dig,rhofio,low,2102,5,0.47,12325,True,True,True,True,3s,51,True
sigo,buckle,sigo,low,2103,5,0.47,12354,True,True,True,True,3s,54,True
sobreiddio,sober_up,sobreiddio,low,2104,5,0.47,12236,True,True,True,True,3s,51,True
stompio,mash,stompio,low,2105,5,0.47,12442,True,True,True,True,3s,51,True
strapio,strap,strapio,low,2106,5,0.47,12094,True,True,True,True,3s,51,True
syflyd,shift,syflyd,low,2107,5,0.47,12224,True,True,True,True,3s,54,True
tanberfformio,underperform,tanberfformio,low,2108,5,0.47,12239,True,True,True,True,3s,51,True
teilwrio,tailor,teilwrio,low,2109,5,0.47,12459,True,True,True,True,3s,51,True
trwco,exchange,trwco,low,2110,5,0.47,12462,True,True,True,True,3s,54,True
trydanu,electrify,trydanu,low,2111,5,0.47,12076,True,True,True,True,3s,54,True
tywarchu,turf,tywarchu,low,2112,5,0.47,12111,True,True,True,True,3s,54,True
ymddieithrio,become_estranged,ymddieithrio,low,2113,5,0.47,12084,True,True,True,True,3s,51,True
ymguddio,conceal_oneself,ymguddio,low,2114,5,0.47,12065,True,True,True,True,3s,51,True
ysbarduno,motivate,ysbarduno,low,2115,5,0.47,12339,True,True,True,True,3s,54,True
ysgafnu,lighten,ysgafnu,low,2116,5,0.47,12102,True,True,True,True,3s,54,True
ystwyrian,stir,ystwyrian,low,2117,5,0.47,12199,True,True,True,True,3s,51,True
ystyfnigo,be_stubborn,ystyfnigo,low,2118,5,0.47,12266,True,True,True,True,3s,54,True
achwyn,complain,achwyn,low,2119,4,0.38,12562,True,True,True,True,3s,55,True
ailargraffu,reprint,ailargraffu,low,2120,4,0.38,12976,True,True,True,True,3s,58,True
ailbacio,repack,ailbacio,low,2121,4,0.38,12944,True,True,True,True,3s,51,True
ailblannu,replant,ailblannu,low,2122,4,0.38,12530,True,True,True,True,3s,57,True
ailddatgan,restate,ailddatgan,low,2123,4,0.38,12817,True,True,True,True,3s,58,True
archolli,wound,archolli,low,2124,4,0.38,12905,True,True,True,True,3s,54,True
arwystlo,pledge,arwystlo,low,2125,4,0.38,12986,True,True,True,True,3s,54,True
begian,beg,begian,low,2126,4,0.38,12715,True,True,True,True,3s,51,True
blaenori,precede,blaenori,low,2127,4,0.38,12995,True,True,True,True,3s,54,True
braenu,decay,braenu,low,2128,4,0.38,12822,True,True,True,True,3s,54,True
brasio,do_a rough job,brasio,low,2129,4,0.38,13189,True,True,True,True,3s,51,True
caethgludo,deport,caethgludo,low,2130,4,0.38,13194,True,True,True,True,3s,54,True
camliwio,misrepresent,camliwio,low,2131,4,0.38,12750,True,True,True,True,3s,51,True
camsefyll,stand_in the wrong place,camsefyll,low,2132,4,0.38,13039,True,True,True,True,3s,55,True
canoneiddio,canonise,canoneiddio,low,2133,4,0.38,12695,True,True,True,True,3s,51,True
carpu,tear,carpu,low,2134,4,0.38,12709,True,True,True,True,3s,54,True
cawlio,confuse,cawlio,low,2135,4,0.38,12541,True,True,True,True,3s,51,True
ceintach,grumble,ceintach,low,2136,4,0.38,13173,True,True,True,True,3s,54,True
chwyrnellu,whirl,chwyrnellu,low,2137,4,0.38,12789,True,True,True,True,3s,54,True
clapian,tell_tales,clapian,low,2138,4,0.38,13161,True,True,True,True,3s,51,True
crecio,cackle,crecio,low,2139,4,0.38,12780,True,True,True,True,3s,51,True
crosio,crochet,crosio,low,2140,4,0.38,13068,True,True,True,True,3s,51,True
crymanu,slice,crymanu,low,2141,4,0.38,12911,True,True,True,True,3s,54,True
cychu,keep_bees,cychu,low,2142,4,0.38,13043,True,True,True,True,3s,54,True
cyfartalu,equalise,cyfartalu,low,2143,4,0.38,13087,True,True,True,True,3s,54,True
cyfeiliorni,stray,cyfeiliorni,low,2144,4,0.38,12898,True,True,True,True,3s,54,True
cyfloi,impregnate,cyfloi,low,2145,4,0.38,12835,True,True,True,True,3s,51,True
dadlygru,decontaminate,dadlygru,low,2146,4,0.38,12687,True,True,True,True,3s,54,True
dargludo,conduct,dargludo,low,2147,4,0.38,13182,True,True,True,True,3s,54,True
deialo,dial,deialo,low,2148,4,0.38,13114,True,True,True,True,3s,58,True
delwi,be_motionless,delwi,low,2149,4,0.38,12722,True,True,True,True,3s,54,True
diodi,give_a drink to,diodi,low,2150,4,0.38,12807,True,True,True,True,3s,54,True
disbyddu,drain,disbyddu,low,2151,4,0.38,12649,True,True,True,True,3s,54,True
dolurio,grieve,dolurio,low,2152,4,0.38,13063,True,True,True,True,3s,51,True
dripian,drip,dripian,low,2153,4,0.38,12996,True,True,True,True,3s,51,True
eilunaddoli,worship_idols,eilunaddoli,low,2154,4,0.38,12558,True,True,True,True,3s,54,True
ffatio,batter,ffatio,low,2155,4,0.38,12885,True,True,True,True,3s,51,True
gorflino,overtire,gorflino,low,2156,4,0.38,12510,True,True,True,True,3s,54,True
gweitied,wait,gweitied,low,2157,4,0.38,13065,True,True,True,True,3s,51,True
gwelliannu,improve,gwelliannu,low,2158,4,0.38,12876,True,True,True,True,3s,61,True
gwenieithio,flatter,gwenieithio,low,2159,4,0.38,12894,True,True,True,True,3s,51,True
gwrteithio,manure,gwrteithio,low,2160,4,0.38,12782,True,True,True,True,3s,51,True
halian,haul,halian,low,2161,4,0.38,12669,True,True,True,True,3s,51,True
heclo,heckle,heclo,low,2162,4,0.38,12828,True,True,True,True,3s,54,True
hyrddu,ram,hyrddu,low,2163,4,0.38,12980,True,True,True,True,3s,54,True
lesio,lease,lesio,low,2164,4,0.38,12650,True,True,True,True,3s,51,True
lloffa,collect,lloffa,low,2165,4,0.38,12523,True,True,True,True,3s,54,True
llusa,gather_bilberries,llusa,low,2166,4,0.38,13035,True,True,True,True,3s,54,True
llyfnu,harrow,llyfnu,low,2167,4,0.38,12511,True,True,True,True,3s,54,True
llysenwi,nickname,llysenwi,low,2168,4,0.38,12804,True,True,True,True,3s,54,True
mesmereiddio,mesmerise,mesmereiddio,low,2169,4,0.38,12723,True,True,True,True,3s,51,True
mewnosod,insert,mewnosod,low,2170,4,0.38,12707,True,True,True,True,3s,54,True
newyddu,renew,newyddu,low,2171,4,0.38,12731,True,True,True,True,3s,54,True
nogio,tire,nogio,low,2172,4,0.38,12596,True,True,True,True,3s,51,True
oelio,oil,oelio,low,2173,4,0.38,13178,True,True,True,True,3s,51,True
palmantu,pave,palmantu,low,2174,4,0.38,12900,True,True,True,True,3s,55,True
pegynu,polarise,pegynu,low,2175,4,0.38,12927,True,True,True,True,3s,54,True
pensynnu,muse,pensynnu,low,2176,4,0.38,13102,True,True,True,True,3s,54,True
perarogli,perfume,perarogli,low,2177,4,0.38,12805,True,True,True,True,3s,54,True
pistyllio,spout,pistyllio,low,2178,4,0.38,12764,True,True,True,True,3s,51,True
ponsio,muddle,ponsio,low,2179,4,0.38,13106,True,True,True,True,3s,51,True
pothellu,blister,pothellu,low,2180,4,0.38,12658,True,True,True,True,3s,54,True
prydyddu,versify,prydyddu,low,2181,4,0.38,13125,True,True,True,True,3s,54,True
puteinio,whore,puteinio,low,2182,4,0.38,12853,True,True,True,True,3s,51,True
rhaffo,rope,rhaffo,low,2183,4,0.38,13036,True,True,True,True,3s,58,True
rhagrithio,be_hypocritical,rhagrithio,low,2184,4,0.38,12870,True,True,True,True,3s,51,True
tacio,tack,tacio,low,2185,4,0.38,12981,True,True,True,True,3s,51,True
telori,warble,telori,low,2186,4,0.38,12529,True,True,True,True,3s,54,True
tewhau,fatten,tewhau,low,2187,4,0.38,12655,True,True,True,True,3s,50,True
tirio,land,tirio,low,2188,4,0.38,13018,True,True,True,True,3s,51,True
trampio,tramp,trampio,low,2189,4,0.38,12939,True,True,True,True,3s,51,True
trampo,tramp,trampo,low,2190,4,0.38,13028,True,True,True,True,3s,54,True
trawsgludo,transport,trawsgludo,low,2191,4,0.38,12662,True,True,True,True,3s,54,True
tremio,perceive,tremio,low,2192,4,0.38,12694,True,True,True,True,3s,51,True
tripio,trip,tripio,low,2193,4,0.38,12883,True,True,True,True,3s,51,True
trosiadu,use_a metaphor,trosiadu,low,2194,4,0.38,13074,True,True,True,True,3s,54,True
ymbriodi,get_married,ymbriodi,low,2195,4,0.38,12800,True,True,True,True,3s,54,True
ymchwyddo,swell,ymchwyddo,low,2196,4,0.38,12943,True,True,True,True,3s,54,True
ymgecru,quarrel,ymgecru,low,2197,4,0.38,12920,True,True,True,True,3s,54,True
ymgreinio,grovel,ymgreinio,low,2198,4,0.38,12831,True,True,True,True,3s,51,True
ymneilltuo,withdraw,ymneilltuo,low,2199,4,0.38,12924,True,True,True,True,3s,54,True
ymorchestu,attack,ymorchestu,low,2200,4,0.38,12728,True,True,True,True,3s,54,True
ymrithio,assume_the shape of,ymrithio,low,2201,4,0.38,12760,True,True,True,True,3s,51,True
adysgrifio,transcribe,adysgrifio,low,2202,3,0.28,13564,True,True,True,True,3s,51,True
ailasesu,reassess,ailasesu,low,2203,3,0.28,13499,True,True,True,True,3s,54,True
aildyfu,regrow,aildyfu,low,2204,3,0.28,13240,True,True,True,True,3s,54,True
ailfywiogi,reanimate,ailfywiogi,low,2205,3,0.28,13320,True,True,True,True,3s,54,True
ailwrando,listen_again,ailwrando,low,2206,3,0.28,13738,True,True,True,True,3s,54,True
ailymosod,reattack,ailymosod,low,2207,3,0.28,13895,True,True,True,True,3s,54,True
anhrefnu,disarrange,anhrefnu,low,2208,3,0.28,13922,True,True,True,True,3s,54,True
ansefydlogi,unsettle,ansefydlogi,low,2209,3,0.28,13543,True,True,True,True,3s,54,True
anufuddhau,disobey,anufuddhau,low,2210,3,0.28,13809,True,True,True,True,3s,50,True
arsyllu,scan,arsyllu,low,2211,3,0.28,13595,True,True,True,True,3s,54,True
atgnoi,feel_remorse,atgnoi,low,2212,3,0.28,13267,True,True,True,True,3s,51,True
barddoni,write_poetry,barddoni,low,2213,3,0.28,13291,True,True,True,True,3s,54,True
bochio,gobble,bochio,low,2214,3,0.28,14023,True,True,True,True,3s,51,True
bolaheulo,sunbathe,bolaheulo,low,2215,3,0.28,13938,True,True,True,True,3s,54,True
bradu,betray,bradu,low,2216,3,0.28,13318,True,True,True,True,3s,54,True
brasáu,fatten,brasáu,low,2217,3,0.28,13703,True,True,True,True,3s,51,True
briwio,mince,briwio,low,2218,3,0.28,13704,True,True,True,True,3s,51,True
briwo,crush,briwo,low,2219,3,0.28,13873,True,True,True,True,3s,54,True
briwsioni,make_crumbs,briwsioni,low,2220,3,0.28,13705,True,True,True,True,3s,54,True
buddio,profit,buddio,low,2221,3,0.28,13215,True,True,True,True,3s,51,True
bwnglera,bungle,bwnglera,low,2222,3,0.28,13666,True,True,True,True,3s,54,True
bygythio,threaten,bygythio,low,2223,3,0.28,13392,True,True,True,True,3s,51,True
bysio,finger,bysio,low,2224,3,0.28,13737,True,True,True,True,3s,51,True
cadwyno,chain,cadwyno,low,2225,3,0.28,13343,True,True,True,True,3s,54,True
carboneiddio,carbonise,carboneiddio,low,2226,3,0.28,13372,True,True,True,True,3s,51,True
ceibio,hack,ceibio,low,2227,3,0.28,13875,True,True,True,True,3s,51,True
cerflunio,sculpt,cerflunio,low,2228,3,0.28,13262,True,True,True,True,3s,51,True
cledru,beat,cledru,low,2229,3,0.28,13777,True,True,True,True,3s,54,True
clensio,clench,clensio,low,2230,3,0.28,13925,True,True,True,True,3s,51,True
cnecio,jar,cnecio,low,2231,3,0.28,13284,True,True,True,True,3s,51,True
costrelu,bottle,costrelu,low,2232,3,0.28,13650,True,True,True,True,3s,54,True
crechwenu,guffaw,crechwenu,low,2233,3,0.28,13534,True,True,True,True,3s,54,True
cripio,creep,cripio,low,2234,3,0.28,13567,True,True,True,True,3s,51,True
croes-ddweud,contradict,croes-ddweud,low,2235,3,0.28,13407,True,True,True,True,3s,54,True
cwyro,polish,cwyro,low,2236,3,0.28,13490,True,True,True,True,3s,54,True
cydeistedd,sit_jointly,cydeistedd,low,2237,3,0.28,13457,True,True,True,True,3s,54,True
cydgordio,accord,cydgordio,low,2238,3,0.28,13510,True,True,True,True,3s,51,True
cydleoli,colocate,cydleoli,low,2239,3,0.28,14032,True,True,True,True,3s,54,True
cydosod,juxtapose,cydosod,low,2240,3,0.28,13370,True,True,True,True,3s,55,True
cydraddol,equalise,cydraddol,low,2241,3,0.28,13519,True,True,True,True,3s,54,True
cydrannu,divide,cydrannu,low,2242,3,0.28,13978,True,True,True,True,3s,62,True
cynhenna,quarrel,cynhenna,low,2243,3,0.28,13226,True,True,True,True,3s,51,True
cynysgaeddu,endow,cynysgaeddu,low,2244,3,0.28,13604,True,True,True,True,3s,54,True
cywreinio,adorn,cywreinio,low,2245,3,0.28,14024,True,True,True,True,3s,51,True
dadosod,displace,dadosod,low,2246,3,0.28,13360,True,True,True,True,3s,56,True
didol,segregate,didol,low,2247,3,0.28,13352,True,True,True,True,3s,54,True
digroeni,skin,digroeni,low,2248,3,0.28,13589,True,True,True,True,3s,54,True
dihoeni,languish,dihoeni,low,2249,3,0.28,14006,True,True,True,True,3s,54,True
dilladu,clothe,dilladu,low,2250,3,0.28,13252,True,True,True,True,3s,54,True
dinodi,deface,dinodi,low,2251,3,0.28,13231,True,True,True,True,3s,54,True
dirwynu,wind,dirwynu,low,2252,3,0.28,13884,True,True,True,True,3s,54,True
doctora,doctor,doctora,low,2253,3,0.28,13515,True,True,True,True,3s,54,True
dyrchafael,raise,dyrchafael,low,2254,3,0.28,13615,True,True,True,True,3s,54,True
enllibio,slander,enllibio,low,2255,3,0.28,14004,True,True,True,True,3s,51,True
esmwytháu,alleviate,esmwytháu,low,2256,3,0.28,13374,True,True,True,True,3s,51,True
ffroeni,snort,ffroeni,low,2257,3,0.28,13973,True,True,True,True,3s,54,True
garwhau,roughen,garwhau,low,2258,3,0.28,13405,True,True,True,True,3s,50,True
goblygu,envelop,goblygu,low,2259,3,0.28,13833,True,True,True,True,3s,54,True
goglais,tickle,goglais,low,2260,3,0.28,13837,True,True,True,True,3s,51,True
goleddfu,slant,goleddfu,low,2261,3,0.28,13977,True,True,True,True,3s,54,True
graddoli,grade,graddoli,low,2262,3,0.28,13671,True,True,True,True,3s,54,True
graenu,spruce_up,graenu,low,2263,3,0.28,13981,True,True,True,True,3s,54,True
grwnan,drone,grwnan,low,2264,3,0.28,13999,True,True,True,True,3s,54,True
hafalu,equate,hafalu,low,2265,3,0.28,14016,True,True,True,True,3s,54,True
heddychu,pacify,heddychu,low,2266,3,0.28,13540,True,True,True,True,3s,54,True
helmu,build_a corn-rick,helmu,low,2267,3,0.28,13890,True,True,True,True,3s,54,True
heu,sow,heu,low,2268,3,0.28,13694,True,True,True,True,3s,51,True
honcio,totter,honcio,low,2269,3,0.28,13496,True,True,True,True,3s,51,True
hunanholi,self-examine,hunanholi,low,2270,3,0.28,13877,True,True,True,True,3s,54,True
hwpio,ram,hwpio,low,2271,3,0.28,13483,True,True,True,True,3s,51,True
llinynnu,string,llinynnu,low,2272,3,0.28,13805,True,True,True,True,3s,54,True
llodi,be in heat,llodi,low,2273,3,0.28,13788,True,True,True,True,3s,54,True
masgio,mask,masgio,low,2274,3,0.28,13975,True,True,True,True,3s,51,True
mecaneiddio,mechanise,mecaneiddio,low,2275,3,0.28,13618,True,True,True,True,3s,51,True
melltennu,flash_lightning,melltennu,low,2276,3,0.28,13892,True,True,True,True,3s,54,True
merwino,itch,merwino,low,2277,3,0.28,13645,True,True,True,True,3s,54,True
moeli,become_bald,moeli,low,2278,3,0.28,13971,True,True,True,True,3s,54,True
morgeisio,mortgage,morgeisio,low,2279,3,0.28,13502,True,True,True,True,3s,51,True
mowntio,mount,mowntio,low,2280,3,0.28,13626,True,True,True,True,3s,51,True
nithio,sift,nithio,low,2281,3,0.28,13576,True,True,True,True,3s,51,True
niwtraleiddio,neutralise,niwtraleiddio,low,2282,3,0.28,13820,True,True,True,True,3s,51,True
offeiriadu,minister,offeiriadu,low,2283,3,0.28,13482,True,True,True,True,3s,54,True
pawennu,paw,pawennu,low,2284,3,0.28,13814,True,True,True,True,3s,54,True
polareiddio,polarise,polareiddio,low,2285,3,0.28,13220,True,True,True,True,3s,51,True
profocio,tease,profocio,low,2286,3,0.28,13397,True,True,True,True,3s,51,True
prygowtha,rant,prygowtha,low,2287,3,0.28,13967,True,True,True,True,3s,54,True
pwtio,nudge,pwtio,low,2288,3,0.28,13791,True,True,True,True,3s,51,True
pyllu,dent,pyllu,low,2289,3,0.28,13768,True,True,True,True,3s,54,True
rhidyllu,sift,rhidyllu,low,2290,3,0.28,13459,True,True,True,True,3s,54,True
rhodresu,brag,rhodresu,low,2291,3,0.28,13324,True,True,True,True,3s,54,True
rhyddfreinio,emancipate,rhyddfreinio,low,2292,3,0.28,13581,True,True,True,True,3s,51,True
rhyngwynebu,interface,rhyngwynebu,low,2293,3,0.28,13258,True,True,True,True,3s,54,True
rwdlian,talk_rubbish,rwdlian,low,2294,3,0.28,13404,True,True,True,True,3s,54,True
sangu,trample,sangu,low,2295,3,0.28,13359,True,True,True,True,3s,57,True
sipio,sip,sipio,low,2296,3,0.28,13793,True,True,True,True,3s,51,True
stilio,distil,stilio,low,2297,3,0.28,13767,True,True,True,True,3s,51,True
stwmpo,mash,stwmpo,low,2298,3,0.28,13891,True,True,True,True,3s,54,True
taclu,tackle,taclu,low,2299,3,0.28,13918,True,True,True,True,3s,54,True
tafodi,berate,tafodi,low,2300,3,0.28,13919,True,True,True,True,3s,54,True
tirioni,moderate,tirioni,low,2301,3,0.28,13492,True,True,True,True,3s,54,True
trawsgyweirio,transpose,trawsgyweirio,low,2302,3,0.28,13724,True,True,True,True,3s,51,True
treillio,trawl,treillio,low,2303,3,0.28,13463,True,True,True,True,3s,51,True
turnio,turn,turnio,low,2304,3,0.28,13273,True,True,True,True,3s,51,True
twrian,burrow,twrian,low,2305,3,0.28,13739,True,True,True,True,3s,51,True
ymafael,grasp,ymafael,low,2306,3,0.28,13733,True,True,True,True,3s,54,True
ymgodi,rise,ymgodi,low,2307,3,0.28,13468,True,True,True,True,3s,54,True
ymgyfathrachu,associate_oneself,ymgyfathrachu,low,2308,3,0.28,14009,True,True,True,True,3s,58,True
ysglyfaethu,plunder,ysglyfaethu,low,2309,3,0.28,14022,True,True,True,True,3s,54,True
ysgymuno,excommunicate,ysgymuno,low,2310,3,0.28,13532,True,True,True,True,3s,54,True
ysgytio,shake,ysgytio,low,2311,3,0.28,13984,True,True,True,True,3s,51,True
ystrydebu,stereotype,ystrydebu,low,2312,3,0.28,13494,True,True,True,True,3s,54,True
adfywhau,reanimate,adfywhau,low,2313,2,0.19,14618,True,True,True,True,3s,50,True
adweinyddu,re-administer,adweinyddu,low,2314,2,0.19,14895,True,True,True,True,3s,54,True
aflwyddo,fail,aflwyddo,low,2315,2,0.19,14171,True,True,True,True,3s,54,True
afradloni,squander,afradloni,low,2316,2,0.19,14615,True,True,True,True,3s,54,True
ailbenodi,reappoint,ailbenodi,low,2317,2,0.19,14515,True,True,True,True,3s,54,True
ailboblogi,repopulate,ailboblogi,low,2318,2,0.19,14859,True,True,True,True,3s,54,True
ailddirwyn,rewind,ailddirwyn,low,2319,2,0.19,14906,True,True,True,True,3s,55,True
ailddrafftio,redraft,ailddrafftio,low,2320,2,0.19,14065,True,True,True,True,3s,51,True
ailfuddsoddi,reinvest,ailfuddsoddi,low,2321,2,0.19,14415,True,True,True,True,3s,54,True
allanu,exit,allanu,low,2322,2,0.19,14433,True,True,True,True,3s,54,True
allgofnodi,log_out,allgofnodi,low,2323,2,0.19,14444,True,True,True,True,3s,54,True
amgodio,encode,amgodio,low,2324,2,0.19,14512,True,True,True,True,3s,51,True
anghymhwyso,disqualify,anghymhwyso,low,2325,2,0.19,14695,True,True,True,True,3s,51,True
anystwytho,stiffen,anystwytho,low,2326,2,0.19,15031,True,True,True,True,3s,54,True
arfaethu,intend,arfaethu,low,2327,2,0.19,14570,True,True,True,True,3s,54,True
arferu,be_accustomed,arferu,low,2328,2,0.19,14840,True,True,True,True,3s,54,True
arunigo,isolate,arunigo,low,2329,2,0.19,15246,True,True,True,True,3s,54,True
awyddu,desire,awyddu,low,2330,2,0.19,14432,True,True,True,True,3s,54,True
bacsu,muddle_through,bacsu,low,2331,2,0.19,14359,True,True,True,True,3s,54,True
barbareiddio,barbarise,barbareiddio,low,2332,2,0.19,15058,True,True,True,True,3s,51,True
basgedu,put_in a basket,basgedu,low,2333,2,0.19,14369,True,True,True,True,3s,54,True
bendigo,consecrate,bendigo,low,2334,2,0.19,14520,True,True,True,True,3s,54,True
bracso,pull_through,bracso,low,2335,2,0.19,15084,True,True,True,True,3s,54,True
brochi,foam,brochi,low,2336,2,0.19,14233,True,True,True,True,3s,54,True
bytholi,perpetuate,bytholi,low,2337,2,0.19,15291,True,True,True,True,3s,54,True
camdreiglo,mismutate,camdreiglo,low,2338,2,0.19,14096,True,True,True,True,3s,54,True
camfarnu,misjudge,camfarnu,low,2339,2,0.19,15207,True,True,True,True,3s,56,True
canghennu,branch,canghennu,low,2340,2,0.19,14288,True,True,True,True,3s,54,True
carfanu,rail,carfanu,low,2341,2,0.19,14770,True,True,True,True,3s,54,True
chwimio,budge,chwimio,low,2342,2,0.19,14896,True,True,True,True,3s,51,True
ciledrych,peep,ciledrych,low,2343,2,0.19,15000,True,True,True,True,3s,54,True
claearu,become_lukewarm,claearu,low,2344,2,0.19,14299,True,True,True,True,3s,54,True
clampio,clamp,clampio,low,2345,2,0.19,14866,True,True,True,True,3s,51,True
cloffi,limp,cloffi,low,2346,2,0.19,14950,True,True,True,True,3s,54,True
clwcio,cluck,clwcio,low,2347,2,0.19,14753,True,True,True,True,3s,51,True
codlo,muddle,codlo,low,2348,2,0.19,14882,True,True,True,True,3s,51,True
codymu,tumble,codymu,low,2349,2,0.19,15191,True,True,True,True,3s,54,True
cofiannu,write_a memoir,cofiannu,low,2350,2,0.19,14749,True,True,True,True,3s,59,True
cramennu,ulcerate,cramennu,low,2351,2,0.19,14963,True,True,True,True,3s,54,True
credydu,credit,credydu,low,2352,2,0.19,14828,True,True,True,True,3s,54,True
creinio,wallow,creinio,low,2353,2,0.19,14748,True,True,True,True,3s,51,True
creisioni,burn_to ashes,creisioni,low,2354,2,0.19,14445,True,True,True,True,3s,54,True
crugo,pile_up,crugo,low,2355,2,0.19,15181,True,True,True,True,3s,54,True
cwynfan,complain,cwynfan,low,2356,2,0.19,14168,True,True,True,True,3s,58,True
cyd-ddioddef,suffer_together,cyd-ddioddef,low,2357,2,0.19,14965,True,True,True,True,3s,54,True
cyd-drefnu,arrange_jointly,cyd-drefnu,low,2358,2,0.19,14270,True,True,True,True,3s,54,True
cydgasglu,gather_together,cydgasglu,low,2359,2,0.19,14355,True,True,True,True,3s,58,True
cydgrynhoi,gather_together,cydgrynhoi,low,2360,2,0.19,14911,True,True,True,True,3s,51,True
cydlawenhau,rejoice_jointly,cydlawenhau,low,2361,2,0.19,15017,True,True,True,True,3s,50,True
cydorwedd,copulate,cydorwedd,low,2362,2,0.19,14360,True,True,True,True,3s,54,True
cydseinio,harmonise,cydseinio,low,2363,2,0.19,14166,True,True,True,True,3s,51,True
cydweu,interlace,cydweu,low,2364,2,0.19,14737,True,True,True,True,3s,51,True
cyfanheddu,inhabit,cyfanheddu,low,2365,2,0.19,15099,True,True,True,True,3s,54,True
cyfarparu,prepare,cyfarparu,low,2366,2,0.19,14200,True,True,True,True,3s,58,True
cyflafareddu,confer,cyflafareddu,low,2367,2,0.19,14163,True,True,True,True,3s,54,True
cyfnerthu,reinforce,cyfnerthu,low,2368,2,0.19,14707,True,True,True,True,3s,54,True
cyfoesi,be_contemporaneous with,cyfoesi,low,2369,2,0.19,14278,True,True,True,True,3s,54,True
dabio,dab,dabio,low,2370,2,0.19,14792,True,True,True,True,3s,51,True
datganu,declare,datganu,low,2371,2,0.19,14855,True,True,True,True,3s,54,True
deisyf,beseech,deisyf,low,2372,2,0.19,14825,True,True,True,True,3s,54,True
dienyddu,execute,dienyddu,low,2373,2,0.19,14561,True,True,True,True,3s,54,True
diffygio,fail,diffygio,low,2374,2,0.19,15223,True,True,True,True,3s,54,True
diriaethu,make_concrete,diriaethu,low,2375,2,0.19,15138,True,True,True,True,3s,54,True
dobio,daub,dobio,low,2376,2,0.19,14124,True,True,True,True,3s,51,True
doethinebu,pontificate,doethinebu,low,2377,2,0.19,14568,True,True,True,True,3s,54,True
dolennu,coil,dolennu,low,2378,2,0.19,14692,True,True,True,True,3s,54,True
dwmpian,doze,dwmpian,low,2379,2,0.19,14532,True,True,True,True,3s,51,True
dwysbigo,pierce_to the heart,dwysbigo,low,2380,2,0.19,14732,True,True,True,True,3s,54,True
dyddodi,deposit,dyddodi,low,2381,2,0.19,14567,True,True,True,True,3s,54,True
eiddigeddu,envy,eiddigeddu,low,2382,2,0.19,14312,True,True,True,True,3s,54,True
englynu,compose_englynion,englynu,low,2383,2,0.19,14162,True,True,True,True,3s,54,True
enhuddo,envelop,enhuddo,low,2384,2,0.19,15034,True,True,True,True,3s,54,True
enrhifo,evaluate,enrhifo,low,2385,2,0.19,14665,True,True,True,True,3s,54,True
estraddodi,extradite,estraddodi,low,2386,2,0.19,14805,True,True,True,True,3s,54,True
ewynnu,foam,ewynnu,low,2387,2,0.19,14863,True,True,True,True,3s,54,True
fforchio,fork,fforchio,low,2388,2,0.19,15098,True,True,True,True,3s,51,True
ffureta,ferret,ffureta,low,2389,2,0.19,14125,True,True,True,True,3s,54,True
gaeafgysgu,hibernate,gaeafgysgu,low,2390,2,0.19,14361,True,True,True,True,3s,54,True
gefynnu,shackle,gefynnu,low,2391,2,0.19,15113,True,True,True,True,3s,54,True
goferu,pour,goferu,low,2392,2,0.19,15002,True,True,True,True,3s,54,True
goganu,satirise,goganu,low,2393,2,0.19,14132,True,True,True,True,3s,54,True
gogleisio,tickle,gogleisio,low,2394,2,0.19,15213,True,True,True,True,3s,51,True
gordyfu,outgrow,gordyfu,low,2395,2,0.19,14824,True,True,True,True,3s,54,True
gorthrechu,overcome,gorthrechu,low,2396,2,0.19,15082,True,True,True,True,3s,54,True
gwallgofi,go_mad,gwallgofi,low,2397,2,0.19,14059,True,True,True,True,3s,54,True
gwanwyno,become_verdant,gwanwyno,low,2398,2,0.19,14982,True,True,True,True,3s,54,True
gwarhau,tame,gwarhau,low,2399,2,0.19,14609,True,True,True,True,3s,50,True
gwastrodi,groom,gwastrodi,low,2400,2,0.19,15107,True,True,True,True,3s,54,True
gwreica,seek_a wife,gwreica,low,2401,2,0.19,15184,True,True,True,True,3s,54,True
gwybeta,dart_about,gwybeta,low,2402,2,0.19,14683,True,True,True,True,3s,54,True
heicio,hike,heicio,low,2403,2,0.19,14087,True,True,True,True,3s,51,True
heigio,swarm,heigio,low,2404,2,0.19,14245,True,True,True,True,3s,51,True
hemio,hem,hemio,low,2405,2,0.19,14933,True,True,True,True,3s,51,True
hercio,hobble,hercio,low,2406,2,0.19,14780,True,True,True,True,3s,51,True
heulo,sun,heulo,low,2407,2,0.19,14924,True,True,True,True,3s,54,True
hofio,hoe,hofio,low,2408,2,0.19,14740,True,True,True,True,3s,51,True
hwtio,hoot,hwtio,low,2409,2,0.19,14541,True,True,True,True,3s,51,True
impio,graft,impio,low,2410,2,0.19,14058,True,True,True,True,3s,51,True
iselhau,lower,iselhau,low,2411,2,0.19,14498,True,True,True,True,3s,50,True
llachio,lash,llachio,low,2412,2,0.19,14266,True,True,True,True,3s,51,True
llacáu,slacken,llacáu,low,2413,2,0.19,14277,True,True,True,True,3s,51,True
llafnu,shear,llafnu,low,2414,2,0.19,15087,True,True,True,True,3s,54,True
llanastru,mess_up,llanastru,low,2415,2,0.19,14829,True,True,True,True,3s,54,True
llarieiddio,moderate,llarieiddio,low,2416,2,0.19,15118,True,True,True,True,3s,51,True
llercian,lurk,llercian,low,2417,2,0.19,14337,True,True,True,True,3s,51,True
llesmeirio,swoon,llesmeirio,low,2418,2,0.19,14054,True,True,True,True,3s,51,True
llithio,nourish,llithio,low,2419,2,0.19,14154,True,True,True,True,3s,51,True
lluwchio,drift,lluwchio,low,2420,2,0.19,14822,True,True,True,True,3s,51,True
llychwino,stain,llychwino,low,2421,2,0.19,14063,True,True,True,True,3s,54,True
magneteiddio,magnetise,magneteiddio,low,2422,2,0.19,14937,True,True,True,True,3s,51,True
mantoli,balance,mantoli,low,2423,2,0.19,14236,True,True,True,True,3s,54,True
marwnadu,mourn,marwnadu,low,2424,2,0.19,15075,True,True,True,True,3s,54,True
mewnoli,internalise,mewnoli,low,2425,2,0.19,15318,True,True,True,True,3s,54,True
migno,trample,migno,low,2426,2,0.19,15027,True,True,True,True,3s,54,True
moesoli,moralise,moesoli,low,2427,2,0.19,15159,True,True,True,True,3s,54,True
moldio,mould,moldio,low,2428,2,0.19,14862,True,True,True,True,3s,51,True
murmuro,murmer,murmuro,low,2429,2,0.19,15086,True,True,True,True,3s,54,True
mwrdro,murder,mwrdro,low,2430,2,0.19,14887,True,True,True,True,3s,54,True
mwstro,muster,mwstro,low,2431,2,0.19,15048,True,True,True,True,3s,54,True
mwyndoddi,smelt,mwyndoddi,low,2432,2,0.19,14223,True,True,True,True,3s,54,True
mynwesu,embrace,mynwesu,low,2433,2,0.19,14380,True,True,True,True,3s,54,True
mysgu,disentangle,mysgu,low,2434,2,0.19,14985,True,True,True,True,3s,54,True
mân-werthu,retail,mân-werthu,low,2435,2,0.19,14698,True,True,True,True,3s,54,True
neilltuoli,differentiate,neilltuoli,low,2436,2,0.19,14826,True,True,True,True,3s,54,True
noethi,strip,noethi,low,2437,2,0.19,14736,True,True,True,True,3s,54,True
ofera,live_dissolutely,ofera,low,2438,2,0.19,14995,True,True,True,True,3s,54,True
pabellu,camp,pabellu,low,2439,2,0.19,14819,True,True,True,True,3s,54,True
parasiwtio,parachute,parasiwtio,low,2440,2,0.19,14121,True,True,True,True,3s,51,True
pastynu,cudgel,pastynu,low,2441,2,0.19,14636,True,True,True,True,3s,54,True
picedu,picket,picedu,low,2442,2,0.19,14531,True,True,True,True,3s,54,True
pletio,pleat,pletio,low,2443,2,0.19,14993,True,True,True,True,3s,51,True
prenio,bolt,prenio,low,2444,2,0.19,14395,True,True,True,True,3s,51,True
prentisio,apprentice,prentisio,low,2445,2,0.19,14404,True,True,True,True,3s,51,True
prepian,prattle,prepian,low,2446,2,0.19,14878,True,True,True,True,3s,51,True
presenoli,present,presenoli,low,2447,2,0.19,14725,True,True,True,True,3s,54,True
priddo,inter,priddo,low,2448,2,0.19,14581,True,True,True,True,3s,54,True
rhigymu,rhyme,rhigymu,low,2449,2,0.19,14742,True,True,True,True,3s,54,True
rhincian,creak,rhincian,low,2450,2,0.19,15148,True,True,True,True,3s,51,True
rhuglo,chafe,rhuglo,low,2451,2,0.19,15198,True,True,True,True,3s,54,True
rhwyddhau,facilitate,rhwyddhau,low,2452,2,0.19,14956,True,True,True,True,3s,50,True
rhybedio,rivet,rhybedio,low,2453,2,0.19,14468,True,True,True,True,3s,51,True
sbrintio,sprint,sbrintio,low,2454,2,0.19,14889,True,True,True,True,3s,51,True
sgriwio,screw,sgriwio,low,2455,2,0.19,14998,True,True,True,True,3s,51,True
siafo,shave,siafo,low,2456,2,0.19,14363,True,True,True,True,3s,54,True
siawnsio,chance,siawnsio,low,2457,2,0.19,15126,True,True,True,True,3s,51,True
sioncio,enliven,sioncio,low,2458,2,0.19,14839,True,True,True,True,3s,51,True
slotian,tipple,slotian,low,2459,2,0.19,14605,True,True,True,True,3s,51,True
tangynrychioli,under-represent,tangynrychioli,low,2460,2,0.19,14145,True,True,True,True,3s,54,True
tempro,temper,tempro,low,2461,2,0.19,15039,True,True,True,True,3s,54,True
toglo,toggle,toglo,low,2462,2,0.19,14307,True,True,True,True,3s,54,True
toncio,knell,toncio,low,2463,2,0.19,14446,True,True,True,True,3s,51,True
topi,block_up,topi,low,2464,2,0.19,15040,True,True,True,True,3s,54,True
torsythu,swagger,torsythu,low,2465,2,0.19,15210,True,True,True,True,3s,54,True
trawsacennu,syncopate,trawsacennu,low,2466,2,0.19,14344,True,True,True,True,3s,54,True
trawsyrru,transmit,trawsyrru,low,2467,2,0.19,14905,True,True,True,True,3s,54,True
trinio,treat,trinio,low,2468,2,0.19,15108,True,True,True,True,3s,51,True
trwblio,trouble,trwblio,low,2469,2,0.19,15041,True,True,True,True,3s,51,True
tuthian,trot,tuthian,low,2470,2,0.19,15283,True,True,True,True,3s,51,True
ymborthi,feed_on,ymborthi,low,2471,2,0.19,14940,True,True,True,True,3s,54,True
ymdaro,contend,ymdaro,low,2472,2,0.19,15142,True,True,True,True,3s,54,True
ymddatod,dissolve,ymddatod,low,2473,2,0.19,14991,True,True,True,True,3s,54,True
ymdreiglo,tumble,ymdreiglo,low,2474,2,0.19,15050,True,True,True,True,3s,54,True
ymdynnu,contend,ymdynnu,low,2475,2,0.19,14746,True,True,True,True,3s,54,True
ymesgusodi,excuse_oneself,ymesgusodi,low,2476,2,0.19,15133,True,True,True,True,3s,54,True
ymfodloni,acquiesce,ymfodloni,low,2477,2,0.19,14385,True,True,True,True,3s,54,True
ymfyddino,mobilise,ymfyddino,low,2478,2,0.19,14209,True,True,True,True,3s,54,True
ymgadw,refrain,ymgadw,low,2479,2,0.19,14846,True,True,True,True,3s,54,True
ymgnawdoli,become_incarnate,ymgnawdoli,low,2480,2,0.19,15021,True,True,True,True,3s,54,True
ymgroesi,cross_oneself,ymgroesi,low,2481,2,0.19,14537,True,True,True,True,3s,54,True
ymgynghreirio,ally_oneself,ymgynghreirio,low,2482,2,0.19,14222,True,True,True,True,3s,51,True
ymlawenhau,rejoice,ymlawenhau,low,2483,2,0.19,14384,True,True,True,True,3s,50,True
ymlid,pursue,ymlid,low,2484,2,0.19,14578,True,True,True,True,3s,54,True
ymlyn,pursue,ymlyn,low,2485,2,0.19,14909,True,True,True,True,3s,54,True
ymod,move,ymod,low,2486,2,0.19,14886,True,True,True,True,3s,54,True
ymrwyfo,thrash_about,ymrwyfo,low,2487,2,0.19,15009,True,True,True,True,3s,54,True
ymsuddo,sink_oneself,ymsuddo,low,2488,2,0.19,14106,True,True,True,True,3s,54,True
ymwacáu,become_empty,ymwacáu,low,2489,2,0.19,15066,True,True,True,True,3s,51,True
ysgarthu,excrete,ysgarthu,low,2490,2,0.19,15188,True,True,True,True,3s,58,True
ysgathru,cut,ysgathru,low,2491,2,0.19,15272,True,True,True,True,3s,54,True
ystofi,weave,ystofi,low,2492,2,0.19,15032,True,True,True,True,3s,54,True
absennu,backbite,absennu,low,2493,1,0.09,15440,True,True,True,True,3s,54,True
acennu,accentuate,acennu,low,2494,1,0.09,17243,True,True,True,True,3s,54,True
achlesu,succour,achlesu,low,2495,1,0.09,17077,True,True,True,True,3s,54,True
adargraffu,reprint,adargraffu,low,2496,1,0.09,15745,True,True,True,True,3s,58,True
affeithio,affect,affeithio,low,2497,1,0.09,15362,True,True,True,True,3s,51,True
ageru,steam,ageru,low,2498,1,0.09,16318,True,True,True,True,3s,54,True
ailaddurno,redecorate,ailaddurno,low,2499,1,0.09,15599,True,True,True,True,3s,54,True
ailarfogi,rearm,ailarfogi,low,2500,1,0.09,16286,True,True,True,True,3s,54,True
ailbrofi,reexperience,ailbrofi,low,2501,1,0.09,16575,True,True,True,True,3s,54,True
ailddweud,repeat,ailddweud,low,2502,1,0.09,16544,True,True,True,True,3s,54,True
aildeipio,retype,aildeipio,low,2503,1,0.09,17348,True,True,True,True,3s,51,True
aildroseddu,reoffend,aildroseddu,low,2504,1,0.09,15865,True,True,True,True,3s,54,True
ailfynegi,retell,ailfynegi,low,2505,1,0.09,17350,True,True,True,True,3s,54,True
ailhyfforddi,retrain,ailhyfforddi,low,2506,1,0.09,16092,True,True,True,True,3s,54,True
ailsefyll,stand_again,ailsefyll,low,2507,1,0.09,16504,True,True,True,True,3s,55,True
ailweirio,rewire,ailweirio,low,2508,1,0.09,15982,True,True,True,True,3s,51,True
ailwirio,recheck,ailwirio,low,2509,1,0.09,15708,True,True,True,True,3s,51,True
allbynnu,output,allbynnu,low,2510,1,0.09,17523,True,True,True,True,3s,54,True
amlosgi,cremate,amlosgi,low,2511,1,0.09,16331,True,True,True,True,3s,54,True
anghymeradwyo,disapprove,anghymeradwyo,low,2512,1,0.09,15937,True,True,True,True,3s,54,True
arddweud,dictate,arddweud,low,2513,1,0.09,17321,True,True,True,True,3s,54,True
arogldarthu,burn_incense,arogldarthu,low,2514,1,0.09,16549,True,True,True,True,3s,54,True
arwerthu,auction,arwerthu,low,2515,1,0.09,16637,True,True,True,True,3s,54,True
atgoffáu,remind,atgoffáu,low,2516,1,0.09,15728,True,True,True,True,3s,51,True
atgyfannu,reintegrate,atgyfannu,low,2517,1,0.09,15504,True,True,True,True,3s,58,True
athrodi,slander,athrodi,low,2518,1,0.09,16885,True,True,True,True,3s,54,True
awyro,ventilate,awyro,low,2519,1,0.09,16018,True,True,True,True,3s,54,True
baldorddi,babble,baldorddi,low,2520,1,0.09,17149,True,True,True,True,3s,54,True
baneru,flag_up,baneru,low,2521,1,0.09,16497,True,True,True,True,3s,54,True
blysu,crave,blysu,low,2522,1,0.09,16701,True,True,True,True,3s,54,True
boddloni,gratify,boddloni,low,2523,1,0.09,16974,True,True,True,True,3s,54,True
bradlofruddio,assassinate,bradlofruddio,low,2524,1,0.09,16179,True,True,True,True,3s,51,True
bragio,brag,bragio,low,2525,1,0.09,16792,True,True,True,True,3s,51,True
breuhau,become_fragile,breuhau,low,2526,1,0.09,15693,True,True,True,True,3s,50,True
bygylu,terrify,bygylu,low,2527,1,0.09,17369,True,True,True,True,3s,54,True
byrnu,bundle,byrnu,low,2528,1,0.09,16381,True,True,True,True,3s,54,True
bysellu,key_in,bysellu,low,2529,1,0.09,16643,True,True,True,True,3s,54,True
cafflo,cheat,cafflo,low,2530,1,0.09,15839,True,True,True,True,3s,54,True
cafnio,hollow,cafnio,low,2531,1,0.09,16053,True,True,True,True,3s,51,True
cafnu,hollow,cafnu,low,2532,1,0.09,15632,True,True,True,True,3s,54,True
camamseru,mistime,camamseru,low,2533,1,0.09,16400,True,True,True,True,3s,54,True
camarfer,misuse,camarfer,low,2534,1,0.09,17258,True,True,True,True,3s,54,True
camdeipio,mistype,camdeipio,low,2535,1,0.09,16320,True,True,True,True,3s,51,True
camdreulio,squander,camdreulio,low,2536,1,0.09,16654,True,True,True,True,3s,51,True
camdybio,mistake,camdybio,low,2537,1,0.09,15710,True,True,True,True,3s,51,True
camgyhuddo,accuse_falsely,camgyhuddo,low,2538,1,0.09,17248,True,True,True,True,3s,54,True
camgymryd,mistake,camgymryd,low,2539,1,0.09,16976,True,True,True,True,3s,54,True
camosod,mislay,camosod,low,2540,1,0.09,16133,True,True,True,True,3s,54,True
camsynio,mistake,camsynio,low,2541,1,0.09,15606,True,True,True,True,3s,51,True
cancru,fester,cancru,low,2542,1,0.09,16060,True,True,True,True,3s,54,True
caregu,petrify,caregu,low,2543,1,0.09,15778,True,True,True,True,3s,54,True
cawodi,shower,cawodi,low,2544,1,0.09,15650,True,True,True,True,3s,54,True
cecian,stutter,cecian,low,2545,1,0.09,15427,True,True,True,True,3s,51,True
cethru,pierce,cethru,low,2546,1,0.09,16049,True,True,True,True,3s,54,True
chwincio,wink,chwincio,low,2547,1,0.09,15767,True,True,True,True,3s,51,True
cilgwthio,repel,cilgwthio,low,2548,1,0.09,16229,True,True,True,True,3s,51,True
cipedrych,peep,cipedrych,low,2549,1,0.09,17580,True,True,True,True,3s,54,True
claeru,become_lukewarm,claeru,low,2550,1,0.09,16374,True,True,True,True,3s,54,True
clatsio,clout,clatsio,low,2551,1,0.09,16484,True,True,True,True,3s,51,True
cluro,colour,cluro,low,2552,1,0.09,16444,True,True,True,True,3s,54,True
clytio,patch,clytio,low,2553,1,0.09,16644,True,True,True,True,3s,54,True
cnydio,bear_fruit,cnydio,low,2554,1,0.09,15820,True,True,True,True,3s,51,True
cofftio,quaff,cofftio,low,2555,1,0.09,16316,True,True,True,True,3s,51,True
conffirmio,confirm,conffirmio,low,2556,1,0.09,16089,True,True,True,True,3s,51,True
corcio,cork,corcio,low,2557,1,0.09,16997,True,True,True,True,3s,51,True
corganu,chant,corganu,low,2558,1,0.09,16961,True,True,True,True,3s,54,True
crapio,grasp,crapio,low,2559,1,0.09,15663,True,True,True,True,3s,51,True
crawnio,fester,crawnio,low,2560,1,0.09,17601,True,True,True,True,3s,51,True
creiddio,centralise,creiddio,low,2561,1,0.09,16414,True,True,True,True,3s,51,True
crensio,crunch,crensio,low,2562,1,0.09,15453,True,True,True,True,3s,51,True
crimpio,crimp,crimpio,low,2563,1,0.09,15450,True,True,True,True,3s,51,True
croestynnu,disagree,croestynnu,low,2564,1,0.09,17492,True,True,True,True,3s,54,True
cropio,trim,cropio,low,2565,1,0.09,17620,True,True,True,True,3s,51,True
crychio,wrinkle,crychio,low,2566,1,0.09,15485,True,True,True,True,3s,51,True
cwrnad,nag,cwrnad,low,2567,1,0.09,16409,True,True,True,True,3s,54,True
cyd-deimlo,sympathise,cyd-deimlo,low,2568,1,0.09,16205,True,True,True,True,3s,54,True
cydariannu,co-finance,cydariannu,low,2569,1,0.09,16569,True,True,True,True,3s,59,True
cydffurfio,conform,cydffurfio,low,2570,1,0.09,17555,True,True,True,True,3s,51,True
cydymdrechu,make_a united effort,cydymdrechu,low,2571,1,0.09,17298,True,True,True,True,3s,54,True
cyfatebu,correspond_to,cyfatebu,low,2572,1,0.09,15846,True,True,True,True,3s,54,True
cyfebru,conceive,cyfebru,low,2573,1,0.09,15792,True,True,True,True,3s,54,True
cyflynu,cohere,cyflynu,low,2574,1,0.09,16458,True,True,True,True,3s,54,True
cyfredeg,keep_pace with,cyfredeg,low,2575,1,0.09,16322,True,True,True,True,3s,54,True
cyfrodeddu,entwine,cyfrodeddu,low,2576,1,0.09,16837,True,True,True,True,3s,54,True
cyfrwyo,saddle,cyfrwyo,low,2577,1,0.09,15609,True,True,True,True,3s,54,True
cyfundrefnu,systematise,cyfundrefnu,low,2578,1,0.09,17554,True,True,True,True,3s,54,True
cylchynu,surround,cylchynu,low,2579,1,0.09,15656,True,True,True,True,3s,54,True
cymowta,gallivant,cymowta,low,2580,1,0.09,16923,True,True,True,True,3s,54,True
cymynnu,bequeath,cymynnu,low,2581,1,0.09,16967,True,True,True,True,3s,54,True
cymynu,fell,cymynu,low,2582,1,0.09,15496,True,True,True,True,3s,54,True
cyn-gofrestru,preregister,cyn-gofrestru,low,2583,1,0.09,15701,True,True,True,True,3s,54,True
cyndynnu,act_stubbornly,cyndynnu,low,2584,1,0.09,16806,True,True,True,True,3s,54,True
cynffonna,toady,cynffonna,low,2585,1,0.09,16786,True,True,True,True,3s,54,True
cynhinio,rend,cynhinio,low,2586,1,0.09,16704,True,True,True,True,3s,51,True
cythryblu,harass,cythryblu,low,2587,1,0.09,15990,True,True,True,True,3s,54,True
cytio,pen,cytio,low,2588,1,0.09,16540,True,True,True,True,3s,51,True
cywyddu,versify,cywyddu,low,2589,1,0.09,15696,True,True,True,True,3s,54,True
dadolwch,make_amends,dadolwch,low,2590,1,0.09,17421,True,True,True,True,3s,54,True
dadreoleiddio,deregularise,dadreoleiddio,low,2591,1,0.09,15866,True,True,True,True,3s,51,True
dadsgriwio,unscrew,dadsgriwio,low,2592,1,0.09,16963,True,True,True,True,3s,51,True
dadwaddoli,disendow,dadwaddoli,low,2593,1,0.09,15823,True,True,True,True,3s,54,True
dadwreiddio,uproot,dadwreiddio,low,2594,1,0.09,17516,True,True,True,True,3s,51,True
daintio,nibble,daintio,low,2595,1,0.09,17376,True,True,True,True,3s,51,True
damcanu,theorise,damcanu,low,2596,1,0.09,17329,True,True,True,True,3s,58,True
dantio,daunt,dantio,low,2597,1,0.09,16355,True,True,True,True,3s,51,True
deffroi,waken,deffroi,low,2598,1,0.09,17252,True,True,True,True,3s,51,True
defni,drip,defni,low,2599,1,0.09,16840,True,True,True,True,3s,54,True
dewinio,prophesy,dewinio,low,2600,1,0.09,16981,True,True,True,True,3s,51,True
diadellu,herd,diadellu,low,2601,1,0.09,16267,True,True,True,True,3s,54,True
diaelodi,dismember,diaelodi,low,2602,1,0.09,15822,True,True,True,True,3s,54,True
diddosi,make_weather-proof,diddosi,low,2603,1,0.09,16024,True,True,True,True,3s,54,True
diddwytho,deduce,diddwytho,low,2604,1,0.09,16876,True,True,True,True,3s,54,True
difeddiannu,dispossess,difeddiannu,low,2605,1,0.09,16046,True,True,True,True,3s,58,True
difeio,hold_free of blame,difeio,low,2606,1,0.09,16957,True,True,True,True,3s,51,True
difuddio,deprive,difuddio,low,2607,1,0.09,17105,True,True,True,True,3s,51,True
dihengyd,escape,dihengyd,low,2608,1,0.09,16146,True,True,True,True,3s,54,True
dihysbyddu,drain,dihysbyddu,low,2609,1,0.09,16070,True,True,True,True,3s,54,True
diorsedd,depose,diorsedd,low,2610,1,0.09,17435,True,True,True,True,3s,54,True
dirboeni,torture,dirboeni,low,2611,1,0.09,15670,True,True,True,True,3s,54,True
dirnadu,wail,dirnadu,low,2612,1,0.09,17062,True,True,True,True,3s,54,True
disgyblaethu,discipline,disgyblaethu,low,2613,1,0.09,16467,True,True,True,True,3s,54,True
ditio,indict,ditio,low,2614,1,0.09,16488,True,True,True,True,3s,51,True
dwbio,dub,dwbio,low,2615,1,0.09,17016,True,True,True,True,3s,51,True
dychlamu,frisk,dychlamu,low,2616,1,0.09,15731,True,True,True,True,3s,58,True
dyfru,water,dyfru,low,2617,1,0.09,17173,True,True,True,True,3s,54,True
dyroddi,bestow,dyroddi,low,2618,1,0.09,15965,True,True,True,True,3s,54,True
dysgub,sweep_away,dysgub,low,2619,1,0.09,16646,True,True,True,True,3s,54,True
edifeirio,repent,edifeirio,low,2620,1,0.09,15828,True,True,True,True,3s,51,True
effeithioli,make_effective,effeithioli,low,2621,1,0.09,17550,True,True,True,True,3s,54,True
eitemeiddio,itemise,eitemeiddio,low,2622,1,0.09,16135,True,True,True,True,3s,51,True
ensynio,insinuate,ensynio,low,2623,1,0.09,16908,True,True,True,True,3s,51,True
enwogi,make_famous,enwogi,low,2624,1,0.09,16804,True,True,True,True,3s,54,True
erfynio,entreat,erfynio,low,2625,1,0.09,16884,True,True,True,True,3s,51,True
etholi,elect,etholi,low,2626,1,0.09,15401,True,True,True,True,3s,54,True
ewyllysu,will,ewyllysu,low,2627,1,0.09,17236,True,True,True,True,3s,54,True
ffalsio,deceive,ffalsio,low,2628,1,0.09,15356,True,True,True,True,3s,51,True
ffedereiddio,federate,ffedereiddio,low,2629,1,0.09,17511,True,True,True,True,3s,51,True
ffidlo,fiddle,ffidlo,low,2630,1,0.09,17164,True,True,True,True,3s,51,True
ffustio,pummel,ffustio,low,2631,1,0.09,17217,True,True,True,True,3s,51,True
galfaneiddio,galvanise,galfaneiddio,low,2632,1,0.09,16998,True,True,True,True,3s,51,True
garanu,fit_with a shaft,garanu,low,2633,1,0.09,16416,True,True,True,True,3s,54,True
glafoeri,slaver,glafoeri,low,2634,1,0.09,15449,True,True,True,True,3s,54,True
glaswenu,simper,glaswenu,low,2635,1,0.09,15491,True,True,True,True,3s,54,True
gogru,sift,gogru,low,2636,1,0.09,16629,True,True,True,True,3s,54,True
gorbrisio,overvalue,gorbrisio,low,2637,1,0.09,16152,True,True,True,True,3s,51,True
goruwchlywodraethu,overrule,goruwchlywodraethu,low,2638,1,0.09,16301,True,True,True,True,3s,54,True
graenio,spruce_up,graenio,low,2639,1,0.09,16206,True,True,True,True,3s,51,True
gwancu,gorge,gwancu,low,2640,1,0.09,17104,True,True,True,True,3s,54,True
gwanedu,dilute,gwanedu,low,2641,1,0.09,15713,True,True,True,True,3s,54,True
gwangalonni,lose_heart,gwangalonni,low,2642,1,0.09,17034,True,True,True,True,3s,54,True
gwastatu,level,gwastatu,low,2643,1,0.09,16262,True,True,True,True,3s,54,True
gwenieithu,flatter,gwenieithu,low,2644,1,0.09,17607,True,True,True,True,3s,54,True
gwleidyddoli,politicise,gwleidyddoli,low,2645,1,0.09,15858,True,True,True,True,3s,54,True
gwyddori,instruct,gwyddori,low,2646,1,0.09,16463,True,True,True,True,3s,54,True
herfeiddio,defy,herfeiddio,low,2647,1,0.09,15683,True,True,True,True,3s,51,True
hualu,fetter,hualu,low,2648,1,0.09,16543,True,True,True,True,3s,54,True
hulio,lay,hulio,low,2649,1,0.09,16528,True,True,True,True,3s,51,True
hunanddewis,self-select,hunanddewis,low,2650,1,0.09,17536,True,True,True,True,3s,55,True
hwsmona,cultivate,hwsmona,low,2651,1,0.09,16279,True,True,True,True,3s,54,True
iasu,simmer,iasu,low,2652,1,0.09,16531,True,True,True,True,3s,54,True
ireiddio,refresh,ireiddio,low,2653,1,0.09,16982,True,True,True,True,3s,51,True
iselu,lower,iselu,low,2654,1,0.09,16422,True,True,True,True,3s,54,True
lefeinio,leaven,lefeinio,low,2655,1,0.09,17378,True,True,True,True,3s,51,True
lladroni,steal,lladroni,low,2656,1,0.09,17251,True,True,True,True,3s,54,True
lled-orwedd,recline,lled-orwedd,low,2657,1,0.09,17349,True,True,True,True,3s,54,True
lledferwi,simmer,lledferwi,low,2658,1,0.09,15784,True,True,True,True,3s,54,True
llesgáu,enfeeble,llesgáu,low,2659,1,0.09,16165,True,True,True,True,3s,51,True
llestru,put_into_a_vessel,llestru,low,2660,1,0.09,16519,True,True,True,True,3s,54,True
llindagu,strangle,llindagu,low,2661,1,0.09,17361,True,True,True,True,3s,54,True
lloesi,get_rid of,lloesi,low,2662,1,0.09,16408,True,True,True,True,3s,54,True
lluniadu,portray,lluniadu,low,2663,1,0.09,15387,True,True,True,True,3s,55,True
llwybreiddio,guide,llwybreiddio,low,2664,1,0.09,17174,True,True,True,True,3s,51,True
llymhau,sharpen,llymhau,low,2665,1,0.09,17079,True,True,True,True,3s,50,True
llyo,lick,llyo,low,2666,1,0.09,17129,True,True,True,True,3s,54,True
mandadu,mandate,mandadu,low,2667,1,0.09,16588,True,True,True,True,3s,54,True
marchio,be in heat,marchio,low,2668,1,0.09,16349,True,True,True,True,3s,51,True
marweiddio,mortify,marweiddio,low,2669,1,0.09,17482,True,True,True,True,3s,51,True
meddalhau,soften,meddalhau,low,2670,1,0.09,16291,True,True,True,True,3s,50,True
meddyginiaethu,treat,meddyginiaethu,low,2671,1,0.09,16431,True,True,True,True,3s,54,True
meinhau,narrow,meinhau,low,2672,1,0.09,16703,True,True,True,True,3s,50,True
mercheta,womanise,mercheta,low,2673,1,0.09,17486,True,True,True,True,3s,54,True
meudwyo,live_like a hermit,meudwyo,low,2674,1,0.09,16099,True,True,True,True,3s,54,True
mitsio,mitch,mitsio,low,2675,1,0.09,15681,True,True,True,True,3s,51,True
mwyneiddio,become_gentle,mwyneiddio,low,2676,1,0.09,15830,True,True,True,True,3s,51,True
mydryddu,versify,mydryddu,low,2677,1,0.09,16912,True,True,True,True,3s,54,True
mygdarthu,burn_incense,mygdarthu,low,2678,1,0.09,15557,True,True,True,True,3s,54,True
negesa,run_a message,negesa,low,2679,1,0.09,16482,True,True,True,True,3s,54,True
palfalu,grope,palfalu,low,2680,1,0.09,16875,True,True,True,True,3s,58,True
parthu,separate,parthu,low,2681,1,0.09,16176,True,True,True,True,3s,54,True
pendrymu,be_dejected,pendrymu,low,2682,1,0.09,16917,True,True,True,True,3s,54,True
pereiddio,sweeten,pereiddio,low,2683,1,0.09,17588,True,True,True,True,3s,51,True
persawru,perfume,persawru,low,2684,1,0.09,16705,True,True,True,True,3s,54,True
peuo,pant,peuo,low,2685,1,0.09,16535,True,True,True,True,3s,54,True
pibyddio,play_pipes,pibyddio,low,2686,1,0.09,16147,True,True,True,True,3s,51,True
pladuro,mow_with a scythe,pladuro,low,2687,1,0.09,16080,True,True,True,True,3s,54,True
plisgo,shell,plisgo,low,2688,1,0.09,15782,True,True,True,True,3s,54,True
porthmona,deal_in cattle,porthmona,low,2689,1,0.09,16041,True,True,True,True,3s,54,True
proffidio,profit,proffidio,low,2690,1,0.09,16503,True,True,True,True,3s,51,True
pwffio,puff,pwffio,low,2691,1,0.09,15516,True,True,True,True,3s,51,True
pwyo,beat,pwyo,low,2692,1,0.09,17403,True,True,True,True,3s,51,True
pynio,truss,pynio,low,2693,1,0.09,15684,True,True,True,True,3s,51,True
rhacanu,rake,rhacanu,low,2694,1,0.09,15386,True,True,True,True,3s,59,True
rhagchwilio,reconnoitre,rhagchwilio,low,2695,1,0.09,15553,True,True,True,True,3s,51,True
rhaglunio,design_beforehand,rhaglunio,low,2696,1,0.09,16003,True,True,True,True,3s,51,True
rhagolygu,forecast,rhagolygu,low,2697,1,0.09,16462,True,True,True,True,3s,54,True
rhagrybuddio,forewarn,rhagrybuddio,low,2698,1,0.09,17597,True,True,True,True,3s,51,True
rhithio,transform_supernaturally,rhithio,low,2699,1,0.09,16627,True,True,True,True,3s,51,True
rhusio,shy,rhusio,low,2700,1,0.09,17242,True,True,True,True,3s,51,True
rhwchio,grunt,rhwchio,low,2701,1,0.09,17038,True,True,True,True,3s,51,True
rhyfygu,behave_arrrogantly,rhyfygu,low,2702,1,0.09,17593,True,True,True,True,3s,54,True
seco,sack,seco,low,2703,1,0.09,16500,True,True,True,True,3s,54,True
secondio,second,secondio,low,2704,1,0.09,17428,True,True,True,True,3s,51,True
secretu,secrete,secretu,low,2705,1,0.09,15879,True,True,True,True,3s,54,True
seguro,idle,seguro,low,2706,1,0.09,15799,True,True,True,True,3s,54,True
seimio,grease,seimio,low,2707,1,0.09,17020,True,True,True,True,3s,51,True
sengi,trample,sengi,low,2708,1,0.09,17605,True,True,True,True,3s,57,True
sgaldio,scald,sgaldio,low,2709,1,0.09,16584,True,True,True,True,3s,51,True
sgeintio,sprinkle,sgeintio,low,2710,1,0.09,17565,True,True,True,True,3s,51,True
sgrafellu,scrape,sgrafellu,low,2711,1,0.09,16759,True,True,True,True,3s,54,True
sgwlcan,skulk,sgwlcan,low,2712,1,0.09,16761,True,True,True,True,3s,54,True
slotio,slot,slotio,low,2713,1,0.09,17621,True,True,True,True,3s,51,True
stigmateiddio,stigmatise,stigmateiddio,low,2714,1,0.09,16914,True,True,True,True,3s,51,True
syllio,stare,syllio,low,2715,1,0.09,17442,True,True,True,True,3s,51,True
taenellu,sprinkle,taenellu,low,2716,1,0.09,17549,True,True,True,True,3s,54,True
talgrynnu,round up,talgrynnu,low,2717,1,0.09,15703,True,True,True,True,3s,54,True
tasio,stack,tasio,low,2718,1,0.09,15667,True,True,True,True,3s,51,True
tecáu,embellish,tecáu,low,2719,1,0.09,16424,True,True,True,True,3s,51,True
tempru,temper,tempru,low,2720,1,0.09,16777,True,True,True,True,3s,54,True
terfysgu,terrorise,terfysgu,low,2721,1,0.09,17171,True,True,True,True,3s,54,True
tra-awdurdodi,dominate,tra-awdurdodi,low,2722,1,0.09,17041,True,True,True,True,3s,54,True
trachwantu,covet,trachwantu,low,2723,1,0.09,17509,True,True,True,True,3s,54,True
tradyrchafu,exalt,tradyrchafu,low,2724,1,0.09,17547,True,True,True,True,3s,59,True
trawsddodi,transpose,trawsddodi,low,2725,1,0.09,17282,True,True,True,True,3s,54,True
trawsgyfeirio,cross-refer,trawsgyfeirio,low,2726,1,0.09,17151,True,True,True,True,3s,51,True
treblan,treble,treblan,low,2727,1,0.09,17010,True,True,True,True,3s,54,True
trosysgrifo,overwrite,trosysgrifo,low,2728,1,0.09,15999,True,True,True,True,3s,54,True
trwblo,trouble,trwblo,low,2729,1,0.09,16973,True,True,True,True,3s,54,True
tryledu,diffuse,tryledu,low,2730,1,0.09,17169,True,True,True,True,3s,54,True
tuthio,trot,tuthio,low,2731,1,0.09,16348,True,True,True,True,3s,51,True
twsian,sneeze,twsian,low,2732,1,0.09,16780,True,True,True,True,3s,51,True
twymno,warm,twymno,low,2733,1,0.09,16900,True,True,True,True,3s,54,True
tyrchio,burrow,tyrchio,low,2734,1,0.09,16075,True,True,True,True,3s,51,True
tywysio,lead,tywysio,low,2735,1,0.09,15927,True,True,True,True,3s,51,True
weirio,wire,weirio,low,2736,1,0.09,16358,True,True,True,True,3s,51,True
ymaelyd,grasp,ymaelyd,low,2737,1,0.09,17253,True,True,True,True,3s,54,True
ymawyddu,yearn,ymawyddu,low,2738,1,0.09,17606,True,True,True,True,3s,54,True
ymdaenu,disseminate,ymdaenu,low,2739,1,0.09,17254,True,True,True,True,3s,54,True
ymdannu,spread,ymdannu,low,2740,1,0.09,16293,True,True,True,True,3s,61,True
ymddyrchafu,exalt_oneself,ymddyrchafu,low,2741,1,0.09,17260,True,True,True,True,3s,59,True
ymegnïo,strive,ymegnïo,low,2742,1,0.09,16770,True,True,True,True,3s,51,True
ymehangu,spread_out,ymehangu,low,2743,1,0.09,16680,True,True,True,True,3s,58,True
ymeithrio,except,ymeithrio,low,2744,1,0.09,16565,True,True,True,True,3s,51,True
ymgaledu,become_hard,ymgaledu,low,2745,1,0.09,17256,True,True,True,True,3s,54,True
ymgripio,scratch,ymgripio,low,2746,1,0.09,17027,True,True,True,True,3s,51,True
ymgyfarwyddu,familiarise_oneself,ymgyfarwyddu,low,2747,1,0.09,17081,True,True,True,True,3s,54,True
ymgyfuno,ally_oneself,ymgyfuno,low,2748,1,0.09,17524,True,True,True,True,3s,54,True
ymrafaelio,differ,ymrafaelio,low,2749,1,0.09,16674,True,True,True,True,3s,51,True
ymwadu,renounce,ymwadu,low,2750,1,0.09,15705,True,True,True,True,3s,54,True
ymwisgo,dress,ymwisgo,low,2751,1,0.09,16667,True,True,True,True,3s,54,True
ymysgwyd,bestir_oneself,ymysgwyd,low,2752,1,0.09,17306,True,True,True,True,3s,54,True
ynfydu,go_mad,ynfydu,low,2753,1,0.09,16634,True,True,True,True,3s,54,True
ysboncio,bounce,ysboncio,low,2754,1,0.09,17118,True,True,True,True,3s,51,True
ysgrytio,shiver,ysgrytio,low,2755,1,0.09,17044,True,True,True,True,3s,51,True
