lemma,enlemma,verbnoun,lang,zipf,tier,freq_rank,cell_id,construction,tense,person,probed_person,probed_number,particle,requires_soft_mutation,aux_lemma,aux_gold,aux_gold_alts,gold,gold_alts,match_forms,seed,experiment
rhannu,share,rhannu,cy,5.568,high,50,synthetic_present_1s,synthetic,present,1s,1st,singular,,False,,,,rhannaf,,rhannaf,43,welsh_transfer_ood
rhannu,share,rhannu,cy,5.568,high,50,synthetic_present_2s,synthetic,present,2s,2nd,singular,,False,,,,rhenni,,rhenni,43,welsh_transfer_ood
rhannu,share,rhannu,cy,5.568,high,50,synthetic_present_3s,synthetic,present,3s,3rd,singular,,False,,,,rhanna,,rhanna,43,welsh_transfer_ood
rhannu,share,rhannu,cy,5.568,high,50,synthetic_present_1p,synthetic,present,1p,1st,plural,,False,,,,rhannwn,,rhannwn,43,welsh_transfer_ood
rhannu,share,rhannu,cy,5.568,high,50,synthetic_present_2p,synthetic,present,2p,2nd,plural,,False,,,,rhannwch,rhennwch,rhannwch|rhennwch,43,welsh_transfer_ood
rhannu,share,rhannu,cy,5.568,high,50,synthetic_present_3p,synthetic,present,3p,3rd,plural,,False,,,,rhannan,rhannant,rhannan|rhannant,43,welsh_transfer_ood
rhannu,share,rhannu,cy,5.568,high,50,synthetic_past_1s,synthetic,past,1s,1st,singular,,False,,,,rhannais,rhennais,rhannais|rhennais,43,welsh_transfer_ood
rhannu,share,rhannu,cy,5.568,high,50,synthetic_past_2s,synthetic,past,2s,2nd,singular,,False,,,,rhannaist,rhennaist,rhannaist|rhennaist,43,welsh_transfer_ood
rhannu,share,rhannu,cy,5.568,high,50,synthetic_past_3s,synthetic,past,3s,3rd,singular,,False,,,,rhannodd,,rhannodd,43,welsh_transfer_ood
rhannu,share,rhannu,cy,5.568,high,50,synthetic_past_1p,synthetic,past,1p,1st,plural,,False,,,,rhannon,rhanasom|rhansom,rhannon|rhanasom|rhansom,43,welsh_transfer_ood
rhannu,share,rhannu,cy,5.568,high,50,synthetic_past_2p,synthetic,past,2p,2nd,plural,,False,,,,rhannoch,rhanasoch|rhansoch,rhannoch|rhanasoch|rhansoch,43,welsh_transfer_ood
rhannu,share,rhannu,cy,5.568,high,50,synthetic_past_3p,synthetic,past,3p,3rd,plural,,False,,,,rhannon,rhanasant|rhanson,rhannon|rhanasant|rhanson,43,welsh_transfer_ood
rhannu,share,rhannu,cy,5.568,high,50,synthetic_imperfect_1s,synthetic,imperfect,1s,1st,singular,,False,,,,rhannwn,,rhannwn,43,welsh_transfer_ood
rhannu,share,rhannu,cy,5.568,high,50,synthetic_imperfect_2s,synthetic,imperfect,2s,2nd,singular,,False,,,,rhannet,rhannit,rhannet|rhannit,43,welsh_transfer_ood
rhannu,share,rhannu,cy,5.568,high,50,synthetic_imperfect_3s,synthetic,imperfect,3s,3rd,singular,,False,,,,rhannai,,rhannai,43,welsh_transfer_ood
rhannu,share,rhannu,cy,5.568,high,50,synthetic_imperfect_1p,synthetic,imperfect,1p,1st,plural,,False,,,,rhannem,,rhannem,43,welsh_transfer_ood
rhannu,share,rhannu,cy,5.568,high,50,synthetic_imperfect_2p,synthetic,imperfect,2p,2nd,plural,,False,,,,rhannech,,rhannech,43,welsh_transfer_ood
rhannu,share,rhannu,cy,5.568,high,50,synthetic_imperfect_3p,synthetic,imperfect,3p,3rd,plural,,False,,,,rhannent,,rhannent,43,welsh_transfer_ood
rhannu,share,rhannu,cy,5.568,high,50,periphrastic_present_1s,periphrastic,present,1s,1st,singular,yn,False,bod,rwyf,wyf|ydwyf|dw|ydw|rwy,rhannu,,rwyf|wyf|ydwyf|dw|ydw|rwy|rhannu,43,welsh_transfer_ood
rhannu,share,rhannu,cy,5.568,high,50,periphrastic_present_2s,periphrastic,present,2s,2nd,singular,yn,False,bod,rwyt,wyt|ydwyt,rhannu,,rwyt|wyt|ydwyt|rhannu,43,welsh_transfer_ood
rhannu,share,rhannu,cy,5.568,high,50,periphrastic_present_3s,periphrastic,present,3s,3rd,singular,yn,False,bod,mae,ydyw|yw|ydy|yn_dydy|ydi,rhannu,,mae|ydyw|yw|ydy|yn_dydy|ydi|rhannu,43,welsh_transfer_ood
rhannu,share,rhannu,cy,5.568,high,50,periphrastic_present_1p,periphrastic,present,1p,1st,plural,yn,False,bod,rydym,ydym|ŷm|dan|ydan|yn_dydan,rhannu,,rydym|ydym|ŷm|dan|ydan|yn_dydan|rhannu,43,welsh_transfer_ood
rhannu,share,rhannu,cy,5.568,high,50,periphrastic_present_2p,periphrastic,present,2p,2nd,plural,yn,False,bod,rydych,ych|ydych|dach|dych|ydach|yn_dydach,rhannu,,rydych|ych|ydych|dach|dych|ydach|yn_dydach|rhannu,43,welsh_transfer_ood
rhannu,share,rhannu,cy,5.568,high,50,periphrastic_present_3p,periphrastic,present,3p,3rd,plural,yn,False,bod,maen,maent|rydyn|rydynt|ydynt|ŷnt|ydyn|yn_dydyn|dyn,rhannu,,maen|maent|rydyn|rydynt|ydynt|ŷnt|ydyn|yn_dydyn|dyn|rhannu,43,welsh_transfer_ood
rhannu,share,rhannu,cy,5.568,high,50,periphrastic_past_1s,periphrastic,past,1s,1st,singular,,True,gwneud,gwnes,gwneuthum|gwnaes|gwnesaf,rannu,rhannu,gwnes|gwneuthum|gwnaes|gwnesaf|rannu|rhannu,43,welsh_transfer_ood
rhannu,share,rhannu,cy,5.568,high,50,periphrastic_past_2s,periphrastic,past,2s,2nd,singular,,True,gwneud,gwnêst,gwnaethost|gwnest,rannu,rhannu,gwnêst|gwnaethost|gwnest|rannu|rhannu,43,welsh_transfer_ood
rhannu,share,rhannu,cy,5.568,high,50,periphrastic_past_3s,periphrastic,past,3s,3rd,singular,,True,gwneud,nath,gwnaeth,rannu,rhannu,nath|gwnaeth|rannu|rhannu,43,welsh_transfer_ood
rhannu,share,rhannu,cy,5.568,high,50,periphrastic_past_1p,periphrastic,past,1p,1st,plural,,True,gwneud,gwnaethom,,rannu,rhannu,gwnaethom|rannu|rhannu,43,welsh_transfer_ood
rhannu,share,rhannu,cy,5.568,high,50,periphrastic_past_2p,periphrastic,past,2p,2nd,plural,,True,gwneud,gwnaethoch,gwnaesoch,rannu,rhannu,gwnaethoch|gwnaesoch|rannu|rhannu,43,welsh_transfer_ood
rhannu,share,rhannu,cy,5.568,high,50,periphrastic_past_3p,periphrastic,past,3p,3rd,plural,,True,gwneud,gwnaethon,gwnaethant|naethon,rannu,rhannu,gwnaethon|gwnaethant|naethon|rannu|rhannu,43,welsh_transfer_ood
rhannu,share,rhannu,cy,5.568,high,50,periphrastic_imperfect_1s,periphrastic,imperfect,1s,1st,singular,yn,False,bod,roeddwn,oeddwn|o'n|oeddaf|yn_doeddwn,rhannu,,roeddwn|oeddwn|o'n|oeddaf|yn_doeddwn|rhannu,43,welsh_transfer_ood
rhannu,share,rhannu,cy,5.568,high,50,periphrastic_imperfect_2s,periphrastic,imperfect,2s,2nd,singular,yn,False,bod,oeddet,oeddit|roeddet|oedda|oedde,rhannu,,oeddet|oeddit|roeddet|oedda|oedde|rhannu,43,welsh_transfer_ood
rhannu,share,rhannu,cy,5.568,high,50,periphrastic_imperfect_3s,periphrastic,imperfect,3s,3rd,singular,yn,False,bod,roedd,oedd|ydoedd|yn_doedd,rhannu,,roedd|oedd|ydoedd|yn_doedd|rhannu,43,welsh_transfer_ood
rhannu,share,rhannu,cy,5.568,high,50,periphrastic_imperfect_1p,periphrastic,imperfect,1p,1st,plural,yn,False,bod,roeddem,oeddem|oeddan,rhannu,,roeddem|oeddem|oeddan|rhannu,43,welsh_transfer_ood
rhannu,share,rhannu,cy,5.568,high,50,periphrastic_imperfect_2p,periphrastic,imperfect,2p,2nd,plural,yn,False,bod,roeddech,oeddech|yn_doeddech,rhannu,,roeddech|oeddech|yn_doeddech|rhannu,43,welsh_transfer_ood
rhannu,share,rhannu,cy,5.568,high,50,periphrastic_imperfect_3p,periphrastic,imperfect,3p,3rd,plural,yn,False,bod,roedden,oeddent|oeddynt|yn_doedden,rhannu,,roedden|oeddent|oeddynt|yn_doedden|rhannu,43,welsh_transfer_ood
rhannu,share,rhannu,cy,5.568,high,50,periphrastic_future_1s,periphrastic,future,1s,1st,singular,yn,False,bod,byddaf,bydda,rhannu,,byddaf|bydda|rhannu,43,welsh_transfer_ood
rhannu,share,rhannu,cy,5.568,high,50,periphrastic_future_2s,periphrastic,future,2s,2nd,singular,yn,False,bod,byddi,,rhannu,,byddi|rhannu,43,welsh_transfer_ood
rhannu,share,rhannu,cy,5.568,high,50,periphrastic_future_3s,periphrastic,future,3s,3rd,singular,yn,False,bod,bydd,,rhannu,,bydd|rhannu,43,welsh_transfer_ood
rhannu,share,rhannu,cy,5.568,high,50,periphrastic_future_1p,periphrastic,future,1p,1st,plural,yn,False,bod,byddwn,,rhannu,,byddwn|rhannu,43,welsh_transfer_ood
rhannu,share,rhannu,cy,5.568,high,50,periphrastic_future_2p,periphrastic,future,2p,2nd,plural,yn,False,bod,byddwch,,rhannu,,byddwch|rhannu,43,welsh_transfer_ood
rhannu,share,rhannu,cy,5.568,high,50,periphrastic_future_3p,periphrastic,future,3p,3rd,plural,yn,False,bod,byddan,byddant,rhannu,,byddan|byddant|rhannu,43,welsh_transfer_ood
diogelu,protect,diogelu,cy,5.195,high,114,synthetic_present_1s,synthetic,present,1s,1st,singular,,False,,,,diogelaf,,diogelaf,43,welsh_transfer_ood
diogelu,protect,diogelu,cy,5.195,high,114,synthetic_present_2s,synthetic,present,2s,2nd,singular,,False,,,,diogeli,,diogeli,43,welsh_transfer_ood
diogelu,protect,diogelu,cy,5.195,high,114,synthetic_present_3s,synthetic,present,3s,3rd,singular,,False,,,,diogela,,diogela,43,welsh_transfer_ood
diogelu,protect,diogelu,cy,5.195,high,114,synthetic_present_1p,synthetic,present,1p,1st,plural,,False,,,,diogelwn,,diogelwn,43,welsh_transfer_ood
diogelu,protect,diogelu,cy,5.195,high,114,synthetic_present_2p,synthetic,present,2p,2nd,plural,,False,,,,diogelwch,,diogelwch,43,welsh_transfer_ood
diogelu,protect,diogelu,cy,5.195,high,114,synthetic_present_3p,synthetic,present,3p,3rd,plural,,False,,,,diogelan,diogelant,diogelan|diogelant,43,welsh_transfer_ood
diogelu,protect,diogelu,cy,5.195,high,114,synthetic_past_1s,synthetic,past,1s,1st,singular,,False,,,,diogelais,,diogelais,43,welsh_transfer_ood
diogelu,protect,diogelu,cy,5.195,high,114,synthetic_past_2s,synthetic,past,2s,2nd,singular,,False,,,,diogelaist,,diogelaist,43,welsh_transfer_ood
diogelu,protect,diogelu,cy,5.195,high,114,synthetic_past_3s,synthetic,past,3s,3rd,singular,,False,,,,diogelodd,,diogelodd,43,welsh_transfer_ood
diogelu,protect,diogelu,cy,5.195,high,114,synthetic_past_1p,synthetic,past,1p,1st,plural,,False,,,,diogelon,diogelasom|diogelsom,diogelon|diogelasom|diogelsom,43,welsh_transfer_ood
diogelu,protect,diogelu,cy,5.195,high,114,synthetic_past_2p,synthetic,past,2p,2nd,plural,,False,,,,diogeloch,diogelasoch|diogelsoch,diogeloch|diogelasoch|diogelsoch,43,welsh_transfer_ood
diogelu,protect,diogelu,cy,5.195,high,114,synthetic_past_3p,synthetic,past,3p,3rd,plural,,False,,,,diogelon,diogelasant|diogelson,diogelon|diogelasant|diogelson,43,welsh_transfer_ood
diogelu,protect,diogelu,cy,5.195,high,114,synthetic_imperfect_1s,synthetic,imperfect,1s,1st,singular,,False,,,,diogelwn,,diogelwn,43,welsh_transfer_ood
diogelu,protect,diogelu,cy,5.195,high,114,synthetic_imperfect_2s,synthetic,imperfect,2s,2nd,singular,,False,,,,diogelet,diogelit,diogelet|diogelit,43,welsh_transfer_ood
diogelu,protect,diogelu,cy,5.195,high,114,synthetic_imperfect_3s,synthetic,imperfect,3s,3rd,singular,,False,,,,diogelai,,diogelai,43,welsh_transfer_ood
diogelu,protect,diogelu,cy,5.195,high,114,synthetic_imperfect_1p,synthetic,imperfect,1p,1st,plural,,False,,,,diogelem,,diogelem,43,welsh_transfer_ood
diogelu,protect,diogelu,cy,5.195,high,114,synthetic_imperfect_2p,synthetic,imperfect,2p,2nd,plural,,False,,,,diogelech,,diogelech,43,welsh_transfer_ood
diogelu,protect,diogelu,cy,5.195,high,114,synthetic_imperfect_3p,synthetic,imperfect,3p,3rd,plural,,False,,,,diogelent,,diogelent,43,welsh_transfer_ood
diogelu,protect,diogelu,cy,5.195,high,114,periphrastic_present_1s,periphrastic,present,1s,1st,singular,yn,False,bod,rwyf,wyf|ydwyf|dw|ydw|rwy,diogelu,,rwyf|wyf|ydwyf|dw|ydw|rwy|diogelu,43,welsh_transfer_ood
diogelu,protect,diogelu,cy,5.195,high,114,periphrastic_present_2s,periphrastic,present,2s,2nd,singular,yn,False,bod,rwyt,wyt|ydwyt,diogelu,,rwyt|wyt|ydwyt|diogelu,43,welsh_transfer_ood
diogelu,protect,diogelu,cy,5.195,high,114,periphrastic_present_3s,periphrastic,present,3s,3rd,singular,yn,False,bod,mae,ydyw|yw|ydy|yn_dydy|ydi,diogelu,,mae|ydyw|yw|ydy|yn_dydy|ydi|diogelu,43,welsh_transfer_ood
diogelu,protect,diogelu,cy,5.195,high,114,periphrastic_present_1p,periphrastic,present,1p,1st,plural,yn,False,bod,rydym,ydym|ŷm|dan|ydan|yn_dydan,diogelu,,rydym|ydym|ŷm|dan|ydan|yn_dydan|diogelu,43,welsh_transfer_ood
diogelu,protect,diogelu,cy,5.195,high,114,periphrastic_present_2p,periphrastic,present,2p,2nd,plural,yn,False,bod,rydych,ych|ydych|dach|dych|ydach|yn_dydach,diogelu,,rydych|ych|ydych|dach|dych|ydach|yn_dydach|diogelu,43,welsh_transfer_ood
diogelu,protect,diogelu,cy,5.195,high,114,periphrastic_present_3p,periphrastic,present,3p,3rd,plural,yn,False,bod,maen,maent|rydyn|rydynt|ydynt|ŷnt|ydyn|yn_dydyn|dyn,diogelu,,maen|maent|rydyn|rydynt|ydynt|ŷnt|ydyn|yn_dydyn|dyn|diogelu,43,welsh_transfer_ood
diogelu,protect,diogelu,cy,5.195,high,114,periphrastic_past_1s,periphrastic,past,1s,1st,singular,,True,gwneud,gwnes,gwneuthum|gwnaes|gwnesaf,ddiogelu,diogelu,gwnes|gwneuthum|gwnaes|gwnesaf|ddiogelu|diogelu,43,welsh_transfer_ood
diogelu,protect,diogelu,cy,5.195,high,114,periphrastic_past_2s,periphrastic,past,2s,2nd,singular,,True,gwneud,gwnêst,gwnaethost|gwnest,ddiogelu,diogelu,gwnêst|gwnaethost|gwnest|ddiogelu|diogelu,43,welsh_transfer_ood
diogelu,protect,diogelu,cy,5.195,high,114,periphrastic_past_3s,periphrastic,past,3s,3rd,singular,,True,gwneud,nath,gwnaeth,ddiogelu,diogelu,nath|gwnaeth|ddiogelu|diogelu,43,welsh_transfer_ood
diogelu,protect,diogelu,cy,5.195,high,114,periphrastic_past_1p,periphrastic,past,1p,1st,plural,,True,gwneud,gwnaethom,,ddiogelu,diogelu,gwnaethom|ddiogelu|diogelu,43,welsh_transfer_ood
diogelu,protect,diogelu,cy,5.195,high,114,periphrastic_past_2p,periphrastic,past,2p,2nd,plural,,True,gwneud,gwnaethoch,gwnaesoch,ddiogelu,diogelu,gwnaethoch|gwnaesoch|ddiogelu|diogelu,43,welsh_transfer_ood
diogelu,protect,diogelu,cy,5.195,high,114,periphrastic_past_3p,periphrastic,past,3p,3rd,plural,,True,gwneud,gwnaethon,gwnaethant|naethon,ddiogelu,diogelu,gwnaethon|gwnaethant|naethon|ddiogelu|diogelu,43,welsh_transfer_ood
diogelu,protect,diogelu,cy,5.195,high,114,periphrastic_imperfect_1s,periphrastic,imperfect,1s,1st,singular,yn,False,bod,roeddwn,oeddwn|o'n|oeddaf|yn_doeddwn,diogelu,,roeddwn|oeddwn|o'n|oeddaf|yn_doeddwn|diogelu,43,welsh_transfer_ood
diogelu,protect,diogelu,cy,5.195,high,114,periphrastic_imperfect_2s,periphrastic,imperfect,2s,2nd,singular,yn,False,bod,oeddet,oeddit|roeddet|oedda|oedde,diogelu,,oeddet|oeddit|roeddet|oedda|oedde|diogelu,43,welsh_transfer_ood
diogelu,protect,diogelu,cy,5.195,high,114,periphrastic_imperfect_3s,periphrastic,imperfect,3s,3rd,singular,yn,False,bod,roedd,oedd|ydoedd|yn_doedd,diogelu,,roedd|oedd|ydoedd|yn_doedd|diogelu,43,welsh_transfer_ood
diogelu,protect,diogelu,cy,5.195,high,114,periphrastic_imperfect_1p,periphrastic,imperfect,1p,1st,plural,yn,False,bod,roeddem,oeddem|oeddan,diogelu,,roeddem|oeddem|oeddan|diogelu,43,welsh_transfer_ood
diogelu,protect,diogelu,cy,5.195,high,114,periphrastic_imperfect_2p,periphrastic,imperfect,2p,2nd,plural,yn,False,bod,roeddech,oeddech|yn_doeddech,diogelu,,roeddech|oeddech|yn_doeddech|diogelu,43,welsh_transfer_ood
diogelu,protect,diogelu,cy,5.195,high,114,periphrastic_imperfect_3p,periphrastic,imperfect,3p,3rd,plural,yn,False,bod,roedden,oeddent|oeddynt|yn_doedden,diogelu,,roedden|oeddent|oeddynt|yn_doedden|diogelu,43,welsh_transfer_ood
diogelu,protect,diogelu,cy,5.195,high,114,periphrastic_future_1s,periphrastic,future,1s,1st,singular,yn,False,bod,byddaf,bydda,diogelu,,byddaf|bydda|diogelu,43,welsh_transfer_ood
diogelu,protect,diogelu,cy,5.195,high,114,periphrastic_future_2s,periphrastic,future,2s,2nd,singular,yn,False,bod,byddi,,diogelu,,byddi|diogelu,43,welsh_transfer_ood
diogelu,protect,diogelu,cy,5.195,high,114,periphrastic_future_3s,periphrastic,future,3s,3rd,singular,yn,False,bod,bydd,,diogelu,,bydd|diogelu,43,welsh_transfer_ood
diogelu,protect,diogelu,cy,5.195,high,114,periphrastic_future_1p,periphrastic,future,1p,1st,plural,yn,False,bod,byddwn,,diogelu,,byddwn|diogelu,43,welsh_transfer_ood
diogelu,protect,diogelu,cy,5.195,high,114,periphrastic_future_2p,periphrastic,future,2p,2nd,plural,yn,False,bod,byddwch,,diogelu,,byddwch|diogelu,43,welsh_transfer_ood
diogelu,protect,diogelu,cy,5.195,high,114,periphrastic_future_3p,periphrastic,future,3p,3rd,plural,yn,False,bod,byddan,byddant,diogelu,,byddan|byddant|diogelu,43,welsh_transfer_ood
pleidleisio,vote,pleidleisio,cy,5.016,high,170,synthetic_present_1s,synthetic,present,1s,1st,singular,,False,,,,pleidleisiaf,,pleidleisiaf,43,welsh_transfer_ood
pleidleisio,vote,pleidleisio,cy,5.016,high,170,synthetic_present_2s,synthetic,present,2s,2nd,singular,,False,,,,pleidleisi,,pleidleisi,43,welsh_transfer_ood
pleidleisio,vote,pleidleisio,cy,5.016,high,170,synthetic_present_3s,synthetic,present,3s,3rd,singular,,False,,,,pleidleisia,,pleidleisia,43,welsh_transfer_ood
pleidleisio,vote,pleidleisio,cy,5.016,high,170,synthetic_present_1p,synthetic,present,1p,1st,plural,,False,,,,pleidleisiwn,,pleidleisiwn,43,welsh_transfer_ood
pleidleisio,vote,pleidleisio,cy,5.016,high,170,synthetic_present_2p,synthetic,present,2p,2nd,plural,,False,,,,pleidleisiwch,,pleidleisiwch,43,welsh_transfer_ood
pleidleisio,vote,pleidleisio,cy,5.016,high,170,synthetic_present_3p,synthetic,present,3p,3rd,plural,,False,,,,pleidleisian,pleidleisiant,pleidleisian|pleidleisiant,43,welsh_transfer_ood
pleidleisio,vote,pleidleisio,cy,5.016,high,170,synthetic_past_1s,synthetic,past,1s,1st,singular,,False,,,,pleidleisiais,,pleidleisiais,43,welsh_transfer_ood
pleidleisio,vote,pleidleisio,cy,5.016,high,170,synthetic_past_2s,synthetic,past,2s,2nd,singular,,False,,,,pleidleisiaist,,pleidleisiaist,43,welsh_transfer_ood
pleidleisio,vote,pleidleisio,cy,5.016,high,170,synthetic_past_3s,synthetic,past,3s,3rd,singular,,False,,,,pleidleisiodd,,pleidleisiodd,43,welsh_transfer_ood
pleidleisio,vote,pleidleisio,cy,5.016,high,170,synthetic_past_1p,synthetic,past,1p,1st,plural,,False,,,,pleidleision,pleidleisiasom,pleidleision|pleidleisiasom,43,welsh_transfer_ood
pleidleisio,vote,pleidleisio,cy,5.016,high,170,synthetic_past_2p,synthetic,past,2p,2nd,plural,,False,,,,pleidleisioch,pleidleisiasoch,pleidleisioch|pleidleisiasoch,43,welsh_transfer_ood
pleidleisio,vote,pleidleisio,cy,5.016,high,170,synthetic_past_3p,synthetic,past,3p,3rd,plural,,False,,,,pleidleision,pleidleisiasant,pleidleision|pleidleisiasant,43,welsh_transfer_ood
pleidleisio,vote,pleidleisio,cy,5.016,high,170,synthetic_imperfect_1s,synthetic,imperfect,1s,1st,singular,,False,,,,pleidleisiwn,,pleidleisiwn,43,welsh_transfer_ood
pleidleisio,vote,pleidleisio,cy,5.016,high,170,synthetic_imperfect_2s,synthetic,imperfect,2s,2nd,singular,,False,,,,pleidleisiet,pleidleisit,pleidleisiet|pleidleisit,43,welsh_transfer_ood
pleidleisio,vote,pleidleisio,cy,5.016,high,170,synthetic_imperfect_3s,synthetic,imperfect,3s,3rd,singular,,False,,,,pleidleisiai,,pleidleisiai,43,welsh_transfer_ood
pleidleisio,vote,pleidleisio,cy,5.016,high,170,synthetic_imperfect_1p,synthetic,imperfect,1p,1st,plural,,False,,,,pleidleisiem,,pleidleisiem,43,welsh_transfer_ood
pleidleisio,vote,pleidleisio,cy,5.016,high,170,synthetic_imperfect_2p,synthetic,imperfect,2p,2nd,plural,,False,,,,pleidleisiech,,pleidleisiech,43,welsh_transfer_ood
pleidleisio,vote,pleidleisio,cy,5.016,high,170,synthetic_imperfect_3p,synthetic,imperfect,3p,3rd,plural,,False,,,,pleidleisient,,pleidleisient,43,welsh_transfer_ood
pleidleisio,vote,pleidleisio,cy,5.016,high,170,periphrastic_present_1s,periphrastic,present,1s,1st,singular,yn,False,bod,rwyf,wyf|ydwyf|dw|ydw|rwy,pleidleisio,,rwyf|wyf|ydwyf|dw|ydw|rwy|pleidleisio,43,welsh_transfer_ood
pleidleisio,vote,pleidleisio,cy,5.016,high,170,periphrastic_present_2s,periphrastic,present,2s,2nd,singular,yn,False,bod,rwyt,wyt|ydwyt,pleidleisio,,rwyt|wyt|ydwyt|pleidleisio,43,welsh_transfer_ood
pleidleisio,vote,pleidleisio,cy,5.016,high,170,periphrastic_present_3s,periphrastic,present,3s,3rd,singular,yn,False,bod,mae,ydyw|yw|ydy|yn_dydy|ydi,pleidleisio,,mae|ydyw|yw|ydy|yn_dydy|ydi|pleidleisio,43,welsh_transfer_ood
pleidleisio,vote,pleidleisio,cy,5.016,high,170,periphrastic_present_1p,periphrastic,present,1p,1st,plural,yn,False,bod,rydym,ydym|ŷm|dan|ydan|yn_dydan,pleidleisio,,rydym|ydym|ŷm|dan|ydan|yn_dydan|pleidleisio,43,welsh_transfer_ood
pleidleisio,vote,pleidleisio,cy,5.016,high,170,periphrastic_present_2p,periphrastic,present,2p,2nd,plural,yn,False,bod,rydych,ych|ydych|dach|dych|ydach|yn_dydach,pleidleisio,,rydych|ych|ydych|dach|dych|ydach|yn_dydach|pleidleisio,43,welsh_transfer_ood
pleidleisio,vote,pleidleisio,cy,5.016,high,170,periphrastic_present_3p,periphrastic,present,3p,3rd,plural,yn,False,bod,maen,maent|rydyn|rydynt|ydynt|ŷnt|ydyn|yn_dydyn|dyn,pleidleisio,,maen|maent|rydyn|rydynt|ydynt|ŷnt|ydyn|yn_dydyn|dyn|pleidleisio,43,welsh_transfer_ood
pleidleisio,vote,pleidleisio,cy,5.016,high,170,periphrastic_past_1s,periphrastic,past,1s,1st,singular,,True,gwneud,gwnes,gwneuthum|gwnaes|gwnesaf,bleidleisio,pleidleisio,gwnes|gwneuthum|gwnaes|gwnesaf|bleidleisio|pleidleisio,43,welsh_transfer_ood
pleidleisio,vote,pleidleisio,cy,5.016,high,170,periphrastic_past_2s,periphrastic,past,2s,2nd,singular,,True,gwneud,gwnêst,gwnaethost|gwnest,bleidleisio,pleidleisio,gwnêst|gwnaethost|gwnest|bleidleisio|pleidleisio,43,welsh_transfer_ood
pleidleisio,vote,pleidleisio,cy,5.016,high,170,periphrastic_past_3s,periphrastic,past,3s,3rd,singular,,True,gwneud,nath,gwnaeth,bleidleisio,pleidleisio,nath|gwnaeth|bleidleisio|pleidleisio,43,welsh_transfer_ood
pleidleisio,vote,pleidleisio,cy,5.016,high,170,periphrastic_past_1p,periphrastic,past,1p,1st,plural,,True,gwneud,gwnaethom,,bleidleisio,pleidleisio,gwnaethom|bleidleisio|pleidleisio,43,welsh_transfer_ood
pleidleisio,vote,pleidleisio,cy,5.016,high,170,periphrastic_past_2p,periphrastic,past,2p,2nd,plural,,True,gwneud,gwnaethoch,gwnaesoch,bleidleisio,pleidleisio,gwnaethoch|gwnaesoch|bleidleisio|pleidleisio,43,welsh_transfer_ood
pleidleisio,vote,pleidleisio,cy,5.016,high,170,periphrastic_past_3p,periphrastic,past,3p,3rd,plural,,True,gwneud,gwnaethon,gwnaethant|naethon,bleidleisio,pleidleisio,gwnaethon|gwnaethant|naethon|bleidleisio|pleidleisio,43,welsh_transfer_ood
pleidleisio,vote,pleidleisio,cy,5.016,high,170,periphrastic_imperfect_1s,periphrastic,imperfect,1s,1st,singular,yn,False,bod,roeddwn,oeddwn|o'n|oeddaf|yn_doeddwn,pleidleisio,,roeddwn|oeddwn|o'n|oeddaf|yn_doeddwn|pleidleisio,43,welsh_transfer_ood
pleidleisio,vote,pleidleisio,cy,5.016,high,170,periphrastic_imperfect_2s,periphrastic,imperfect,2s,2nd,singular,yn,False,bod,oeddet,oeddit|roeddet|oedda|oedde,pleidleisio,,oeddet|oeddit|roeddet|oedda|oedde|pleidleisio,43,welsh_transfer_ood
pleidleisio,vote,pleidleisio,cy,5.016,high,170,periphrastic_imperfect_3s,periphrastic,imperfect,3s,3rd,singular,yn,False,bod,roedd,oedd|ydoedd|yn_doedd,pleidleisio,,roedd|oedd|ydoedd|yn_doedd|pleidleisio,43,welsh_transfer_ood
pleidleisio,vote,pleidleisio,cy,5.016,high,170,periphrastic_imperfect_1p,periphrastic,imperfect,1p,1st,plural,yn,False,bod,roeddem,oeddem|oeddan,pleidleisio,,roeddem|oeddem|oeddan|pleidleisio,43,welsh_transfer_ood
pleidleisio,vote,pleidleisio,cy,5.016,high,170,periphrastic_imperfect_2p,periphrastic,imperfect,2p,2nd,plural,yn,False,bod,roeddech,oeddech|yn_doeddech,pleidleisio,,roeddech|oeddech|yn_doeddech|pleidleisio,43,welsh_transfer_ood
pleidleisio,vote,pleidleisio,cy,5.016,high,170,periphrastic_imperfect_3p,periphrastic,imperfect,3p,3rd,plural,yn,False,bod,roedden,oeddent|oeddynt|yn_doedden,pleidleisio,,roedden|oeddent|oeddynt|yn_doedden|pleidleisio,43,welsh_transfer_ood
pleidleisio,vote,pleidleisio,cy,5.016,high,170,periphrastic_future_1s,periphrastic,future,1s,1st,singular,yn,False,bod,byddaf,bydda,pleidleisio,,byddaf|bydda|pleidleisio,43,welsh_transfer_ood
pleidleisio,vote,pleidleisio,cy,5.016,high,170,periphrastic_future_2s,periphrastic,future,2s,2nd,singular,yn,False,bod,byddi,,pleidleisio,,byddi|pleidleisio,43,welsh_transfer_ood
pleidleisio,vote,pleidleisio,cy,5.016,high,170,periphrastic_future_3s,periphrastic,future,3s,3rd,singular,yn,False,bod,bydd,,pleidleisio,,bydd|pleidleisio,43,welsh_transfer_ood
pleidleisio,vote,pleidleisio,cy,5.016,high,170,periphrastic_future_1p,periphrastic,future,1p,1st,plural,yn,False,bod,byddwn,,pleidleisio,,byddwn|pleidleisio,43,welsh_transfer_ood
pleidleisio,vote,pleidleisio,cy,5.016,high,170,periphrastic_future_2p,periphrastic,future,2p,2nd,plural,yn,False,bod,byddwch,,pleidleisio,,byddwch|pleidleisio,43,welsh_transfer_ood
pleidleisio,vote,pleidleisio,cy,5.016,high,170,periphrastic_future_3p,periphrastic,future,3p,3rd,plural,yn,False,bod,byddan,byddant,pleidleisio,,byddan|byddant|pleidleisio,43,welsh_transfer_ood
gwrthod,refuse,gwrthod,cy,4.66,high,328,synthetic_present_1s,synthetic,present,1s,1st,singular,,False,,,,gwrthodaf,,gwrthodaf,43,welsh_transfer_ood
gwrthod,refuse,gwrthod,cy,4.66,high,328,synthetic_present_2s,synthetic,present,2s,2nd,singular,,False,,,,gwrthodi,,gwrthodi,43,welsh_transfer_ood
gwrthod,refuse,gwrthod,cy,4.66,high,328,synthetic_present_3s,synthetic,present,3s,3rd,singular,,False,,,,gwrthoda,gwrthyd,gwrthoda|gwrthyd,43,welsh_transfer_ood
gwrthod,refuse,gwrthod,cy,4.66,high,328,synthetic_present_1p,synthetic,present,1p,1st,plural,,False,,,,gwrthodwn,,gwrthodwn,43,welsh_transfer_ood
gwrthod,refuse,gwrthod,cy,4.66,high,328,synthetic_present_2p,synthetic,present,2p,2nd,plural,,False,,,,gwrthodwch,,gwrthodwch,43,welsh_transfer_ood
gwrthod,refuse,gwrthod,cy,4.66,high,328,synthetic_present_3p,synthetic,present,3p,3rd,plural,,False,,,,gwrthodan,gwrthodant,gwrthodan|gwrthodant,43,welsh_transfer_ood
gwrthod,refuse,gwrthod,cy,4.66,high,328,synthetic_past_1s,synthetic,past,1s,1st,singular,,False,,,,gwrthodais,,gwrthodais,43,welsh_transfer_ood
gwrthod,refuse,gwrthod,cy,4.66,high,328,synthetic_past_2s,synthetic,past,2s,2nd,singular,,False,,,,gwrthodaist,,gwrthodaist,43,welsh_transfer_ood
gwrthod,refuse,gwrthod,cy,4.66,high,328,synthetic_past_3s,synthetic,past,3s,3rd,singular,,False,,,,gwrthododd,,gwrthododd,43,welsh_transfer_ood
gwrthod,refuse,gwrthod,cy,4.66,high,328,synthetic_past_1p,synthetic,past,1p,1st,plural,,False,,,,gwrthodon,gwrthodasom|gwrthodsom,gwrthodon|gwrthodasom|gwrthodsom,43,welsh_transfer_ood
gwrthod,refuse,gwrthod,cy,4.66,high,328,synthetic_past_2p,synthetic,past,2p,2nd,plural,,False,,,,gwrthodoch,gwrthodasoch|gwrthodsoch,gwrthodoch|gwrthodasoch|gwrthodsoch,43,welsh_transfer_ood
gwrthod,refuse,gwrthod,cy,4.66,high,328,synthetic_past_3p,synthetic,past,3p,3rd,plural,,False,,,,gwrthodon,gwrthodasant|gwrthodson,gwrthodon|gwrthodasant|gwrthodson,43,welsh_transfer_ood
gwrthod,refuse,gwrthod,cy,4.66,high,328,synthetic_imperfect_1s,synthetic,imperfect,1s,1st,singular,,False,,,,gwrthodwn,,gwrthodwn,43,welsh_transfer_ood
gwrthod,refuse,gwrthod,cy,4.66,high,328,synthetic_imperfect_2s,synthetic,imperfect,2s,2nd,singular,,False,,,,gwrthodet,gwrthodit,gwrthodet|gwrthodit,43,welsh_transfer_ood
gwrthod,refuse,gwrthod,cy,4.66,high,328,synthetic_imperfect_3s,synthetic,imperfect,3s,3rd,singular,,False,,,,gwrthodai,,gwrthodai,43,welsh_transfer_ood
gwrthod,refuse,gwrthod,cy,4.66,high,328,synthetic_imperfect_1p,synthetic,imperfect,1p,1st,plural,,False,,,,gwrthodem,,gwrthodem,43,welsh_transfer_ood
gwrthod,refuse,gwrthod,cy,4.66,high,328,synthetic_imperfect_2p,synthetic,imperfect,2p,2nd,plural,,False,,,,gwrthodech,,gwrthodech,43,welsh_transfer_ood
gwrthod,refuse,gwrthod,cy,4.66,high,328,synthetic_imperfect_3p,synthetic,imperfect,3p,3rd,plural,,False,,,,gwrthodent,,gwrthodent,43,welsh_transfer_ood
gwrthod,refuse,gwrthod,cy,4.66,high,328,periphrastic_present_1s,periphrastic,present,1s,1st,singular,yn,False,bod,rwyf,wyf|ydwyf|dw|ydw|rwy,gwrthod,,rwyf|wyf|ydwyf|dw|ydw|rwy|gwrthod,43,welsh_transfer_ood
gwrthod,refuse,gwrthod,cy,4.66,high,328,periphrastic_present_2s,periphrastic,present,2s,2nd,singular,yn,False,bod,rwyt,wyt|ydwyt,gwrthod,,rwyt|wyt|ydwyt|gwrthod,43,welsh_transfer_ood
gwrthod,refuse,gwrthod,cy,4.66,high,328,periphrastic_present_3s,periphrastic,present,3s,3rd,singular,yn,False,bod,mae,ydyw|yw|ydy|yn_dydy|ydi,gwrthod,,mae|ydyw|yw|ydy|yn_dydy|ydi|gwrthod,43,welsh_transfer_ood
gwrthod,refuse,gwrthod,cy,4.66,high,328,periphrastic_present_1p,periphrastic,present,1p,1st,plural,yn,False,bod,rydym,ydym|ŷm|dan|ydan|yn_dydan,gwrthod,,rydym|ydym|ŷm|dan|ydan|yn_dydan|gwrthod,43,welsh_transfer_ood
gwrthod,refuse,gwrthod,cy,4.66,high,328,periphrastic_present_2p,periphrastic,present,2p,2nd,plural,yn,False,bod,rydych,ych|ydych|dach|dych|ydach|yn_dydach,gwrthod,,rydych|ych|ydych|dach|dych|ydach|yn_dydach|gwrthod,43,welsh_transfer_ood
gwrthod,refuse,gwrthod,cy,4.66,high,328,periphrastic_present_3p,periphrastic,present,3p,3rd,plural,yn,False,bod,maen,maent|rydyn|rydynt|ydynt|ŷnt|ydyn|yn_dydyn|dyn,gwrthod,,maen|maent|rydyn|rydynt|ydynt|ŷnt|ydyn|yn_dydyn|dyn|gwrthod,43,welsh_transfer_ood
gwrthod,refuse,gwrthod,cy,4.66,high,328,periphrastic_past_1s,periphrastic,past,1s,1st,singular,,True,gwneud,gwnes,gwneuthum|gwnaes|gwnesaf,wrthod,gwrthod,gwnes|gwneuthum|gwnaes|gwnesaf|wrthod|gwrthod,43,welsh_transfer_ood
gwrthod,refuse,gwrthod,cy,4.66,high,328,periphrastic_past_2s,periphrastic,past,2s,2nd,singular,,True,gwneud,gwnêst,gwnaethost|gwnest,wrthod,gwrthod,gwnêst|gwnaethost|gwnest|wrthod|gwrthod,43,welsh_transfer_ood
gwrthod,refuse,gwrthod,cy,4.66,high,328,periphrastic_past_3s,periphrastic,past,3s,3rd,singular,,True,gwneud,nath,gwnaeth,wrthod,gwrthod,nath|gwnaeth|wrthod|gwrthod,43,welsh_transfer_ood
gwrthod,refuse,gwrthod,cy,4.66,high,328,periphrastic_past_1p,periphrastic,past,1p,1st,plural,,True,gwneud,gwnaethom,,wrthod,gwrthod,gwnaethom|wrthod|gwrthod,43,welsh_transfer_ood
gwrthod,refuse,gwrthod,cy,4.66,high,328,periphrastic_past_2p,periphrastic,past,2p,2nd,plural,,True,gwneud,gwnaethoch,gwnaesoch,wrthod,gwrthod,gwnaethoch|gwnaesoch|wrthod|gwrthod,43,welsh_transfer_ood
gwrthod,refuse,gwrthod,cy,4.66,high,328,periphrastic_past_3p,periphrastic,past,3p,3rd,plural,,True,gwneud,gwnaethon,gwnaethant|naethon,wrthod,gwrthod,gwnaethon|gwnaethant|naethon|wrthod|gwrthod,43,welsh_transfer_ood
gwrthod,refuse,gwrthod,cy,4.66,high,328,periphrastic_imperfect_1s,periphrastic,imperfect,1s,1st,singular,yn,False,bod,roeddwn,oeddwn|o'n|oeddaf|yn_doeddwn,gwrthod,,roeddwn|oeddwn|o'n|oeddaf|yn_doeddwn|gwrthod,43,welsh_transfer_ood
gwrthod,refuse,gwrthod,cy,4.66,high,328,periphrastic_imperfect_2s,periphrastic,imperfect,2s,2nd,singular,yn,False,bod,oeddet,oeddit|roeddet|oedda|oedde,gwrthod,,oeddet|oeddit|roeddet|oedda|oedde|gwrthod,43,welsh_transfer_ood
gwrthod,refuse,gwrthod,cy,4.66,high,328,periphrastic_imperfect_3s,periphrastic,imperfect,3s,3rd,singular,yn,False,bod,roedd,oedd|ydoedd|yn_doedd,gwrthod,,roedd|oedd|ydoedd|yn_doedd|gwrthod,43,welsh_transfer_ood
gwrthod,refuse,gwrthod,cy,4.66,high,328,periphrastic_imperfect_1p,periphrastic,imperfect,1p,1st,plural,yn,False,bod,roeddem,oeddem|oeddan,gwrthod,,roeddem|oeddem|oeddan|gwrthod,43,welsh_transfer_ood
gwrthod,refuse,gwrthod,cy,4.66,high,328,periphrastic_imperfect_2p,periphrastic,imperfect,2p,2nd,plural,yn,False,bod,roeddech,oeddech|yn_doeddech,gwrthod,,roeddech|oeddech|yn_doeddech|gwrthod,43,welsh_transfer_ood
gwrthod,refuse,gwrthod,cy,4.66,high,328,periphrastic_imperfect_3p,periphrastic,imperfect,3p,3rd,plural,yn,False,bod,roedden,oeddent|oeddynt|yn_doedden,gwrthod,,roedden|oeddent|oeddynt|yn_doedden|gwrthod,43,welsh_transfer_ood
gwrthod,refuse,gwrthod,cy,4.66,high,328,periphrastic_future_1s,periphrastic,future,1s,1st,singular,yn,False,bod,byddaf,bydda,gwrthod,,byddaf|bydda|gwrthod,43,welsh_transfer_ood
gwrthod,refuse,gwrthod,cy,4.66,high,328,periphrastic_future_2s,periphrastic,future,2s,2nd,singular,yn,False,bod,byddi,,gwrthod,,byddi|gwrthod,43,welsh_transfer_ood
gwrthod,refuse,gwrthod,cy,4.66,high,328,periphrastic_future_3s,periphrastic,future,3s,3rd,singular,yn,False,bod,bydd,,gwrthod,,bydd|gwrthod,43,welsh_transfer_ood
gwrthod,refuse,gwrthod,cy,4.66,high,328,periphrastic_future_1p,periphrastic,future,1p,1st,plural,yn,False,bod,byddwn,,gwrthod,,byddwn|gwrthod,43,welsh_transfer_ood
gwrthod,refuse,gwrthod,cy,4.66,high,328,periphrastic_future_2p,periphrastic,future,2p,2nd,plural,yn,False,bod,byddwch,,gwrthod,,byddwch|gwrthod,43,welsh_transfer_ood
gwrthod,refuse,gwrthod,cy,4.66,high,328,periphrastic_future_3p,periphrastic,future,3p,3rd,plural,yn,False,bod,byddan,byddant,gwrthod,,byddan|byddant|gwrthod,43,welsh_transfer_ood
meddu,own,meddu,cy,4.51,high,420,synthetic_present_1s,synthetic,present,1s,1st,singular,,False,,,,meddaf,,meddaf,43,welsh_transfer_ood
meddu,own,meddu,cy,4.51,high,420,synthetic_present_2s,synthetic,present,2s,2nd,singular,,False,,,,meddi,,meddi,43,welsh_transfer_ood
meddu,own,meddu,cy,4.51,high,420,synthetic_present_3s,synthetic,present,3s,3rd,singular,,False,,,,medda,,medda,43,welsh_transfer_ood
meddu,own,meddu,cy,4.51,high,420,synthetic_present_1p,synthetic,present,1p,1st,plural,,False,,,,meddwn,,meddwn,43,welsh_transfer_ood
meddu,own,meddu,cy,4.51,high,420,synthetic_present_2p,synthetic,present,2p,2nd,plural,,False,,,,meddwch,,meddwch,43,welsh_transfer_ood
meddu,own,meddu,cy,4.51,high,420,synthetic_present_3p,synthetic,present,3p,3rd,plural,,False,,,,meddan,meddant,meddan|meddant,43,welsh_transfer_ood
meddu,own,meddu,cy,4.51,high,420,synthetic_past_1s,synthetic,past,1s,1st,singular,,False,,,,meddais,,meddais,43,welsh_transfer_ood
meddu,own,meddu,cy,4.51,high,420,synthetic_past_2s,synthetic,past,2s,2nd,singular,,False,,,,meddaist,,meddaist,43,welsh_transfer_ood
meddu,own,meddu,cy,4.51,high,420,synthetic_past_3s,synthetic,past,3s,3rd,singular,,False,,,,meddodd,,meddodd,43,welsh_transfer_ood
meddu,own,meddu,cy,4.51,high,420,synthetic_past_1p,synthetic,past,1p,1st,plural,,False,,,,meddon,meddasom|meddsom,meddon|meddasom|meddsom,43,welsh_transfer_ood
meddu,own,meddu,cy,4.51,high,420,synthetic_past_2p,synthetic,past,2p,2nd,plural,,False,,,,meddoch,meddasoch|meddsoch,meddoch|meddasoch|meddsoch,43,welsh_transfer_ood
meddu,own,meddu,cy,4.51,high,420,synthetic_past_3p,synthetic,past,3p,3rd,plural,,False,,,,meddon,meddasant|meddson,meddon|meddasant|meddson,43,welsh_transfer_ood
meddu,own,meddu,cy,4.51,high,420,synthetic_imperfect_1s,synthetic,imperfect,1s,1st,singular,,False,,,,meddwn,,meddwn,43,welsh_transfer_ood
meddu,own,meddu,cy,4.51,high,420,synthetic_imperfect_2s,synthetic,imperfect,2s,2nd,singular,,False,,,,meddet,meddit,meddet|meddit,43,welsh_transfer_ood
meddu,own,meddu,cy,4.51,high,420,synthetic_imperfect_3s,synthetic,imperfect,3s,3rd,singular,,False,,,,meddai,,meddai,43,welsh_transfer_ood
meddu,own,meddu,cy,4.51,high,420,synthetic_imperfect_1p,synthetic,imperfect,1p,1st,plural,,False,,,,meddem,,meddem,43,welsh_transfer_ood
meddu,own,meddu,cy,4.51,high,420,synthetic_imperfect_2p,synthetic,imperfect,2p,2nd,plural,,False,,,,meddech,,meddech,43,welsh_transfer_ood
meddu,own,meddu,cy,4.51,high,420,synthetic_imperfect_3p,synthetic,imperfect,3p,3rd,plural,,False,,,,meddent,,meddent,43,welsh_transfer_ood
meddu,own,meddu,cy,4.51,high,420,periphrastic_present_1s,periphrastic,present,1s,1st,singular,yn,False,bod,rwyf,wyf|ydwyf|dw|ydw|rwy,meddu,,rwyf|wyf|ydwyf|dw|ydw|rwy|meddu,43,welsh_transfer_ood
meddu,own,meddu,cy,4.51,high,420,periphrastic_present_2s,periphrastic,present,2s,2nd,singular,yn,False,bod,rwyt,wyt|ydwyt,meddu,,rwyt|wyt|ydwyt|meddu,43,welsh_transfer_ood
meddu,own,meddu,cy,4.51,high,420,periphrastic_present_3s,periphrastic,present,3s,3rd,singular,yn,False,bod,mae,ydyw|yw|ydy|yn_dydy|ydi,meddu,,mae|ydyw|yw|ydy|yn_dydy|ydi|meddu,43,welsh_transfer_ood
meddu,own,meddu,cy,4.51,high,420,periphrastic_present_1p,periphrastic,present,1p,1st,plural,yn,False,bod,rydym,ydym|ŷm|dan|ydan|yn_dydan,meddu,,rydym|ydym|ŷm|dan|ydan|yn_dydan|meddu,43,welsh_transfer_ood
meddu,own,meddu,cy,4.51,high,420,periphrastic_present_2p,periphrastic,present,2p,2nd,plural,yn,False,bod,rydych,ych|ydych|dach|dych|ydach|yn_dydach,meddu,,rydych|ych|ydych|dach|dych|ydach|yn_dydach|meddu,43,welsh_transfer_ood
meddu,own,meddu,cy,4.51,high,420,periphrastic_present_3p,periphrastic,present,3p,3rd,plural,yn,False,bod,maen,maent|rydyn|rydynt|ydynt|ŷnt|ydyn|yn_dydyn|dyn,meddu,,maen|maent|rydyn|rydynt|ydynt|ŷnt|ydyn|yn_dydyn|dyn|meddu,43,welsh_transfer_ood
meddu,own,meddu,cy,4.51,high,420,periphrastic_past_1s,periphrastic,past,1s,1st,singular,,True,gwneud,gwnes,gwneuthum|gwnaes|gwnesaf,feddu,meddu,gwnes|gwneuthum|gwnaes|gwnesaf|feddu|meddu,43,welsh_transfer_ood
meddu,own,meddu,cy,4.51,high,420,periphrastic_past_2s,periphrastic,past,2s,2nd,singular,,True,gwneud,gwnêst,gwnaethost|gwnest,feddu,meddu,gwnêst|gwnaethost|gwnest|feddu|meddu,43,welsh_transfer_ood
meddu,own,meddu,cy,4.51,high,420,periphrastic_past_3s,periphrastic,past,3s,3rd,singular,,True,gwneud,nath,gwnaeth,feddu,meddu,nath|gwnaeth|feddu|meddu,43,welsh_transfer_ood
meddu,own,meddu,cy,4.51,high,420,periphrastic_past_1p,periphrastic,past,1p,1st,plural,,True,gwneud,gwnaethom,,feddu,meddu,gwnaethom|feddu|meddu,43,welsh_transfer_ood
meddu,own,meddu,cy,4.51,high,420,periphrastic_past_2p,periphrastic,past,2p,2nd,plural,,True,gwneud,gwnaethoch,gwnaesoch,feddu,meddu,gwnaethoch|gwnaesoch|feddu|meddu,43,welsh_transfer_ood
meddu,own,meddu,cy,4.51,high,420,periphrastic_past_3p,periphrastic,past,3p,3rd,plural,,True,gwneud,gwnaethon,gwnaethant|naethon,feddu,meddu,gwnaethon|gwnaethant|naethon|feddu|meddu,43,welsh_transfer_ood
meddu,own,meddu,cy,4.51,high,420,periphrastic_imperfect_1s,periphrastic,imperfect,1s,1st,singular,yn,False,bod,roeddwn,oeddwn|o'n|oeddaf|yn_doeddwn,meddu,,roeddwn|oeddwn|o'n|oeddaf|yn_doeddwn|meddu,43,welsh_transfer_ood
meddu,own,meddu,cy,4.51,high,420,periphrastic_imperfect_2s,periphrastic,imperfect,2s,2nd,singular,yn,False,bod,oeddet,oeddit|roeddet|oedda|oedde,meddu,,oeddet|oeddit|roeddet|oedda|oedde|meddu,43,welsh_transfer_ood
meddu,own,meddu,cy,4.51,high,420,periphrastic_imperfect_3s,periphrastic,imperfect,3s,3rd,singular,yn,False,bod,roedd,oedd|ydoedd|yn_doedd,meddu,,roedd|oedd|ydoedd|yn_doedd|meddu,43,welsh_transfer_ood
meddu,own,meddu,cy,4.51,high,420,periphrastic_imperfect_1p,periphrastic,imperfect,1p,1st,plural,yn,False,bod,roeddem,oeddem|oeddan,meddu,,roeddem|oeddem|oeddan|meddu,43,welsh_transfer_ood
meddu,own,meddu,cy,4.51,high,420,periphrastic_imperfect_2p,periphrastic,imperfect,2p,2nd,plural,yn,False,bod,roeddech,oeddech|yn_doeddech,meddu,,roeddech|oeddech|yn_doeddech|meddu,43,welsh_transfer_ood
meddu,own,meddu,cy,4.51,high,420,periphrastic_imperfect_3p,periphrastic,imperfect,3p,3rd,plural,yn,False,bod,roedden,oeddent|oeddynt|yn_doedden,meddu,,roedden|oeddent|oeddynt|yn_doedden|meddu,43,welsh_transfer_ood
meddu,own,meddu,cy,4.51,high,420,periphrastic_future_1s,periphrastic,future,1s,1st,singular,yn,False,bod,byddaf,bydda,meddu,,byddaf|bydda|meddu,43,welsh_transfer_ood
meddu,own,meddu,cy,4.51,high,420,periphrastic_future_2s,periphrastic,future,2s,2nd,singular,yn,False,bod,byddi,,meddu,,byddi|meddu,43,welsh_transfer_ood
meddu,own,meddu,cy,4.51,high,420,periphrastic_future_3s,periphrastic,future,3s,3rd,singular,yn,False,bod,bydd,,meddu,,bydd|meddu,43,welsh_transfer_ood
meddu,own,meddu,cy,4.51,high,420,periphrastic_future_1p,periphrastic,future,1p,1st,plural,yn,False,bod,byddwn,,meddu,,byddwn|meddu,43,welsh_transfer_ood
meddu,own,meddu,cy,4.51,high,420,periphrastic_future_2p,periphrastic,future,2p,2nd,plural,yn,False,bod,byddwch,,meddu,,byddwch|meddu,43,welsh_transfer_ood
meddu,own,meddu,cy,4.51,high,420,periphrastic_future_3p,periphrastic,future,3p,3rd,plural,yn,False,bod,byddan,byddant,meddu,,byddan|byddant|meddu,43,welsh_transfer_ood
llofnodi,sign,llofnodi,cy,4.336,high,510,synthetic_present_1s,synthetic,present,1s,1st,singular,,False,,,,llofnodaf,,llofnodaf,43,welsh_transfer_ood
llofnodi,sign,llofnodi,cy,4.336,high,510,synthetic_present_2s,synthetic,present,2s,2nd,singular,,False,,,,llofnodi,,llofnodi,43,welsh_transfer_ood
llofnodi,sign,llofnodi,cy,4.336,high,510,synthetic_present_3s,synthetic,present,3s,3rd,singular,,False,,,,llofnoda,,llofnoda,43,welsh_transfer_ood
llofnodi,sign,llofnodi,cy,4.336,high,510,synthetic_present_1p,synthetic,present,1p,1st,plural,,False,,,,llofnodwn,,llofnodwn,43,welsh_transfer_ood
llofnodi,sign,llofnodi,cy,4.336,high,510,synthetic_present_2p,synthetic,present,2p,2nd,plural,,False,,,,llofnodwch,,llofnodwch,43,welsh_transfer_ood
llofnodi,sign,llofnodi,cy,4.336,high,510,synthetic_present_3p,synthetic,present,3p,3rd,plural,,False,,,,llofnodan,llofnodant,llofnodan|llofnodant,43,welsh_transfer_ood
llofnodi,sign,llofnodi,cy,4.336,high,510,synthetic_past_1s,synthetic,past,1s,1st,singular,,False,,,,llofnodais,,llofnodais,43,welsh_transfer_ood
llofnodi,sign,llofnodi,cy,4.336,high,510,synthetic_past_2s,synthetic,past,2s,2nd,singular,,False,,,,llofnodaist,,llofnodaist,43,welsh_transfer_ood
llofnodi,sign,llofnodi,cy,4.336,high,510,synthetic_past_3s,synthetic,past,3s,3rd,singular,,False,,,,llofnododd,,llofnododd,43,welsh_transfer_ood
llofnodi,sign,llofnodi,cy,4.336,high,510,synthetic_past_1p,synthetic,past,1p,1st,plural,,False,,,,llofnodon,llofnodasom|llofnodsom,llofnodon|llofnodasom|llofnodsom,43,welsh_transfer_ood
llofnodi,sign,llofnodi,cy,4.336,high,510,synthetic_past_2p,synthetic,past,2p,2nd,plural,,False,,,,llofnodoch,llofnodasoch|llofnodsoch,llofnodoch|llofnodasoch|llofnodsoch,43,welsh_transfer_ood
llofnodi,sign,llofnodi,cy,4.336,high,510,synthetic_past_3p,synthetic,past,3p,3rd,plural,,False,,,,llofnodon,llofnodasant|llofnodson,llofnodon|llofnodasant|llofnodson,43,welsh_transfer_ood
llofnodi,sign,llofnodi,cy,4.336,high,510,synthetic_imperfect_1s,synthetic,imperfect,1s,1st,singular,,False,,,,llofnodwn,,llofnodwn,43,welsh_transfer_ood
llofnodi,sign,llofnodi,cy,4.336,high,510,synthetic_imperfect_2s,synthetic,imperfect,2s,2nd,singular,,False,,,,llofnodet,llofnodit,llofnodet|llofnodit,43,welsh_transfer_ood
llofnodi,sign,llofnodi,cy,4.336,high,510,synthetic_imperfect_3s,synthetic,imperfect,3s,3rd,singular,,False,,,,llofnodai,,llofnodai,43,welsh_transfer_ood
llofnodi,sign,llofnodi,cy,4.336,high,510,synthetic_imperfect_1p,synthetic,imperfect,1p,1st,plural,,False,,,,llofnodem,,llofnodem,43,welsh_transfer_ood
llofnodi,sign,llofnodi,cy,4.336,high,510,synthetic_imperfect_2p,synthetic,imperfect,2p,2nd,plural,,False,,,,llofnodech,,llofnodech,43,welsh_transfer_ood
llofnodi,sign,llofnodi,cy,4.336,high,510,synthetic_imperfect_3p,synthetic,imperfect,3p,3rd,plural,,False,,,,llofnodent,,llofnodent,43,welsh_transfer_ood
llofnodi,sign,llofnodi,cy,4.336,high,510,periphrastic_present_1s,periphrastic,present,1s,1st,singular,yn,False,bod,rwyf,wyf|ydwyf|dw|ydw|rwy,llofnodi,,rwyf|wyf|ydwyf|dw|ydw|rwy|llofnodi,43,welsh_transfer_ood
llofnodi,sign,llofnodi,cy,4.336,high,510,periphrastic_present_2s,periphrastic,present,2s,2nd,singular,yn,False,bod,rwyt,wyt|ydwyt,llofnodi,,rwyt|wyt|ydwyt|llofnodi,43,welsh_transfer_ood
llofnodi,sign,llofnodi,cy,4.336,high,510,periphrastic_present_3s,periphrastic,present,3s,3rd,singular,yn,False,bod,mae,ydyw|yw|ydy|yn_dydy|ydi,llofnodi,,mae|ydyw|yw|ydy|yn_dydy|ydi|llofnodi,43,welsh_transfer_ood
llofnodi,sign,llofnodi,cy,4.336,high,510,periphrastic_present_1p,periphrastic,present,1p,1st,plural,yn,False,bod,rydym,ydym|ŷm|dan|ydan|yn_dydan,llofnodi,,rydym|ydym|ŷm|dan|ydan|yn_dydan|llofnodi,43,welsh_transfer_ood
llofnodi,sign,llofnodi,cy,4.336,high,510,periphrastic_present_2p,periphrastic,present,2p,2nd,plural,yn,False,bod,rydych,ych|ydych|dach|dych|ydach|yn_dydach,llofnodi,,rydych|ych|ydych|dach|dych|ydach|yn_dydach|llofnodi,43,welsh_transfer_ood
llofnodi,sign,llofnodi,cy,4.336,high,510,periphrastic_present_3p,periphrastic,present,3p,3rd,plural,yn,False,bod,maen,maent|rydyn|rydynt|ydynt|ŷnt|ydyn|yn_dydyn|dyn,llofnodi,,maen|maent|rydyn|rydynt|ydynt|ŷnt|ydyn|yn_dydyn|dyn|llofnodi,43,welsh_transfer_ood
llofnodi,sign,llofnodi,cy,4.336,high,510,periphrastic_past_1s,periphrastic,past,1s,1st,singular,,True,gwneud,gwnes,gwneuthum|gwnaes|gwnesaf,lofnodi,llofnodi,gwnes|gwneuthum|gwnaes|gwnesaf|lofnodi|llofnodi,43,welsh_transfer_ood
llofnodi,sign,llofnodi,cy,4.336,high,510,periphrastic_past_2s,periphrastic,past,2s,2nd,singular,,True,gwneud,gwnêst,gwnaethost|gwnest,lofnodi,llofnodi,gwnêst|gwnaethost|gwnest|lofnodi|llofnodi,43,welsh_transfer_ood
llofnodi,sign,llofnodi,cy,4.336,high,510,periphrastic_past_3s,periphrastic,past,3s,3rd,singular,,True,gwneud,nath,gwnaeth,lofnodi,llofnodi,nath|gwnaeth|lofnodi|llofnodi,43,welsh_transfer_ood
llofnodi,sign,llofnodi,cy,4.336,high,510,periphrastic_past_1p,periphrastic,past,1p,1st,plural,,True,gwneud,gwnaethom,,lofnodi,llofnodi,gwnaethom|lofnodi|llofnodi,43,welsh_transfer_ood
llofnodi,sign,llofnodi,cy,4.336,high,510,periphrastic_past_2p,periphrastic,past,2p,2nd,plural,,True,gwneud,gwnaethoch,gwnaesoch,lofnodi,llofnodi,gwnaethoch|gwnaesoch|lofnodi|llofnodi,43,welsh_transfer_ood
llofnodi,sign,llofnodi,cy,4.336,high,510,periphrastic_past_3p,periphrastic,past,3p,3rd,plural,,True,gwneud,gwnaethon,gwnaethant|naethon,lofnodi,llofnodi,gwnaethon|gwnaethant|naethon|lofnodi|llofnodi,43,welsh_transfer_ood
llofnodi,sign,llofnodi,cy,4.336,high,510,periphrastic_imperfect_1s,periphrastic,imperfect,1s,1st,singular,yn,False,bod,roeddwn,oeddwn|o'n|oeddaf|yn_doeddwn,llofnodi,,roeddwn|oeddwn|o'n|oeddaf|yn_doeddwn|llofnodi,43,welsh_transfer_ood
llofnodi,sign,llofnodi,cy,4.336,high,510,periphrastic_imperfect_2s,periphrastic,imperfect,2s,2nd,singular,yn,False,bod,oeddet,oeddit|roeddet|oedda|oedde,llofnodi,,oeddet|oeddit|roeddet|oedda|oedde|llofnodi,43,welsh_transfer_ood
llofnodi,sign,llofnodi,cy,4.336,high,510,periphrastic_imperfect_3s,periphrastic,imperfect,3s,3rd,singular,yn,False,bod,roedd,oedd|ydoedd|yn_doedd,llofnodi,,roedd|oedd|ydoedd|yn_doedd|llofnodi,43,welsh_transfer_ood
llofnodi,sign,llofnodi,cy,4.336,high,510,periphrastic_imperfect_1p,periphrastic,imperfect,1p,1st,plural,yn,False,bod,roeddem,oeddem|oeddan,llofnodi,,roeddem|oeddem|oeddan|llofnodi,43,welsh_transfer_ood
llofnodi,sign,llofnodi,cy,4.336,high,510,periphrastic_imperfect_2p,periphrastic,imperfect,2p,2nd,plural,yn,False,bod,roeddech,oeddech|yn_doeddech,llofnodi,,roeddech|oeddech|yn_doeddech|llofnodi,43,welsh_transfer_ood
llofnodi,sign,llofnodi,cy,4.336,high,510,periphrastic_imperfect_3p,periphrastic,imperfect,3p,3rd,plural,yn,False,bod,roedden,oeddent|oeddynt|yn_doedden,llofnodi,,roedden|oeddent|oeddynt|yn_doedden|llofnodi,43,welsh_transfer_ood
llofnodi,sign,llofnodi,cy,4.336,high,510,periphrastic_future_1s,periphrastic,future,1s,1st,singular,yn,False,bod,byddaf,bydda,llofnodi,,byddaf|bydda|llofnodi,43,welsh_transfer_ood
llofnodi,sign,llofnodi,cy,4.336,high,510,periphrastic_future_2s,periphrastic,future,2s,2nd,singular,yn,False,bod,byddi,,llofnodi,,byddi|llofnodi,43,welsh_transfer_ood
llofnodi,sign,llofnodi,cy,4.336,high,510,periphrastic_future_3s,periphrastic,future,3s,3rd,singular,yn,False,bod,bydd,,llofnodi,,bydd|llofnodi,43,welsh_transfer_ood
llofnodi,sign,llofnodi,cy,4.336,high,510,periphrastic_future_1p,periphrastic,future,1p,1st,plural,yn,False,bod,byddwn,,llofnodi,,byddwn|llofnodi,43,welsh_transfer_ood
llofnodi,sign,llofnodi,cy,4.336,high,510,periphrastic_future_2p,periphrastic,future,2p,2nd,plural,yn,False,bod,byddwch,,llofnodi,,byddwch|llofnodi,43,welsh_transfer_ood
llofnodi,sign,llofnodi,cy,4.336,high,510,periphrastic_future_3p,periphrastic,future,3p,3rd,plural,yn,False,bod,byddan,byddant,llofnodi,,byddan|byddant|llofnodi,43,welsh_transfer_ood
ymddiheuro,apologise,ymddiheuro,cy,4.324,high,520,synthetic_present_1s,synthetic,present,1s,1st,singular,,False,,,,ymddiheuraf,,ymddiheuraf,43,welsh_transfer_ood
ymddiheuro,apologise,ymddiheuro,cy,4.324,high,520,synthetic_present_2s,synthetic,present,2s,2nd,singular,,False,,,,ymddiheuri,,ymddiheuri,43,welsh_transfer_ood
ymddiheuro,apologise,ymddiheuro,cy,4.324,high,520,synthetic_present_3s,synthetic,present,3s,3rd,singular,,False,,,,ymddiheura,,ymddiheura,43,welsh_transfer_ood
ymddiheuro,apologise,ymddiheuro,cy,4.324,high,520,synthetic_present_1p,synthetic,present,1p,1st,plural,,False,,,,ymddiheurwn,,ymddiheurwn,43,welsh_transfer_ood
ymddiheuro,apologise,ymddiheuro,cy,4.324,high,520,synthetic_present_2p,synthetic,present,2p,2nd,plural,,False,,,,ymddiheurwch,,ymddiheurwch,43,welsh_transfer_ood
ymddiheuro,apologise,ymddiheuro,cy,4.324,high,520,synthetic_present_3p,synthetic,present,3p,3rd,plural,,False,,,,ymddiheuran,ymddiheurant,ymddiheuran|ymddiheurant,43,welsh_transfer_ood
ymddiheuro,apologise,ymddiheuro,cy,4.324,high,520,synthetic_past_1s,synthetic,past,1s,1st,singular,,False,,,,ymddiheurais,,ymddiheurais,43,welsh_transfer_ood
ymddiheuro,apologise,ymddiheuro,cy,4.324,high,520,synthetic_past_2s,synthetic,past,2s,2nd,singular,,False,,,,ymddiheuraist,,ymddiheuraist,43,welsh_transfer_ood
ymddiheuro,apologise,ymddiheuro,cy,4.324,high,520,synthetic_past_3s,synthetic,past,3s,3rd,singular,,False,,,,ymddiheurodd,,ymddiheurodd,43,welsh_transfer_ood
ymddiheuro,apologise,ymddiheuro,cy,4.324,high,520,synthetic_past_1p,synthetic,past,1p,1st,plural,,False,,,,ymddiheuron,ymddiheurasom|ymddiheursom,ymddiheuron|ymddiheurasom|ymddiheursom,43,welsh_transfer_ood
ymddiheuro,apologise,ymddiheuro,cy,4.324,high,520,synthetic_past_2p,synthetic,past,2p,2nd,plural,,False,,,,ymddiheuroch,ymddiheurasoch|ymddiheursoch,ymddiheuroch|ymddiheurasoch|ymddiheursoch,43,welsh_transfer_ood
ymddiheuro,apologise,ymddiheuro,cy,4.324,high,520,synthetic_past_3p,synthetic,past,3p,3rd,plural,,False,,,,ymddiheuron,ymddiheurasant|ymddiheurson,ymddiheuron|ymddiheurasant|ymddiheurson,43,welsh_transfer_ood
ymddiheuro,apologise,ymddiheuro,cy,4.324,high,520,synthetic_imperfect_1s,synthetic,imperfect,1s,1st,singular,,False,,,,ymddiheurwn,,ymddiheurwn,43,welsh_transfer_ood
ymddiheuro,apologise,ymddiheuro,cy,4.324,high,520,synthetic_imperfect_2s,synthetic,imperfect,2s,2nd,singular,,False,,,,ymddiheuret,ymddiheurit,ymddiheuret|ymddiheurit,43,welsh_transfer_ood
ymddiheuro,apologise,ymddiheuro,cy,4.324,high,520,synthetic_imperfect_3s,synthetic,imperfect,3s,3rd,singular,,False,,,,ymddiheurai,,ymddiheurai,43,welsh_transfer_ood
ymddiheuro,apologise,ymddiheuro,cy,4.324,high,520,synthetic_imperfect_1p,synthetic,imperfect,1p,1st,plural,,False,,,,ymddiheurem,,ymddiheurem,43,welsh_transfer_ood
ymddiheuro,apologise,ymddiheuro,cy,4.324,high,520,synthetic_imperfect_2p,synthetic,imperfect,2p,2nd,plural,,False,,,,ymddiheurech,,ymddiheurech,43,welsh_transfer_ood
ymddiheuro,apologise,ymddiheuro,cy,4.324,high,520,synthetic_imperfect_3p,synthetic,imperfect,3p,3rd,plural,,False,,,,ymddiheurent,,ymddiheurent,43,welsh_transfer_ood
ymddiheuro,apologise,ymddiheuro,cy,4.324,high,520,periphrastic_present_1s,periphrastic,present,1s,1st,singular,yn,False,bod,rwyf,wyf|ydwyf|dw|ydw|rwy,ymddiheuro,,rwyf|wyf|ydwyf|dw|ydw|rwy|ymddiheuro,43,welsh_transfer_ood
ymddiheuro,apologise,ymddiheuro,cy,4.324,high,520,periphrastic_present_2s,periphrastic,present,2s,2nd,singular,yn,False,bod,rwyt,wyt|ydwyt,ymddiheuro,,rwyt|wyt|ydwyt|ymddiheuro,43,welsh_transfer_ood
ymddiheuro,apologise,ymddiheuro,cy,4.324,high,520,periphrastic_present_3s,periphrastic,present,3s,3rd,singular,yn,False,bod,mae,ydyw|yw|ydy|yn_dydy|ydi,ymddiheuro,,mae|ydyw|yw|ydy|yn_dydy|ydi|ymddiheuro,43,welsh_transfer_ood
ymddiheuro,apologise,ymddiheuro,cy,4.324,high,520,periphrastic_present_1p,periphrastic,present,1p,1st,plural,yn,False,bod,rydym,ydym|ŷm|dan|ydan|yn_dydan,ymddiheuro,,rydym|ydym|ŷm|dan|ydan|yn_dydan|ymddiheuro,43,welsh_transfer_ood
ymddiheuro,apologise,ymddiheuro,cy,4.324,high,520,periphrastic_present_2p,periphrastic,present,2p,2nd,plural,yn,False,bod,rydych,ych|ydych|dach|dych|ydach|yn_dydach,ymddiheuro,,rydych|ych|ydych|dach|dych|ydach|yn_dydach|ymddiheuro,43,welsh_transfer_ood
ymddiheuro,apologise,ymddiheuro,cy,4.324,high,520,periphrastic_present_3p,periphrastic,present,3p,3rd,plural,yn,False,bod,maen,maent|rydyn|rydynt|ydynt|ŷnt|ydyn|yn_dydyn|dyn,ymddiheuro,,maen|maent|rydyn|rydynt|ydynt|ŷnt|ydyn|yn_dydyn|dyn|ymddiheuro,43,welsh_transfer_ood
ymddiheuro,apologise,ymddiheuro,cy,4.324,high,520,periphrastic_past_1s,periphrastic,past,1s,1st,singular,,True,gwneud,gwnes,gwneuthum|gwnaes|gwnesaf,ymddiheuro,,gwnes|gwneuthum|gwnaes|gwnesaf|ymddiheuro,43,welsh_transfer_ood
ymddiheuro,apologise,ymddiheuro,cy,4.324,high,520,periphrastic_past_2s,periphrastic,past,2s,2nd,singular,,True,gwneud,gwnêst,gwnaethost|gwnest,ymddiheuro,,gwnêst|gwnaethost|gwnest|ymddiheuro,43,welsh_transfer_ood
ymddiheuro,apologise,ymddiheuro,cy,4.324,high,520,periphrastic_past_3s,periphrastic,past,3s,3rd,singular,,True,gwneud,nath,gwnaeth,ymddiheuro,,nath|gwnaeth|ymddiheuro,43,welsh_transfer_ood
ymddiheuro,apologise,ymddiheuro,cy,4.324,high,520,periphrastic_past_1p,periphrastic,past,1p,1st,plural,,True,gwneud,gwnaethom,,ymddiheuro,,gwnaethom|ymddiheuro,43,welsh_transfer_ood
ymddiheuro,apologise,ymddiheuro,cy,4.324,high,520,periphrastic_past_2p,periphrastic,past,2p,2nd,plural,,True,gwneud,gwnaethoch,gwnaesoch,ymddiheuro,,gwnaethoch|gwnaesoch|ymddiheuro,43,welsh_transfer_ood
ymddiheuro,apologise,ymddiheuro,cy,4.324,high,520,periphrastic_past_3p,periphrastic,past,3p,3rd,plural,,True,gwneud,gwnaethon,gwnaethant|naethon,ymddiheuro,,gwnaethon|gwnaethant|naethon|ymddiheuro,43,welsh_transfer_ood
ymddiheuro,apologise,ymddiheuro,cy,4.324,high,520,periphrastic_imperfect_1s,periphrastic,imperfect,1s,1st,singular,yn,False,bod,roeddwn,oeddwn|o'n|oeddaf|yn_doeddwn,ymddiheuro,,roeddwn|oeddwn|o'n|oeddaf|yn_doeddwn|ymddiheuro,43,welsh_transfer_ood
ymddiheuro,apologise,ymddiheuro,cy,4.324,high,520,periphrastic_imperfect_2s,periphrastic,imperfect,2s,2nd,singular,yn,False,bod,oeddet,oeddit|roeddet|oedda|oedde,ymddiheuro,,oeddet|oeddit|roeddet|oedda|oedde|ymddiheuro,43,welsh_transfer_ood
ymddiheuro,apologise,ymddiheuro,cy,4.324,high,520,periphrastic_imperfect_3s,periphrastic,imperfect,3s,3rd,singular,yn,False,bod,roedd,oedd|ydoedd|yn_doedd,ymddiheuro,,roedd|oedd|ydoedd|yn_doedd|ymddiheuro,43,welsh_transfer_ood
ymddiheuro,apologise,ymddiheuro,cy,4.324,high,520,periphrastic_imperfect_1p,periphrastic,imperfect,1p,1st,plural,yn,False,bod,roeddem,oeddem|oeddan,ymddiheuro,,roeddem|oeddem|oeddan|ymddiheuro,43,welsh_transfer_ood
ymddiheuro,apologise,ymddiheuro,cy,4.324,high,520,periphrastic_imperfect_2p,periphrastic,imperfect,2p,2nd,plural,yn,False,bod,roeddech,oeddech|yn_doeddech,ymddiheuro,,roeddech|oeddech|yn_doeddech|ymddiheuro,43,welsh_transfer_ood
ymddiheuro,apologise,ymddiheuro,cy,4.324,high,520,periphrastic_imperfect_3p,periphrastic,imperfect,3p,3rd,plural,yn,False,bod,roedden,oeddent|oeddynt|yn_doedden,ymddiheuro,,roedden|oeddent|oeddynt|yn_doedden|ymddiheuro,43,welsh_transfer_ood
ymddiheuro,apologise,ymddiheuro,cy,4.324,high,520,periphrastic_future_1s,periphrastic,future,1s,1st,singular,yn,False,bod,byddaf,bydda,ymddiheuro,,byddaf|bydda|ymddiheuro,43,welsh_transfer_ood
ymddiheuro,apologise,ymddiheuro,cy,4.324,high,520,periphrastic_future_2s,periphrastic,future,2s,2nd,singular,yn,False,bod,byddi,,ymddiheuro,,byddi|ymddiheuro,43,welsh_transfer_ood
ymddiheuro,apologise,ymddiheuro,cy,4.324,high,520,periphrastic_future_3s,periphrastic,future,3s,3rd,singular,yn,False,bod,bydd,,ymddiheuro,,bydd|ymddiheuro,43,welsh_transfer_ood
ymddiheuro,apologise,ymddiheuro,cy,4.324,high,520,periphrastic_future_1p,periphrastic,future,1p,1st,plural,yn,False,bod,byddwn,,ymddiheuro,,byddwn|ymddiheuro,43,welsh_transfer_ood
ymddiheuro,apologise,ymddiheuro,cy,4.324,high,520,periphrastic_future_2p,periphrastic,future,2p,2nd,plural,yn,False,bod,byddwch,,ymddiheuro,,byddwch|ymddiheuro,43,welsh_transfer_ood
ymddiheuro,apologise,ymddiheuro,cy,4.324,high,520,periphrastic_future_3p,periphrastic,future,3p,3rd,plural,yn,False,bod,byddan,byddant,ymddiheuro,,byddan|byddant|ymddiheuro,43,welsh_transfer_ood
huno,sleep,huno,cy,4.271,high,557,synthetic_present_1s,synthetic,present,1s,1st,singular,,False,,,,hunaf,,hunaf,43,welsh_transfer_ood
huno,sleep,huno,cy,4.271,high,557,synthetic_present_2s,synthetic,present,2s,2nd,singular,,False,,,,huni,,huni,43,welsh_transfer_ood
huno,sleep,huno,cy,4.271,high,557,synthetic_present_3s,synthetic,present,3s,3rd,singular,,False,,,,huna,,huna,43,welsh_transfer_ood
huno,sleep,huno,cy,4.271,high,557,synthetic_present_1p,synthetic,present,1p,1st,plural,,False,,,,hunwn,,hunwn,43,welsh_transfer_ood
huno,sleep,huno,cy,4.271,high,557,synthetic_present_2p,synthetic,present,2p,2nd,plural,,False,,,,hunwch,,hunwch,43,welsh_transfer_ood
huno,sleep,huno,cy,4.271,high,557,synthetic_present_3p,synthetic,present,3p,3rd,plural,,False,,,,hunan,hunant,hunan|hunant,43,welsh_transfer_ood
huno,sleep,huno,cy,4.271,high,557,synthetic_past_1s,synthetic,past,1s,1st,singular,,False,,,,hunais,,hunais,43,welsh_transfer_ood
huno,sleep,huno,cy,4.271,high,557,synthetic_past_2s,synthetic,past,2s,2nd,singular,,False,,,,hunaist,,hunaist,43,welsh_transfer_ood
huno,sleep,huno,cy,4.271,high,557,synthetic_past_3s,synthetic,past,3s,3rd,singular,,False,,,,hunodd,,hunodd,43,welsh_transfer_ood
huno,sleep,huno,cy,4.271,high,557,synthetic_past_1p,synthetic,past,1p,1st,plural,,False,,,,hunon,hunasom|hunsom,hunon|hunasom|hunsom,43,welsh_transfer_ood
huno,sleep,huno,cy,4.271,high,557,synthetic_past_2p,synthetic,past,2p,2nd,plural,,False,,,,hunoch,hunasoch|hunsoch,hunoch|hunasoch|hunsoch,43,welsh_transfer_ood
huno,sleep,huno,cy,4.271,high,557,synthetic_past_3p,synthetic,past,3p,3rd,plural,,False,,,,hunon,hunasant|hunson,hunon|hunasant|hunson,43,welsh_transfer_ood
huno,sleep,huno,cy,4.271,high,557,synthetic_imperfect_1s,synthetic,imperfect,1s,1st,singular,,False,,,,hunwn,,hunwn,43,welsh_transfer_ood
huno,sleep,huno,cy,4.271,high,557,synthetic_imperfect_2s,synthetic,imperfect,2s,2nd,singular,,False,,,,hunet,hunit,hunet|hunit,43,welsh_transfer_ood
huno,sleep,huno,cy,4.271,high,557,synthetic_imperfect_3s,synthetic,imperfect,3s,3rd,singular,,False,,,,hunai,,hunai,43,welsh_transfer_ood
huno,sleep,huno,cy,4.271,high,557,synthetic_imperfect_1p,synthetic,imperfect,1p,1st,plural,,False,,,,hunem,,hunem,43,welsh_transfer_ood
huno,sleep,huno,cy,4.271,high,557,synthetic_imperfect_2p,synthetic,imperfect,2p,2nd,plural,,False,,,,hunech,,hunech,43,welsh_transfer_ood
huno,sleep,huno,cy,4.271,high,557,synthetic_imperfect_3p,synthetic,imperfect,3p,3rd,plural,,False,,,,hunent,,hunent,43,welsh_transfer_ood
huno,sleep,huno,cy,4.271,high,557,periphrastic_present_1s,periphrastic,present,1s,1st,singular,yn,False,bod,rwyf,wyf|ydwyf|dw|ydw|rwy,huno,,rwyf|wyf|ydwyf|dw|ydw|rwy|huno,43,welsh_transfer_ood
huno,sleep,huno,cy,4.271,high,557,periphrastic_present_2s,periphrastic,present,2s,2nd,singular,yn,False,bod,rwyt,wyt|ydwyt,huno,,rwyt|wyt|ydwyt|huno,43,welsh_transfer_ood
huno,sleep,huno,cy,4.271,high,557,periphrastic_present_3s,periphrastic,present,3s,3rd,singular,yn,False,bod,mae,ydyw|yw|ydy|yn_dydy|ydi,huno,,mae|ydyw|yw|ydy|yn_dydy|ydi|huno,43,welsh_transfer_ood
huno,sleep,huno,cy,4.271,high,557,periphrastic_present_1p,periphrastic,present,1p,1st,plural,yn,False,bod,rydym,ydym|ŷm|dan|ydan|yn_dydan,huno,,rydym|ydym|ŷm|dan|ydan|yn_dydan|huno,43,welsh_transfer_ood
huno,sleep,huno,cy,4.271,high,557,periphrastic_present_2p,periphrastic,present,2p,2nd,plural,yn,False,bod,rydych,ych|ydych|dach|dych|ydach|yn_dydach,huno,,rydych|ych|ydych|dach|dych|ydach|yn_dydach|huno,43,welsh_transfer_ood
huno,sleep,huno,cy,4.271,high,557,periphrastic_present_3p,periphrastic,present,3p,3rd,plural,yn,False,bod,maen,maent|rydyn|rydynt|ydynt|ŷnt|ydyn|yn_dydyn|dyn,huno,,maen|maent|rydyn|rydynt|ydynt|ŷnt|ydyn|yn_dydyn|dyn|huno,43,welsh_transfer_ood
huno,sleep,huno,cy,4.271,high,557,periphrastic_past_1s,periphrastic,past,1s,1st,singular,,True,gwneud,gwnes,gwneuthum|gwnaes|gwnesaf,huno,,gwnes|gwneuthum|gwnaes|gwnesaf|huno,43,welsh_transfer_ood
huno,sleep,huno,cy,4.271,high,557,periphrastic_past_2s,periphrastic,past,2s,2nd,singular,,True,gwneud,gwnêst,gwnaethost|gwnest,huno,,gwnêst|gwnaethost|gwnest|huno,43,welsh_transfer_ood
huno,sleep,huno,cy,4.271,high,557,periphrastic_past_3s,periphrastic,past,3s,3rd,singular,,True,gwneud,nath,gwnaeth,huno,,nath|gwnaeth|huno,43,welsh_transfer_ood
huno,sleep,huno,cy,4.271,high,557,periphrastic_past_1p,periphrastic,past,1p,1st,plural,,True,gwneud,gwnaethom,,huno,,gwnaethom|huno,43,welsh_transfer_ood
huno,sleep,huno,cy,4.271,high,557,periphrastic_past_2p,periphrastic,past,2p,2nd,plural,,True,gwneud,gwnaethoch,gwnaesoch,huno,,gwnaethoch|gwnaesoch|huno,43,welsh_transfer_ood
huno,sleep,huno,cy,4.271,high,557,periphrastic_past_3p,periphrastic,past,3p,3rd,plural,,True,gwneud,gwnaethon,gwnaethant|naethon,huno,,gwnaethon|gwnaethant|naethon|huno,43,welsh_transfer_ood
huno,sleep,huno,cy,4.271,high,557,periphrastic_imperfect_1s,periphrastic,imperfect,1s,1st,singular,yn,False,bod,roeddwn,oeddwn|o'n|oeddaf|yn_doeddwn,huno,,roeddwn|oeddwn|o'n|oeddaf|yn_doeddwn|huno,43,welsh_transfer_ood
huno,sleep,huno,cy,4.271,high,557,periphrastic_imperfect_2s,periphrastic,imperfect,2s,2nd,singular,yn,False,bod,oeddet,oeddit|roeddet|oedda|oedde,huno,,oeddet|oeddit|roeddet|oedda|oedde|huno,43,welsh_transfer_ood
huno,sleep,huno,cy,4.271,high,557,periphrastic_imperfect_3s,periphrastic,imperfect,3s,3rd,singular,yn,False,bod,roedd,oedd|ydoedd|yn_doedd,huno,,roedd|oedd|ydoedd|yn_doedd|huno,43,welsh_transfer_ood
huno,sleep,huno,cy,4.271,high,557,periphrastic_imperfect_1p,periphrastic,imperfect,1p,1st,plural,yn,False,bod,roeddem,oeddem|oeddan,huno,,roeddem|oeddem|oeddan|huno,43,welsh_transfer_ood
huno,sleep,huno,cy,4.271,high,557,periphrastic_imperfect_2p,periphrastic,imperfect,2p,2nd,plural,yn,False,bod,roeddech,oeddech|yn_doeddech,huno,,roeddech|oeddech|yn_doeddech|huno,43,welsh_transfer_ood
huno,sleep,huno,cy,4.271,high,557,periphrastic_imperfect_3p,periphrastic,imperfect,3p,3rd,plural,yn,False,bod,roedden,oeddent|oeddynt|yn_doedden,huno,,roedden|oeddent|oeddynt|yn_doedden|huno,43,welsh_transfer_ood
huno,sleep,huno,cy,4.271,high,557,periphrastic_future_1s,periphrastic,future,1s,1st,singular,yn,False,bod,byddaf,bydda,huno,,byddaf|bydda|huno,43,welsh_transfer_ood
huno,sleep,huno,cy,4.271,high,557,periphrastic_future_2s,periphrastic,future,2s,2nd,singular,yn,False,bod,byddi,,huno,,byddi|huno,43,welsh_transfer_ood
huno,sleep,huno,cy,4.271,high,557,periphrastic_future_3s,periphrastic,future,3s,3rd,singular,yn,False,bod,bydd,,huno,,bydd|huno,43,welsh_transfer_ood
huno,sleep,huno,cy,4.271,high,557,periphrastic_future_1p,periphrastic,future,1p,1st,plural,yn,False,bod,byddwn,,huno,,byddwn|huno,43,welsh_transfer_ood
huno,sleep,huno,cy,4.271,high,557,periphrastic_future_2p,periphrastic,future,2p,2nd,plural,yn,False,bod,byddwch,,huno,,byddwch|huno,43,welsh_transfer_ood
huno,sleep,huno,cy,4.271,high,557,periphrastic_future_3p,periphrastic,future,3p,3rd,plural,yn,False,bod,byddan,byddant,huno,,byddan|byddant|huno,43,welsh_transfer_ood
goresgyn,overcome,goresgyn,cy,4.136,high,668,synthetic_present_1s,synthetic,present,1s,1st,singular,,False,,,,goresgynnaf,,goresgynnaf,43,welsh_transfer_ood
goresgyn,overcome,goresgyn,cy,4.136,high,668,synthetic_present_2s,synthetic,present,2s,2nd,singular,,False,,,,goresgynni,,goresgynni,43,welsh_transfer_ood
goresgyn,overcome,goresgyn,cy,4.136,high,668,synthetic_present_3s,synthetic,present,3s,3rd,singular,,False,,,,goresgyn,,goresgyn,43,welsh_transfer_ood
goresgyn,overcome,goresgyn,cy,4.136,high,668,synthetic_present_1p,synthetic,present,1p,1st,plural,,False,,,,goresgynnwn,,goresgynnwn,43,welsh_transfer_ood
goresgyn,overcome,goresgyn,cy,4.136,high,668,synthetic_present_2p,synthetic,present,2p,2nd,plural,,False,,,,goresgynnwch,,goresgynnwch,43,welsh_transfer_ood
goresgyn,overcome,goresgyn,cy,4.136,high,668,synthetic_present_3p,synthetic,present,3p,3rd,plural,,False,,,,goresgynnan,goresgynnant,goresgynnan|goresgynnant,43,welsh_transfer_ood
goresgyn,overcome,goresgyn,cy,4.136,high,668,synthetic_past_1s,synthetic,past,1s,1st,singular,,False,,,,goresgynnais,,goresgynnais,43,welsh_transfer_ood
goresgyn,overcome,goresgyn,cy,4.136,high,668,synthetic_past_2s,synthetic,past,2s,2nd,singular,,False,,,,goresgynnaist,,goresgynnaist,43,welsh_transfer_ood
goresgyn,overcome,goresgyn,cy,4.136,high,668,synthetic_past_3s,synthetic,past,3s,3rd,singular,,False,,,,goresgynnodd,,goresgynnodd,43,welsh_transfer_ood
goresgyn,overcome,goresgyn,cy,4.136,high,668,synthetic_past_1p,synthetic,past,1p,1st,plural,,False,,,,goresgynnon,goresgynasom|goresgynsom,goresgynnon|goresgynasom|goresgynsom,43,welsh_transfer_ood
goresgyn,overcome,goresgyn,cy,4.136,high,668,synthetic_past_2p,synthetic,past,2p,2nd,plural,,False,,,,goresgynnoch,goresgynasoch|goresgynsoch,goresgynnoch|goresgynasoch|goresgynsoch,43,welsh_transfer_ood
goresgyn,overcome,goresgyn,cy,4.136,high,668,synthetic_past_3p,synthetic,past,3p,3rd,plural,,False,,,,goresgynnon,goresgynasant|goresgynson,goresgynnon|goresgynasant|goresgynson,43,welsh_transfer_ood
goresgyn,overcome,goresgyn,cy,4.136,high,668,synthetic_imperfect_1s,synthetic,imperfect,1s,1st,singular,,False,,,,goresgynnwn,,goresgynnwn,43,welsh_transfer_ood
goresgyn,overcome,goresgyn,cy,4.136,high,668,synthetic_imperfect_2s,synthetic,imperfect,2s,2nd,singular,,False,,,,goresgynnet,goresgynnit,goresgynnet|goresgynnit,43,welsh_transfer_ood
goresgyn,overcome,goresgyn,cy,4.136,high,668,synthetic_imperfect_3s,synthetic,imperfect,3s,3rd,singular,,False,,,,goresgynnai,,goresgynnai,43,welsh_transfer_ood
goresgyn,overcome,goresgyn,cy,4.136,high,668,synthetic_imperfect_1p,synthetic,imperfect,1p,1st,plural,,False,,,,goresgynnem,,goresgynnem,43,welsh_transfer_ood
goresgyn,overcome,goresgyn,cy,4.136,high,668,synthetic_imperfect_2p,synthetic,imperfect,2p,2nd,plural,,False,,,,goresgynnech,,goresgynnech,43,welsh_transfer_ood
goresgyn,overcome,goresgyn,cy,4.136,high,668,synthetic_imperfect_3p,synthetic,imperfect,3p,3rd,plural,,False,,,,goresgynnent,,goresgynnent,43,welsh_transfer_ood
goresgyn,overcome,goresgyn,cy,4.136,high,668,periphrastic_present_1s,periphrastic,present,1s,1st,singular,yn,False,bod,rwyf,wyf|ydwyf|dw|ydw|rwy,goresgyn,,rwyf|wyf|ydwyf|dw|ydw|rwy|goresgyn,43,welsh_transfer_ood
goresgyn,overcome,goresgyn,cy,4.136,high,668,periphrastic_present_2s,periphrastic,present,2s,2nd,singular,yn,False,bod,rwyt,wyt|ydwyt,goresgyn,,rwyt|wyt|ydwyt|goresgyn,43,welsh_transfer_ood
goresgyn,overcome,goresgyn,cy,4.136,high,668,periphrastic_present_3s,periphrastic,present,3s,3rd,singular,yn,False,bod,mae,ydyw|yw|ydy|yn_dydy|ydi,goresgyn,,mae|ydyw|yw|ydy|yn_dydy|ydi|goresgyn,43,welsh_transfer_ood
goresgyn,overcome,goresgyn,cy,4.136,high,668,periphrastic_present_1p,periphrastic,present,1p,1st,plural,yn,False,bod,rydym,ydym|ŷm|dan|ydan|yn_dydan,goresgyn,,rydym|ydym|ŷm|dan|ydan|yn_dydan|goresgyn,43,welsh_transfer_ood
goresgyn,overcome,goresgyn,cy,4.136,high,668,periphrastic_present_2p,periphrastic,present,2p,2nd,plural,yn,False,bod,rydych,ych|ydych|dach|dych|ydach|yn_dydach,goresgyn,,rydych|ych|ydych|dach|dych|ydach|yn_dydach|goresgyn,43,welsh_transfer_ood
goresgyn,overcome,goresgyn,cy,4.136,high,668,periphrastic_present_3p,periphrastic,present,3p,3rd,plural,yn,False,bod,maen,maent|rydyn|rydynt|ydynt|ŷnt|ydyn|yn_dydyn|dyn,goresgyn,,maen|maent|rydyn|rydynt|ydynt|ŷnt|ydyn|yn_dydyn|dyn|goresgyn,43,welsh_transfer_ood
goresgyn,overcome,goresgyn,cy,4.136,high,668,periphrastic_past_1s,periphrastic,past,1s,1st,singular,,True,gwneud,gwnes,gwneuthum|gwnaes|gwnesaf,oresgyn,goresgyn,gwnes|gwneuthum|gwnaes|gwnesaf|oresgyn|goresgyn,43,welsh_transfer_ood
goresgyn,overcome,goresgyn,cy,4.136,high,668,periphrastic_past_2s,periphrastic,past,2s,2nd,singular,,True,gwneud,gwnêst,gwnaethost|gwnest,oresgyn,goresgyn,gwnêst|gwnaethost|gwnest|oresgyn|goresgyn,43,welsh_transfer_ood
goresgyn,overcome,goresgyn,cy,4.136,high,668,periphrastic_past_3s,periphrastic,past,3s,3rd,singular,,True,gwneud,nath,gwnaeth,oresgyn,goresgyn,nath|gwnaeth|oresgyn|goresgyn,43,welsh_transfer_ood
goresgyn,overcome,goresgyn,cy,4.136,high,668,periphrastic_past_1p,periphrastic,past,1p,1st,plural,,True,gwneud,gwnaethom,,oresgyn,goresgyn,gwnaethom|oresgyn|goresgyn,43,welsh_transfer_ood
goresgyn,overcome,goresgyn,cy,4.136,high,668,periphrastic_past_2p,periphrastic,past,2p,2nd,plural,,True,gwneud,gwnaethoch,gwnaesoch,oresgyn,goresgyn,gwnaethoch|gwnaesoch|oresgyn|goresgyn,43,welsh_transfer_ood
goresgyn,overcome,goresgyn,cy,4.136,high,668,periphrastic_past_3p,periphrastic,past,3p,3rd,plural,,True,gwneud,gwnaethon,gwnaethant|naethon,oresgyn,goresgyn,gwnaethon|gwnaethant|naethon|oresgyn|goresgyn,43,welsh_transfer_ood
goresgyn,overcome,goresgyn,cy,4.136,high,668,periphrastic_imperfect_1s,periphrastic,imperfect,1s,1st,singular,yn,False,bod,roeddwn,oeddwn|o'n|oeddaf|yn_doeddwn,goresgyn,,roeddwn|oeddwn|o'n|oeddaf|yn_doeddwn|goresgyn,43,welsh_transfer_ood
goresgyn,overcome,goresgyn,cy,4.136,high,668,periphrastic_imperfect_2s,periphrastic,imperfect,2s,2nd,singular,yn,False,bod,oeddet,oeddit|roeddet|oedda|oedde,goresgyn,,oeddet|oeddit|roeddet|oedda|oedde|goresgyn,43,welsh_transfer_ood
goresgyn,overcome,goresgyn,cy,4.136,high,668,periphrastic_imperfect_3s,periphrastic,imperfect,3s,3rd,singular,yn,False,bod,roedd,oedd|ydoedd|yn_doedd,goresgyn,,roedd|oedd|ydoedd|yn_doedd|goresgyn,43,welsh_transfer_ood
goresgyn,overcome,goresgyn,cy,4.136,high,668,periphrastic_imperfect_1p,periphrastic,imperfect,1p,1st,plural,yn,False,bod,roeddem,oeddem|oeddan,goresgyn,,roeddem|oeddem|oeddan|goresgyn,43,welsh_transfer_ood
goresgyn,overcome,goresgyn,cy,4.136,high,668,periphrastic_imperfect_2p,periphrastic,imperfect,2p,2nd,plural,yn,False,bod,roeddech,oeddech|yn_doeddech,goresgyn,,roeddech|oeddech|yn_doeddech|goresgyn,43,welsh_transfer_ood
goresgyn,overcome,goresgyn,cy,4.136,high,668,periphrastic_imperfect_3p,periphrastic,imperfect,3p,3rd,plural,yn,False,bod,roedden,oeddent|oeddynt|yn_doedden,goresgyn,,roedden|oeddent|oeddynt|yn_doedden|goresgyn,43,welsh_transfer_ood
goresgyn,overcome,goresgyn,cy,4.136,high,668,periphrastic_future_1s,periphrastic,future,1s,1st,singular,yn,False,bod,byddaf,bydda,goresgyn,,byddaf|bydda|goresgyn,43,welsh_transfer_ood
goresgyn,overcome,goresgyn,cy,4.136,high,668,periphrastic_future_2s,periphrastic,future,2s,2nd,singular,yn,False,bod,byddi,,goresgyn,,byddi|goresgyn,43,welsh_transfer_ood
goresgyn,overcome,goresgyn,cy,4.136,high,668,periphrastic_future_3s,periphrastic,future,3s,3rd,singular,yn,False,bod,bydd,,goresgyn,,bydd|goresgyn,43,welsh_transfer_ood
goresgyn,overcome,goresgyn,cy,4.136,high,668,periphrastic_future_1p,periphrastic,future,1p,1st,plural,yn,False,bod,byddwn,,goresgyn,,byddwn|goresgyn,43,welsh_transfer_ood
goresgyn,overcome,goresgyn,cy,4.136,high,668,periphrastic_future_2p,periphrastic,future,2p,2nd,plural,yn,False,bod,byddwch,,goresgyn,,byddwch|goresgyn,43,welsh_transfer_ood
goresgyn,overcome,goresgyn,cy,4.136,high,668,periphrastic_future_3p,periphrastic,future,3p,3rd,plural,yn,False,bod,byddan,byddant,goresgyn,,byddan|byddant|goresgyn,43,welsh_transfer_ood
tagu,choke,tagu,cy,4.029,high,746,synthetic_present_1s,synthetic,present,1s,1st,singular,,False,,,,tagaf,,tagaf,43,welsh_transfer_ood
tagu,choke,tagu,cy,4.029,high,746,synthetic_present_2s,synthetic,present,2s,2nd,singular,,False,,,,tagi,,tagi,43,welsh_transfer_ood
tagu,choke,tagu,cy,4.029,high,746,synthetic_present_3s,synthetic,present,3s,3rd,singular,,False,,,,taga,,taga,43,welsh_transfer_ood
tagu,choke,tagu,cy,4.029,high,746,synthetic_present_1p,synthetic,present,1p,1st,plural,,False,,,,tagwn,,tagwn,43,welsh_transfer_ood
tagu,choke,tagu,cy,4.029,high,746,synthetic_present_2p,synthetic,present,2p,2nd,plural,,False,,,,tagwch,,tagwch,43,welsh_transfer_ood
tagu,choke,tagu,cy,4.029,high,746,synthetic_present_3p,synthetic,present,3p,3rd,plural,,False,,,,tagan,tagant,tagan|tagant,43,welsh_transfer_ood
tagu,choke,tagu,cy,4.029,high,746,synthetic_past_1s,synthetic,past,1s,1st,singular,,False,,,,tagais,,tagais,43,welsh_transfer_ood
tagu,choke,tagu,cy,4.029,high,746,synthetic_past_2s,synthetic,past,2s,2nd,singular,,False,,,,tagaist,,tagaist,43,welsh_transfer_ood
tagu,choke,tagu,cy,4.029,high,746,synthetic_past_3s,synthetic,past,3s,3rd,singular,,False,,,,tagodd,,tagodd,43,welsh_transfer_ood
tagu,choke,tagu,cy,4.029,high,746,synthetic_past_1p,synthetic,past,1p,1st,plural,,False,,,,tagon,tagasom|tagsom,tagon|tagasom|tagsom,43,welsh_transfer_ood
tagu,choke,tagu,cy,4.029,high,746,synthetic_past_2p,synthetic,past,2p,2nd,plural,,False,,,,tagoch,tagasoch|tagsoch,tagoch|tagasoch|tagsoch,43,welsh_transfer_ood
tagu,choke,tagu,cy,4.029,high,746,synthetic_past_3p,synthetic,past,3p,3rd,plural,,False,,,,tagon,tagasant|tagson,tagon|tagasant|tagson,43,welsh_transfer_ood
tagu,choke,tagu,cy,4.029,high,746,synthetic_imperfect_1s,synthetic,imperfect,1s,1st,singular,,False,,,,tagwn,,tagwn,43,welsh_transfer_ood
tagu,choke,tagu,cy,4.029,high,746,synthetic_imperfect_2s,synthetic,imperfect,2s,2nd,singular,,False,,,,taget,tagit,taget|tagit,43,welsh_transfer_ood
tagu,choke,tagu,cy,4.029,high,746,synthetic_imperfect_3s,synthetic,imperfect,3s,3rd,singular,,False,,,,tagai,,tagai,43,welsh_transfer_ood
tagu,choke,tagu,cy,4.029,high,746,synthetic_imperfect_1p,synthetic,imperfect,1p,1st,plural,,False,,,,tagem,,tagem,43,welsh_transfer_ood
tagu,choke,tagu,cy,4.029,high,746,synthetic_imperfect_2p,synthetic,imperfect,2p,2nd,plural,,False,,,,tagech,,tagech,43,welsh_transfer_ood
tagu,choke,tagu,cy,4.029,high,746,synthetic_imperfect_3p,synthetic,imperfect,3p,3rd,plural,,False,,,,tagent,,tagent,43,welsh_transfer_ood
tagu,choke,tagu,cy,4.029,high,746,periphrastic_present_1s,periphrastic,present,1s,1st,singular,yn,False,bod,rwyf,wyf|ydwyf|dw|ydw|rwy,tagu,,rwyf|wyf|ydwyf|dw|ydw|rwy|tagu,43,welsh_transfer_ood
tagu,choke,tagu,cy,4.029,high,746,periphrastic_present_2s,periphrastic,present,2s,2nd,singular,yn,False,bod,rwyt,wyt|ydwyt,tagu,,rwyt|wyt|ydwyt|tagu,43,welsh_transfer_ood
tagu,choke,tagu,cy,4.029,high,746,periphrastic_present_3s,periphrastic,present,3s,3rd,singular,yn,False,bod,mae,ydyw|yw|ydy|yn_dydy|ydi,tagu,,mae|ydyw|yw|ydy|yn_dydy|ydi|tagu,43,welsh_transfer_ood
tagu,choke,tagu,cy,4.029,high,746,periphrastic_present_1p,periphrastic,present,1p,1st,plural,yn,False,bod,rydym,ydym|ŷm|dan|ydan|yn_dydan,tagu,,rydym|ydym|ŷm|dan|ydan|yn_dydan|tagu,43,welsh_transfer_ood
tagu,choke,tagu,cy,4.029,high,746,periphrastic_present_2p,periphrastic,present,2p,2nd,plural,yn,False,bod,rydych,ych|ydych|dach|dych|ydach|yn_dydach,tagu,,rydych|ych|ydych|dach|dych|ydach|yn_dydach|tagu,43,welsh_transfer_ood
tagu,choke,tagu,cy,4.029,high,746,periphrastic_present_3p,periphrastic,present,3p,3rd,plural,yn,False,bod,maen,maent|rydyn|rydynt|ydynt|ŷnt|ydyn|yn_dydyn|dyn,tagu,,maen|maent|rydyn|rydynt|ydynt|ŷnt|ydyn|yn_dydyn|dyn|tagu,43,welsh_transfer_ood
tagu,choke,tagu,cy,4.029,high,746,periphrastic_past_1s,periphrastic,past,1s,1st,singular,,True,gwneud,gwnes,gwneuthum|gwnaes|gwnesaf,dagu,tagu,gwnes|gwneuthum|gwnaes|gwnesaf|dagu|tagu,43,welsh_transfer_ood
tagu,choke,tagu,cy,4.029,high,746,periphrastic_past_2s,periphrastic,past,2s,2nd,singular,,True,gwneud,gwnêst,gwnaethost|gwnest,dagu,tagu,gwnêst|gwnaethost|gwnest|dagu|tagu,43,welsh_transfer_ood
tagu,choke,tagu,cy,4.029,high,746,periphrastic_past_3s,periphrastic,past,3s,3rd,singular,,True,gwneud,nath,gwnaeth,dagu,tagu,nath|gwnaeth|dagu|tagu,43,welsh_transfer_ood
tagu,choke,tagu,cy,4.029,high,746,periphrastic_past_1p,periphrastic,past,1p,1st,plural,,True,gwneud,gwnaethom,,dagu,tagu,gwnaethom|dagu|tagu,43,welsh_transfer_ood
tagu,choke,tagu,cy,4.029,high,746,periphrastic_past_2p,periphrastic,past,2p,2nd,plural,,True,gwneud,gwnaethoch,gwnaesoch,dagu,tagu,gwnaethoch|gwnaesoch|dagu|tagu,43,welsh_transfer_ood
tagu,choke,tagu,cy,4.029,high,746,periphrastic_past_3p,periphrastic,past,3p,3rd,plural,,True,gwneud,gwnaethon,gwnaethant|naethon,dagu,tagu,gwnaethon|gwnaethant|naethon|dagu|tagu,43,welsh_transfer_ood
tagu,choke,tagu,cy,4.029,high,746,periphrastic_imperfect_1s,periphrastic,imperfect,1s,1st,singular,yn,False,bod,roeddwn,oeddwn|o'n|oeddaf|yn_doeddwn,tagu,,roeddwn|oeddwn|o'n|oeddaf|yn_doeddwn|tagu,43,welsh_transfer_ood
tagu,choke,tagu,cy,4.029,high,746,periphrastic_imperfect_2s,periphrastic,imperfect,2s,2nd,singular,yn,False,bod,oeddet,oeddit|roeddet|oedda|oedde,tagu,,oeddet|oeddit|roeddet|oedda|oedde|tagu,43,welsh_transfer_ood
tagu,choke,tagu,cy,4.029,high,746,periphrastic_imperfect_3s,periphrastic,imperfect,3s,3rd,singular,yn,False,bod,roedd,oedd|ydoedd|yn_doedd,tagu,,roedd|oedd|ydoedd|yn_doedd|tagu,43,welsh_transfer_ood
tagu,choke,tagu,cy,4.029,high,746,periphrastic_imperfect_1p,periphrastic,imperfect,1p,1st,plural,yn,False,bod,roeddem,oeddem|oeddan,tagu,,roeddem|oeddem|oeddan|tagu,43,welsh_transfer_ood
tagu,choke,tagu,cy,4.029,high,746,periphrastic_imperfect_2p,periphrastic,imperfect,2p,2nd,plural,yn,False,bod,roeddech,oeddech|yn_doeddech,tagu,,roeddech|oeddech|yn_doeddech|tagu,43,welsh_transfer_ood
tagu,choke,tagu,cy,4.029,high,746,periphrastic_imperfect_3p,periphrastic,imperfect,3p,3rd,plural,yn,False,bod,roedden,oeddent|oeddynt|yn_doedden,tagu,,roedden|oeddent|oeddynt|yn_doedden|tagu,43,welsh_transfer_ood
tagu,choke,tagu,cy,4.029,high,746,periphrastic_future_1s,periphrastic,future,1s,1st,singular,yn,False,bod,byddaf,bydda,tagu,,byddaf|bydda|tagu,43,welsh_transfer_ood
tagu,choke,tagu,cy,4.029,high,746,periphrastic_future_2s,periphrastic,future,2s,2nd,singular,yn,False,bod,byddi,,tagu,,byddi|tagu,43,welsh_transfer_ood
tagu,choke,tagu,cy,4.029,high,746,periphrastic_future_3s,periphrastic,future,3s,3rd,singular,yn,False,bod,bydd,,tagu,,bydd|tagu,43,welsh_transfer_ood
tagu,choke,tagu,cy,4.029,high,746,periphrastic_future_1p,periphrastic,future,1p,1st,plural,yn,False,bod,byddwn,,tagu,,byddwn|tagu,43,welsh_transfer_ood
tagu,choke,tagu,cy,4.029,high,746,periphrastic_future_2p,periphrastic,future,2p,2nd,plural,yn,False,bod,byddwch,,tagu,,byddwch|tagu,43,welsh_transfer_ood
tagu,choke,tagu,cy,4.029,high,746,periphrastic_future_3p,periphrastic,future,3p,3rd,plural,yn,False,bod,byddan,byddant,tagu,,byddan|byddant|tagu,43,welsh_transfer_ood
esblygu,explain,esblygu,cy,3.997,high,774,synthetic_present_1s,synthetic,present,1s,1st,singular,,False,,,,esblygaf,,esblygaf,43,welsh_transfer_ood
esblygu,explain,esblygu,cy,3.997,high,774,synthetic_present_2s,synthetic,present,2s,2nd,singular,,False,,,,esblygi,,esblygi,43,welsh_transfer_ood
esblygu,explain,esblygu,cy,3.997,high,774,synthetic_present_3s,synthetic,present,3s,3rd,singular,,False,,,,esblyga,,esblyga,43,welsh_transfer_ood
esblygu,explain,esblygu,cy,3.997,high,774,synthetic_present_1p,synthetic,present,1p,1st,plural,,False,,,,esblygwn,,esblygwn,43,welsh_transfer_ood
esblygu,explain,esblygu,cy,3.997,high,774,synthetic_present_2p,synthetic,present,2p,2nd,plural,,False,,,,esblygwch,,esblygwch,43,welsh_transfer_ood
esblygu,explain,esblygu,cy,3.997,high,774,synthetic_present_3p,synthetic,present,3p,3rd,plural,,False,,,,esblygan,esblygant,esblygan|esblygant,43,welsh_transfer_ood
esblygu,explain,esblygu,cy,3.997,high,774,synthetic_past_1s,synthetic,past,1s,1st,singular,,False,,,,esblygais,,esblygais,43,welsh_transfer_ood
esblygu,explain,esblygu,cy,3.997,high,774,synthetic_past_2s,synthetic,past,2s,2nd,singular,,False,,,,esblygaist,,esblygaist,43,welsh_transfer_ood
esblygu,explain,esblygu,cy,3.997,high,774,synthetic_past_3s,synthetic,past,3s,3rd,singular,,False,,,,esblygodd,,esblygodd,43,welsh_transfer_ood
esblygu,explain,esblygu,cy,3.997,high,774,synthetic_past_1p,synthetic,past,1p,1st,plural,,False,,,,esblygon,esblygasom|esblygsom,esblygon|esblygasom|esblygsom,43,welsh_transfer_ood
esblygu,explain,esblygu,cy,3.997,high,774,synthetic_past_2p,synthetic,past,2p,2nd,plural,,False,,,,esblygoch,esblygasoch|esblygsoch,esblygoch|esblygasoch|esblygsoch,43,welsh_transfer_ood
esblygu,explain,esblygu,cy,3.997,high,774,synthetic_past_3p,synthetic,past,3p,3rd,plural,,False,,,,esblygon,esblygasant|esblygson,esblygon|esblygasant|esblygson,43,welsh_transfer_ood
esblygu,explain,esblygu,cy,3.997,high,774,synthetic_imperfect_1s,synthetic,imperfect,1s,1st,singular,,False,,,,esblygwn,,esblygwn,43,welsh_transfer_ood
esblygu,explain,esblygu,cy,3.997,high,774,synthetic_imperfect_2s,synthetic,imperfect,2s,2nd,singular,,False,,,,esblyget,esblygit,esblyget|esblygit,43,welsh_transfer_ood
esblygu,explain,esblygu,cy,3.997,high,774,synthetic_imperfect_3s,synthetic,imperfect,3s,3rd,singular,,False,,,,esblygai,,esblygai,43,welsh_transfer_ood
esblygu,explain,esblygu,cy,3.997,high,774,synthetic_imperfect_1p,synthetic,imperfect,1p,1st,plural,,False,,,,esblygem,,esblygem,43,welsh_transfer_ood
esblygu,explain,esblygu,cy,3.997,high,774,synthetic_imperfect_2p,synthetic,imperfect,2p,2nd,plural,,False,,,,esblygech,,esblygech,43,welsh_transfer_ood
esblygu,explain,esblygu,cy,3.997,high,774,synthetic_imperfect_3p,synthetic,imperfect,3p,3rd,plural,,False,,,,esblygent,,esblygent,43,welsh_transfer_ood
esblygu,explain,esblygu,cy,3.997,high,774,periphrastic_present_1s,periphrastic,present,1s,1st,singular,yn,False,bod,rwyf,wyf|ydwyf|dw|ydw|rwy,esblygu,,rwyf|wyf|ydwyf|dw|ydw|rwy|esblygu,43,welsh_transfer_ood
esblygu,explain,esblygu,cy,3.997,high,774,periphrastic_present_2s,periphrastic,present,2s,2nd,singular,yn,False,bod,rwyt,wyt|ydwyt,esblygu,,rwyt|wyt|ydwyt|esblygu,43,welsh_transfer_ood
esblygu,explain,esblygu,cy,3.997,high,774,periphrastic_present_3s,periphrastic,present,3s,3rd,singular,yn,False,bod,mae,ydyw|yw|ydy|yn_dydy|ydi,esblygu,,mae|ydyw|yw|ydy|yn_dydy|ydi|esblygu,43,welsh_transfer_ood
esblygu,explain,esblygu,cy,3.997,high,774,periphrastic_present_1p,periphrastic,present,1p,1st,plural,yn,False,bod,rydym,ydym|ŷm|dan|ydan|yn_dydan,esblygu,,rydym|ydym|ŷm|dan|ydan|yn_dydan|esblygu,43,welsh_transfer_ood
esblygu,explain,esblygu,cy,3.997,high,774,periphrastic_present_2p,periphrastic,present,2p,2nd,plural,yn,False,bod,rydych,ych|ydych|dach|dych|ydach|yn_dydach,esblygu,,rydych|ych|ydych|dach|dych|ydach|yn_dydach|esblygu,43,welsh_transfer_ood
esblygu,explain,esblygu,cy,3.997,high,774,periphrastic_present_3p,periphrastic,present,3p,3rd,plural,yn,False,bod,maen,maent|rydyn|rydynt|ydynt|ŷnt|ydyn|yn_dydyn|dyn,esblygu,,maen|maent|rydyn|rydynt|ydynt|ŷnt|ydyn|yn_dydyn|dyn|esblygu,43,welsh_transfer_ood
esblygu,explain,esblygu,cy,3.997,high,774,periphrastic_past_1s,periphrastic,past,1s,1st,singular,,True,gwneud,gwnes,gwneuthum|gwnaes|gwnesaf,esblygu,,gwnes|gwneuthum|gwnaes|gwnesaf|esblygu,43,welsh_transfer_ood
esblygu,explain,esblygu,cy,3.997,high,774,periphrastic_past_2s,periphrastic,past,2s,2nd,singular,,True,gwneud,gwnêst,gwnaethost|gwnest,esblygu,,gwnêst|gwnaethost|gwnest|esblygu,43,welsh_transfer_ood
esblygu,explain,esblygu,cy,3.997,high,774,periphrastic_past_3s,periphrastic,past,3s,3rd,singular,,True,gwneud,nath,gwnaeth,esblygu,,nath|gwnaeth|esblygu,43,welsh_transfer_ood
esblygu,explain,esblygu,cy,3.997,high,774,periphrastic_past_1p,periphrastic,past,1p,1st,plural,,True,gwneud,gwnaethom,,esblygu,,gwnaethom|esblygu,43,welsh_transfer_ood
esblygu,explain,esblygu,cy,3.997,high,774,periphrastic_past_2p,periphrastic,past,2p,2nd,plural,,True,gwneud,gwnaethoch,gwnaesoch,esblygu,,gwnaethoch|gwnaesoch|esblygu,43,welsh_transfer_ood
esblygu,explain,esblygu,cy,3.997,high,774,periphrastic_past_3p,periphrastic,past,3p,3rd,plural,,True,gwneud,gwnaethon,gwnaethant|naethon,esblygu,,gwnaethon|gwnaethant|naethon|esblygu,43,welsh_transfer_ood
esblygu,explain,esblygu,cy,3.997,high,774,periphrastic_imperfect_1s,periphrastic,imperfect,1s,1st,singular,yn,False,bod,roeddwn,oeddwn|o'n|oeddaf|yn_doeddwn,esblygu,,roeddwn|oeddwn|o'n|oeddaf|yn_doeddwn|esblygu,43,welsh_transfer_ood
esblygu,explain,esblygu,cy,3.997,high,774,periphrastic_imperfect_2s,periphrastic,imperfect,2s,2nd,singular,yn,False,bod,oeddet,oeddit|roeddet|oedda|oedde,esblygu,,oeddet|oeddit|roeddet|oedda|oedde|esblygu,43,welsh_transfer_ood
esblygu,explain,esblygu,cy,3.997,high,774,periphrastic_imperfect_3s,periphrastic,imperfect,3s,3rd,singular,yn,False,bod,roedd,oedd|ydoedd|yn_doedd,esblygu,,roedd|oedd|ydoedd|yn_doedd|esblygu,43,welsh_transfer_ood
esblygu,explain,esblygu,cy,3.997,high,774,periphrastic_imperfect_1p,periphrastic,imperfect,1p,1st,plural,yn,False,bod,roeddem,oeddem|oeddan,esblygu,,roeddem|oeddem|oeddan|esblygu,43,welsh_transfer_ood
esblygu,explain,esblygu,cy,3.997,high,774,periphrastic_imperfect_2p,periphrastic,imperfect,2p,2nd,plural,yn,False,bod,roeddech,oeddech|yn_doeddech,esblygu,,roeddech|oeddech|yn_doeddech|esblygu,43,welsh_transfer_ood
esblygu,explain,esblygu,cy,3.997,high,774,periphrastic_imperfect_3p,periphrastic,imperfect,3p,3rd,plural,yn,False,bod,roedden,oeddent|oeddynt|yn_doedden,esblygu,,roedden|oeddent|oeddynt|yn_doedden|esblygu,43,welsh_transfer_ood
esblygu,explain,esblygu,cy,3.997,high,774,periphrastic_future_1s,periphrastic,future,1s,1st,singular,yn,False,bod,byddaf,bydda,esblygu,,byddaf|bydda|esblygu,43,welsh_transfer_ood
esblygu,explain,esblygu,cy,3.997,high,774,periphrastic_future_2s,periphrastic,future,2s,2nd,singular,yn,False,bod,byddi,,esblygu,,byddi|esblygu,43,welsh_transfer_ood
esblygu,explain,esblygu,cy,3.997,high,774,periphrastic_future_3s,periphrastic,future,3s,3rd,singular,yn,False,bod,bydd,,esblygu,,bydd|esblygu,43,welsh_transfer_ood
esblygu,explain,esblygu,cy,3.997,high,774,periphrastic_future_1p,periphrastic,future,1p,1st,plural,yn,False,bod,byddwn,,esblygu,,byddwn|esblygu,43,welsh_transfer_ood
esblygu,explain,esblygu,cy,3.997,high,774,periphrastic_future_2p,periphrastic,future,2p,2nd,plural,yn,False,bod,byddwch,,esblygu,,byddwch|esblygu,43,welsh_transfer_ood
esblygu,explain,esblygu,cy,3.997,high,774,periphrastic_future_3p,periphrastic,future,3p,3rd,plural,yn,False,bod,byddan,byddant,esblygu,,byddan|byddant|esblygu,43,welsh_transfer_ood
diystyru,despise,diystyru,cy,3.993,high,777,synthetic_present_1s,synthetic,present,1s,1st,singular,,False,,,,diystyraf,,diystyraf,43,welsh_transfer_ood
diystyru,despise,diystyru,cy,3.993,high,777,synthetic_present_2s,synthetic,present,2s,2nd,singular,,False,,,,diystyri,,diystyri,43,welsh_transfer_ood
diystyru,despise,diystyru,cy,3.993,high,777,synthetic_present_3s,synthetic,present,3s,3rd,singular,,False,,,,diystyra,,diystyra,43,welsh_transfer_ood
diystyru,despise,diystyru,cy,3.993,high,777,synthetic_present_1p,synthetic,present,1p,1st,plural,,False,,,,diystyrwn,,diystyrwn,43,welsh_transfer_ood
diystyru,despise,diystyru,cy,3.993,high,777,synthetic_present_2p,synthetic,present,2p,2nd,plural,,False,,,,diystyrwch,,diystyrwch,43,welsh_transfer_ood
diystyru,despise,diystyru,cy,3.993,high,777,synthetic_present_3p,synthetic,present,3p,3rd,plural,,False,,,,diystyran,diystyrant,diystyran|diystyrant,43,welsh_transfer_ood
diystyru,despise,diystyru,cy,3.993,high,777,synthetic_past_1s,synthetic,past,1s,1st,singular,,False,,,,diystyrais,,diystyrais,43,welsh_transfer_ood
diystyru,despise,diystyru,cy,3.993,high,777,synthetic_past_2s,synthetic,past,2s,2nd,singular,,False,,,,diystyraist,,diystyraist,43,welsh_transfer_ood
diystyru,despise,diystyru,cy,3.993,high,777,synthetic_past_3s,synthetic,past,3s,3rd,singular,,False,,,,diystyrodd,,diystyrodd,43,welsh_transfer_ood
diystyru,despise,diystyru,cy,3.993,high,777,synthetic_past_1p,synthetic,past,1p,1st,plural,,False,,,,diystyron,diystyrasom|diystyrsom,diystyron|diystyrasom|diystyrsom,43,welsh_transfer_ood
diystyru,despise,diystyru,cy,3.993,high,777,synthetic_past_2p,synthetic,past,2p,2nd,plural,,False,,,,diystyroch,diystyrasoch|diystyrsoch,diystyroch|diystyrasoch|diystyrsoch,43,welsh_transfer_ood
diystyru,despise,diystyru,cy,3.993,high,777,synthetic_past_3p,synthetic,past,3p,3rd,plural,,False,,,,diystyron,diystyrasant|diystyrson,diystyron|diystyrasant|diystyrson,43,welsh_transfer_ood
diystyru,despise,diystyru,cy,3.993,high,777,synthetic_imperfect_1s,synthetic,imperfect,1s,1st,singular,,False,,,,diystyrwn,,diystyrwn,43,welsh_transfer_ood
diystyru,despise,diystyru,cy,3.993,high,777,synthetic_imperfect_2s,synthetic,imperfect,2s,2nd,singular,,False,,,,diystyret,diystyrit,diystyret|diystyrit,43,welsh_transfer_ood
diystyru,despise,diystyru,cy,3.993,high,777,synthetic_imperfect_3s,synthetic,imperfect,3s,3rd,singular,,False,,,,diystyrai,,diystyrai,43,welsh_transfer_ood
diystyru,despise,diystyru,cy,3.993,high,777,synthetic_imperfect_1p,synthetic,imperfect,1p,1st,plural,,False,,,,diystyrem,,diystyrem,43,welsh_transfer_ood
diystyru,despise,diystyru,cy,3.993,high,777,synthetic_imperfect_2p,synthetic,imperfect,2p,2nd,plural,,False,,,,diystyrech,,diystyrech,43,welsh_transfer_ood
diystyru,despise,diystyru,cy,3.993,high,777,synthetic_imperfect_3p,synthetic,imperfect,3p,3rd,plural,,False,,,,diystyrent,,diystyrent,43,welsh_transfer_ood
diystyru,despise,diystyru,cy,3.993,high,777,periphrastic_present_1s,periphrastic,present,1s,1st,singular,yn,False,bod,rwyf,wyf|ydwyf|dw|ydw|rwy,diystyru,,rwyf|wyf|ydwyf|dw|ydw|rwy|diystyru,43,welsh_transfer_ood
diystyru,despise,diystyru,cy,3.993,high,777,periphrastic_present_2s,periphrastic,present,2s,2nd,singular,yn,False,bod,rwyt,wyt|ydwyt,diystyru,,rwyt|wyt|ydwyt|diystyru,43,welsh_transfer_ood
diystyru,despise,diystyru,cy,3.993,high,777,periphrastic_present_3s,periphrastic,present,3s,3rd,singular,yn,False,bod,mae,ydyw|yw|ydy|yn_dydy|ydi,diystyru,,mae|ydyw|yw|ydy|yn_dydy|ydi|diystyru,43,welsh_transfer_ood
diystyru,despise,diystyru,cy,3.993,high,777,periphrastic_present_1p,periphrastic,present,1p,1st,plural,yn,False,bod,rydym,ydym|ŷm|dan|ydan|yn_dydan,diystyru,,rydym|ydym|ŷm|dan|ydan|yn_dydan|diystyru,43,welsh_transfer_ood
diystyru,despise,diystyru,cy,3.993,high,777,periphrastic_present_2p,periphrastic,present,2p,2nd,plural,yn,False,bod,rydych,ych|ydych|dach|dych|ydach|yn_dydach,diystyru,,rydych|ych|ydych|dach|dych|ydach|yn_dydach|diystyru,43,welsh_transfer_ood
diystyru,despise,diystyru,cy,3.993,high,777,periphrastic_present_3p,periphrastic,present,3p,3rd,plural,yn,False,bod,maen,maent|rydyn|rydynt|ydynt|ŷnt|ydyn|yn_dydyn|dyn,diystyru,,maen|maent|rydyn|rydynt|ydynt|ŷnt|ydyn|yn_dydyn|dyn|diystyru,43,welsh_transfer_ood
diystyru,despise,diystyru,cy,3.993,high,777,periphrastic_past_1s,periphrastic,past,1s,1st,singular,,True,gwneud,gwnes,gwneuthum|gwnaes|gwnesaf,ddiystyru,diystyru,gwnes|gwneuthum|gwnaes|gwnesaf|ddiystyru|diystyru,43,welsh_transfer_ood
diystyru,despise,diystyru,cy,3.993,high,777,periphrastic_past_2s,periphrastic,past,2s,2nd,singular,,True,gwneud,gwnêst,gwnaethost|gwnest,ddiystyru,diystyru,gwnêst|gwnaethost|gwnest|ddiystyru|diystyru,43,welsh_transfer_ood
diystyru,despise,diystyru,cy,3.993,high,777,periphrastic_past_3s,periphrastic,past,3s,3rd,singular,,True,gwneud,nath,gwnaeth,ddiystyru,diystyru,nath|gwnaeth|ddiystyru|diystyru,43,welsh_transfer_ood
diystyru,despise,diystyru,cy,3.993,high,777,periphrastic_past_1p,periphrastic,past,1p,1st,plural,,True,gwneud,gwnaethom,,ddiystyru,diystyru,gwnaethom|ddiystyru|diystyru,43,welsh_transfer_ood
diystyru,despise,diystyru,cy,3.993,high,777,periphrastic_past_2p,periphrastic,past,2p,2nd,plural,,True,gwneud,gwnaethoch,gwnaesoch,ddiystyru,diystyru,gwnaethoch|gwnaesoch|ddiystyru|diystyru,43,welsh_transfer_ood
diystyru,despise,diystyru,cy,3.993,high,777,periphrastic_past_3p,periphrastic,past,3p,3rd,plural,,True,gwneud,gwnaethon,gwnaethant|naethon,ddiystyru,diystyru,gwnaethon|gwnaethant|naethon|ddiystyru|diystyru,43,welsh_transfer_ood
diystyru,despise,diystyru,cy,3.993,high,777,periphrastic_imperfect_1s,periphrastic,imperfect,1s,1st,singular,yn,False,bod,roeddwn,oeddwn|o'n|oeddaf|yn_doeddwn,diystyru,,roeddwn|oeddwn|o'n|oeddaf|yn_doeddwn|diystyru,43,welsh_transfer_ood
diystyru,despise,diystyru,cy,3.993,high,777,periphrastic_imperfect_2s,periphrastic,imperfect,2s,2nd,singular,yn,False,bod,oeddet,oeddit|roeddet|oedda|oedde,diystyru,,oeddet|oeddit|roeddet|oedda|oedde|diystyru,43,welsh_transfer_ood
diystyru,despise,diystyru,cy,3.993,high,777,periphrastic_imperfect_3s,periphrastic,imperfect,3s,3rd,singular,yn,False,bod,roedd,oedd|ydoedd|yn_doedd,diystyru,,roedd|oedd|ydoedd|yn_doedd|diystyru,43,welsh_transfer_ood
diystyru,despise,diystyru,cy,3.993,high,777,periphrastic_imperfect_1p,periphrastic,imperfect,1p,1st,plural,yn,False,bod,roeddem,oeddem|oeddan,diystyru,,roeddem|oeddem|oeddan|diystyru,43,welsh_transfer_ood
diystyru,despise,diystyru,cy,3.993,high,777,periphrastic_imperfect_2p,periphrastic,imperfect,2p,2nd,plural,yn,False,bod,roeddech,oeddech|yn_doeddech,diystyru,,roeddech|oeddech|yn_doeddech|diystyru,43,welsh_transfer_ood
diystyru,despise,diystyru,cy,3.993,high,777,periphrastic_imperfect_3p,periphrastic,imperfect,3p,3rd,plural,yn,False,bod,roedden,oeddent|oeddynt|yn_doedden,diystyru,,roedden|oeddent|oeddynt|yn_doedden|diystyru,43,welsh_transfer_ood
diystyru,despise,diystyru,cy,3.993,high,777,periphrastic_future_1s,periphrastic,future,1s,1st,singular,yn,False,bod,byddaf,bydda,diystyru,,byddaf|bydda|diystyru,43,welsh_transfer_ood
diystyru,despise,diystyru,cy,3.993,high,777,periphrastic_future_2s,periphrastic,future,2s,2nd,singular,yn,False,bod,byddi,,diystyru,,byddi|diystyru,43,welsh_transfer_ood
diystyru,despise,diystyru,cy,3.993,high,777,periphrastic_future_3s,periphrastic,future,3s,3rd,singular,yn,False,bod,bydd,,diystyru,,bydd|diystyru,43,welsh_transfer_ood
diystyru,despise,diystyru,cy,3.993,high,777,periphrastic_future_1p,periphrastic,future,1p,1st,plural,yn,False,bod,byddwn,,diystyru,,byddwn|diystyru,43,welsh_transfer_ood
diystyru,despise,diystyru,cy,3.993,high,777,periphrastic_future_2p,periphrastic,future,2p,2nd,plural,yn,False,bod,byddwch,,diystyru,,byddwch|diystyru,43,welsh_transfer_ood
diystyru,despise,diystyru,cy,3.993,high,777,periphrastic_future_3p,periphrastic,future,3p,3rd,plural,yn,False,bod,byddan,byddant,diystyru,,byddan|byddant|diystyru,43,welsh_transfer_ood
melysu,sweeten,melysu,cy,3.117,low,1678,synthetic_present_1s,synthetic,present,1s,1st,singular,,False,,,,melysaf,,melysaf,43,welsh_transfer_ood
melysu,sweeten,melysu,cy,3.117,low,1678,synthetic_present_2s,synthetic,present,2s,2nd,singular,,False,,,,melysi,,melysi,43,welsh_transfer_ood
melysu,sweeten,melysu,cy,3.117,low,1678,synthetic_present_3s,synthetic,present,3s,3rd,singular,,False,,,,melysa,,melysa,43,welsh_transfer_ood
melysu,sweeten,melysu,cy,3.117,low,1678,synthetic_present_1p,synthetic,present,1p,1st,plural,,False,,,,melyswn,,melyswn,43,welsh_transfer_ood
melysu,sweeten,melysu,cy,3.117,low,1678,synthetic_present_2p,synthetic,present,2p,2nd,plural,,False,,,,melyswch,,melyswch,43,welsh_transfer_ood
melysu,sweeten,melysu,cy,3.117,low,1678,synthetic_present_3p,synthetic,present,3p,3rd,plural,,False,,,,melysan,melysant,melysan|melysant,43,welsh_transfer_ood
melysu,sweeten,melysu,cy,3.117,low,1678,synthetic_past_1s,synthetic,past,1s,1st,singular,,False,,,,melysais,,melysais,43,welsh_transfer_ood
melysu,sweeten,melysu,cy,3.117,low,1678,synthetic_past_2s,synthetic,past,2s,2nd,singular,,False,,,,melysaist,,melysaist,43,welsh_transfer_ood
melysu,sweeten,melysu,cy,3.117,low,1678,synthetic_past_3s,synthetic,past,3s,3rd,singular,,False,,,,melysodd,,melysodd,43,welsh_transfer_ood
melysu,sweeten,melysu,cy,3.117,low,1678,synthetic_past_1p,synthetic,past,1p,1st,plural,,False,,,,melyson,melysasom|melyssom,melyson|melysasom|melyssom,43,welsh_transfer_ood
melysu,sweeten,melysu,cy,3.117,low,1678,synthetic_past_2p,synthetic,past,2p,2nd,plural,,False,,,,melysoch,melysasoch|melyssoch,melysoch|melysasoch|melyssoch,43,welsh_transfer_ood
melysu,sweeten,melysu,cy,3.117,low,1678,synthetic_past_3p,synthetic,past,3p,3rd,plural,,False,,,,melyson,melysasant|melysson,melyson|melysasant|melysson,43,welsh_transfer_ood
melysu,sweeten,melysu,cy,3.117,low,1678,synthetic_imperfect_1s,synthetic,imperfect,1s,1st,singular,,False,,,,melyswn,,melyswn,43,welsh_transfer_ood
melysu,sweeten,melysu,cy,3.117,low,1678,synthetic_imperfect_2s,synthetic,imperfect,2s,2nd,singular,,False,,,,melyset,melysit,melyset|melysit,43,welsh_transfer_ood
melysu,sweeten,melysu,cy,3.117,low,1678,synthetic_imperfect_3s,synthetic,imperfect,3s,3rd,singular,,False,,,,melysai,,melysai,43,welsh_transfer_ood
melysu,sweeten,melysu,cy,3.117,low,1678,synthetic_imperfect_1p,synthetic,imperfect,1p,1st,plural,,False,,,,melysem,,melysem,43,welsh_transfer_ood
melysu,sweeten,melysu,cy,3.117,low,1678,synthetic_imperfect_2p,synthetic,imperfect,2p,2nd,plural,,False,,,,melysech,,melysech,43,welsh_transfer_ood
melysu,sweeten,melysu,cy,3.117,low,1678,synthetic_imperfect_3p,synthetic,imperfect,3p,3rd,plural,,False,,,,melysent,,melysent,43,welsh_transfer_ood
melysu,sweeten,melysu,cy,3.117,low,1678,periphrastic_present_1s,periphrastic,present,1s,1st,singular,yn,False,bod,rwyf,wyf|ydwyf|dw|ydw|rwy,melysu,,rwyf|wyf|ydwyf|dw|ydw|rwy|melysu,43,welsh_transfer_ood
melysu,sweeten,melysu,cy,3.117,low,1678,periphrastic_present_2s,periphrastic,present,2s,2nd,singular,yn,False,bod,rwyt,wyt|ydwyt,melysu,,rwyt|wyt|ydwyt|melysu,43,welsh_transfer_ood
melysu,sweeten,melysu,cy,3.117,low,1678,periphrastic_present_3s,periphrastic,present,3s,3rd,singular,yn,False,bod,mae,ydyw|yw|ydy|yn_dydy|ydi,melysu,,mae|ydyw|yw|ydy|yn_dydy|ydi|melysu,43,welsh_transfer_ood
melysu,sweeten,melysu,cy,3.117,low,1678,periphrastic_present_1p,periphrastic,present,1p,1st,plural,yn,False,bod,rydym,ydym|ŷm|dan|ydan|yn_dydan,melysu,,rydym|ydym|ŷm|dan|ydan|yn_dydan|melysu,43,welsh_transfer_ood
melysu,sweeten,melysu,cy,3.117,low,1678,periphrastic_present_2p,periphrastic,present,2p,2nd,plural,yn,False,bod,rydych,ych|ydych|dach|dych|ydach|yn_dydach,melysu,,rydych|ych|ydych|dach|dych|ydach|yn_dydach|melysu,43,welsh_transfer_ood
melysu,sweeten,melysu,cy,3.117,low,1678,periphrastic_present_3p,periphrastic,present,3p,3rd,plural,yn,False,bod,maen,maent|rydyn|rydynt|ydynt|ŷnt|ydyn|yn_dydyn|dyn,melysu,,maen|maent|rydyn|rydynt|ydynt|ŷnt|ydyn|yn_dydyn|dyn|melysu,43,welsh_transfer_ood
melysu,sweeten,melysu,cy,3.117,low,1678,periphrastic_past_1s,periphrastic,past,1s,1st,singular,,True,gwneud,gwnes,gwneuthum|gwnaes|gwnesaf,felysu,melysu,gwnes|gwneuthum|gwnaes|gwnesaf|felysu|melysu,43,welsh_transfer_ood
melysu,sweeten,melysu,cy,3.117,low,1678,periphrastic_past_2s,periphrastic,past,2s,2nd,singular,,True,gwneud,gwnêst,gwnaethost|gwnest,felysu,melysu,gwnêst|gwnaethost|gwnest|felysu|melysu,43,welsh_transfer_ood
melysu,sweeten,melysu,cy,3.117,low,1678,periphrastic_past_3s,periphrastic,past,3s,3rd,singular,,True,gwneud,nath,gwnaeth,felysu,melysu,nath|gwnaeth|felysu|melysu,43,welsh_transfer_ood
melysu,sweeten,melysu,cy,3.117,low,1678,periphrastic_past_1p,periphrastic,past,1p,1st,plural,,True,gwneud,gwnaethom,,felysu,melysu,gwnaethom|felysu|melysu,43,welsh_transfer_ood
melysu,sweeten,melysu,cy,3.117,low,1678,periphrastic_past_2p,periphrastic,past,2p,2nd,plural,,True,gwneud,gwnaethoch,gwnaesoch,felysu,melysu,gwnaethoch|gwnaesoch|felysu|melysu,43,welsh_transfer_ood
melysu,sweeten,melysu,cy,3.117,low,1678,periphrastic_past_3p,periphrastic,past,3p,3rd,plural,,True,gwneud,gwnaethon,gwnaethant|naethon,felysu,melysu,gwnaethon|gwnaethant|naethon|felysu|melysu,43,welsh_transfer_ood
melysu,sweeten,melysu,cy,3.117,low,1678,periphrastic_imperfect_1s,periphrastic,imperfect,1s,1st,singular,yn,False,bod,roeddwn,oeddwn|o'n|oeddaf|yn_doeddwn,melysu,,roeddwn|oeddwn|o'n|oeddaf|yn_doeddwn|melysu,43,welsh_transfer_ood
melysu,sweeten,melysu,cy,3.117,low,1678,periphrastic_imperfect_2s,periphrastic,imperfect,2s,2nd,singular,yn,False,bod,oeddet,oeddit|roeddet|oedda|oedde,melysu,,oeddet|oeddit|roeddet|oedda|oedde|melysu,43,welsh_transfer_ood
melysu,sweeten,melysu,cy,3.117,low,1678,periphrastic_imperfect_3s,periphrastic,imperfect,3s,3rd,singular,yn,False,bod,roedd,oedd|ydoedd|yn_doedd,melysu,,roedd|oedd|ydoedd|yn_doedd|melysu,43,welsh_transfer_ood
melysu,sweeten,melysu,cy,3.117,low,1678,periphrastic_imperfect_1p,periphrastic,imperfect,1p,1st,plural,yn,False,bod,roeddem,oeddem|oeddan,melysu,,roeddem|oeddem|oeddan|melysu,43,welsh_transfer_ood
melysu,sweeten,melysu,cy,3.117,low,1678,periphrastic_imperfect_2p,periphrastic,imperfect,2p,2nd,plural,yn,False,bod,roeddech,oeddech|yn_doeddech,melysu,,roeddech|oeddech|yn_doeddech|melysu,43,welsh_transfer_ood
melysu,sweeten,melysu,cy,3.117,low,1678,periphrastic_imperfect_3p,periphrastic,imperfect,3p,3rd,plural,yn,False,bod,roedden,oeddent|oeddynt|yn_doedden,melysu,,roedden|oeddent|oeddynt|yn_doedden|melysu,43,welsh_transfer_ood
melysu,sweeten,melysu,cy,3.117,low,1678,periphrastic_future_1s,periphrastic,future,1s,1st,singular,yn,False,bod,byddaf,bydda,melysu,,byddaf|bydda|melysu,43,welsh_transfer_ood
melysu,sweeten,melysu,cy,3.117,low,1678,periphrastic_future_2s,periphrastic,future,2s,2nd,singular,yn,False,bod,byddi,,melysu,,byddi|melysu,43,welsh_transfer_ood
melysu,sweeten,melysu,cy,3.117,low,1678,periphrastic_future_3s,periphrastic,future,3s,3rd,singular,yn,False,bod,bydd,,melysu,,bydd|melysu,43,welsh_transfer_ood
melysu,sweeten,melysu,cy,3.117,low,1678,periphrastic_future_1p,periphrastic,future,1p,1st,plural,yn,False,bod,byddwn,,melysu,,byddwn|melysu,43,welsh_transfer_ood
melysu,sweeten,melysu,cy,3.117,low,1678,periphrastic_future_2p,periphrastic,future,2p,2nd,plural,yn,False,bod,byddwch,,melysu,,byddwch|melysu,43,welsh_transfer_ood
melysu,sweeten,melysu,cy,3.117,low,1678,periphrastic_future_3p,periphrastic,future,3p,3rd,plural,yn,False,bod,byddan,byddant,melysu,,byddan|byddant|melysu,43,welsh_transfer_ood
ymbaratoi,make_ready,ymbaratoi,cy,3.117,low,1692,synthetic_present_1s,synthetic,present,1s,1st,singular,,False,,,,ymbaratof,,ymbaratof,43,welsh_transfer_ood
ymbaratoi,make_ready,ymbaratoi,cy,3.117,low,1692,synthetic_present_2s,synthetic,present,2s,2nd,singular,,False,,,,ymbaratoi,,ymbaratoi,43,welsh_transfer_ood
ymbaratoi,make_ready,ymbaratoi,cy,3.117,low,1692,synthetic_present_3s,synthetic,present,3s,3rd,singular,,False,,,,ymbarato,,ymbarato,43,welsh_transfer_ood
ymbaratoi,make_ready,ymbaratoi,cy,3.117,low,1692,synthetic_present_1p,synthetic,present,1p,1st,plural,,False,,,,ymbaratown,,ymbaratown,43,welsh_transfer_ood
ymbaratoi,make_ready,ymbaratoi,cy,3.117,low,1692,synthetic_present_2p,synthetic,present,2p,2nd,plural,,False,,,,ymbaratowch,,ymbaratowch,43,welsh_transfer_ood
ymbaratoi,make_ready,ymbaratoi,cy,3.117,low,1692,synthetic_present_3p,synthetic,present,3p,3rd,plural,,False,,,,ymbaratôn,ymbaratônt,ymbaratôn|ymbaratônt,43,welsh_transfer_ood
ymbaratoi,make_ready,ymbaratoi,cy,3.117,low,1692,synthetic_past_1s,synthetic,past,1s,1st,singular,,False,,,,ymbaratois,,ymbaratois,43,welsh_transfer_ood
ymbaratoi,make_ready,ymbaratoi,cy,3.117,low,1692,synthetic_past_2s,synthetic,past,2s,2nd,singular,,False,,,,ymbaratoist,,ymbaratoist,43,welsh_transfer_ood
ymbaratoi,make_ready,ymbaratoi,cy,3.117,low,1692,synthetic_past_3s,synthetic,past,3s,3rd,singular,,False,,,,ymbaratodd,,ymbaratodd,43,welsh_transfer_ood
ymbaratoi,make_ready,ymbaratoi,cy,3.117,low,1692,synthetic_past_1p,synthetic,past,1p,1st,plural,,False,,,,ymbaratoeon,ymbaratoesom,ymbaratoeon|ymbaratoesom,43,welsh_transfer_ood
ymbaratoi,make_ready,ymbaratoi,cy,3.117,low,1692,synthetic_past_2p,synthetic,past,2p,2nd,plural,,False,,,,ymbaratoeoch,ymbaratoesoch,ymbaratoeoch|ymbaratoesoch,43,welsh_transfer_ood
ymbaratoi,make_ready,ymbaratoi,cy,3.117,low,1692,synthetic_past_3p,synthetic,past,3p,3rd,plural,,False,,,,ymbaratoeon,ymbaratoesant,ymbaratoeon|ymbaratoesant,43,welsh_transfer_ood
ymbaratoi,make_ready,ymbaratoi,cy,3.117,low,1692,synthetic_imperfect_1s,synthetic,imperfect,1s,1st,singular,,False,,,,ymbaratown,,ymbaratown,43,welsh_transfer_ood
ymbaratoi,make_ready,ymbaratoi,cy,3.117,low,1692,synthetic_imperfect_2s,synthetic,imperfect,2s,2nd,singular,,False,,,,ymbaratoet,ymbaratoit,ymbaratoet|ymbaratoit,43,welsh_transfer_ood
ymbaratoi,make_ready,ymbaratoi,cy,3.117,low,1692,synthetic_imperfect_3s,synthetic,imperfect,3s,3rd,singular,,False,,,,ymbaratôi,,ymbaratôi,43,welsh_transfer_ood
ymbaratoi,make_ready,ymbaratoi,cy,3.117,low,1692,synthetic_imperfect_1p,synthetic,imperfect,1p,1st,plural,,False,,,,ymbaratoem,,ymbaratoem,43,welsh_transfer_ood
ymbaratoi,make_ready,ymbaratoi,cy,3.117,low,1692,synthetic_imperfect_2p,synthetic,imperfect,2p,2nd,plural,,False,,,,ymbaratoech,,ymbaratoech,43,welsh_transfer_ood
ymbaratoi,make_ready,ymbaratoi,cy,3.117,low,1692,synthetic_imperfect_3p,synthetic,imperfect,3p,3rd,plural,,False,,,,ymbaratoent,,ymbaratoent,43,welsh_transfer_ood
ymbaratoi,make_ready,ymbaratoi,cy,3.117,low,1692,periphrastic_present_1s,periphrastic,present,1s,1st,singular,yn,False,bod,rwyf,wyf|ydwyf|dw|ydw|rwy,ymbaratoi,,rwyf|wyf|ydwyf|dw|ydw|rwy|ymbaratoi,43,welsh_transfer_ood
ymbaratoi,make_ready,ymbaratoi,cy,3.117,low,1692,periphrastic_present_2s,periphrastic,present,2s,2nd,singular,yn,False,bod,rwyt,wyt|ydwyt,ymbaratoi,,rwyt|wyt|ydwyt|ymbaratoi,43,welsh_transfer_ood
ymbaratoi,make_ready,ymbaratoi,cy,3.117,low,1692,periphrastic_present_3s,periphrastic,present,3s,3rd,singular,yn,False,bod,mae,ydyw|yw|ydy|yn_dydy|ydi,ymbaratoi,,mae|ydyw|yw|ydy|yn_dydy|ydi|ymbaratoi,43,welsh_transfer_ood
ymbaratoi,make_ready,ymbaratoi,cy,3.117,low,1692,periphrastic_present_1p,periphrastic,present,1p,1st,plural,yn,False,bod,rydym,ydym|ŷm|dan|ydan|yn_dydan,ymbaratoi,,rydym|ydym|ŷm|dan|ydan|yn_dydan|ymbaratoi,43,welsh_transfer_ood
ymbaratoi,make_ready,ymbaratoi,cy,3.117,low,1692,periphrastic_present_2p,periphrastic,present,2p,2nd,plural,yn,False,bod,rydych,ych|ydych|dach|dych|ydach|yn_dydach,ymbaratoi,,rydych|ych|ydych|dach|dych|ydach|yn_dydach|ymbaratoi,43,welsh_transfer_ood
ymbaratoi,make_ready,ymbaratoi,cy,3.117,low,1692,periphrastic_present_3p,periphrastic,present,3p,3rd,plural,yn,False,bod,maen,maent|rydyn|rydynt|ydynt|ŷnt|ydyn|yn_dydyn|dyn,ymbaratoi,,maen|maent|rydyn|rydynt|ydynt|ŷnt|ydyn|yn_dydyn|dyn|ymbaratoi,43,welsh_transfer_ood
ymbaratoi,make_ready,ymbaratoi,cy,3.117,low,1692,periphrastic_past_1s,periphrastic,past,1s,1st,singular,,True,gwneud,gwnes,gwneuthum|gwnaes|gwnesaf,ymbaratoi,,gwnes|gwneuthum|gwnaes|gwnesaf|ymbaratoi,43,welsh_transfer_ood
ymbaratoi,make_ready,ymbaratoi,cy,3.117,low,1692,periphrastic_past_2s,periphrastic,past,2s,2nd,singular,,True,gwneud,gwnêst,gwnaethost|gwnest,ymbaratoi,,gwnêst|gwnaethost|gwnest|ymbaratoi,43,welsh_transfer_ood
ymbaratoi,make_ready,ymbaratoi,cy,3.117,low,1692,periphrastic_past_3s,periphrastic,past,3s,3rd,singular,,True,gwneud,nath,gwnaeth,ymbaratoi,,nath|gwnaeth|ymbaratoi,43,welsh_transfer_ood
ymbaratoi,make_ready,ymbaratoi,cy,3.117,low,1692,periphrastic_past_1p,periphrastic,past,1p,1st,plural,,True,gwneud,gwnaethom,,ymbaratoi,,gwnaethom|ymbaratoi,43,welsh_transfer_ood
ymbaratoi,make_ready,ymbaratoi,cy,3.117,low,1692,periphrastic_past_2p,periphrastic,past,2p,2nd,plural,,True,gwneud,gwnaethoch,gwnaesoch,ymbaratoi,,gwnaethoch|gwnaesoch|ymbaratoi,43,welsh_transfer_ood
ymbaratoi,make_ready,ymbaratoi,cy,3.117,low,1692,periphrastic_past_3p,periphrastic,past,3p,3rd,plural,,True,gwneud,gwnaethon,gwnaethant|naethon,ymbaratoi,,gwnaethon|gwnaethant|naethon|ymbaratoi,43,welsh_transfer_ood
ymbaratoi,make_ready,ymbaratoi,cy,3.117,low,1692,periphrastic_imperfect_1s,periphrastic,imperfect,1s,1st,singular,yn,False,bod,roeddwn,oeddwn|o'n|oeddaf|yn_doeddwn,ymbaratoi,,roeddwn|oeddwn|o'n|oeddaf|yn_doeddwn|ymbaratoi,43,welsh_transfer_ood
ymbaratoi,make_ready,ymbaratoi,cy,3.117,low,1692,periphrastic_imperfect_2s,periphrastic,imperfect,2s,2nd,singular,yn,False,bod,oeddet,oeddit|roeddet|oedda|oedde,ymbaratoi,,oeddet|oeddit|roeddet|oedda|oedde|ymbaratoi,43,welsh_transfer_ood
ymbaratoi,make_ready,ymbaratoi,cy,3.117,low,1692,periphrastic_imperfect_3s,periphrastic,imperfect,3s,3rd,singular,yn,False,bod,roedd,oedd|ydoedd|yn_doedd,ymbaratoi,,roedd|oedd|ydoedd|yn_doedd|ymbaratoi,43,welsh_transfer_ood
ymbaratoi,make_ready,ymbaratoi,cy,3.117,low,1692,periphrastic_imperfect_1p,periphrastic,imperfect,1p,1st,plural,yn,False,bod,roeddem,oeddem|oeddan,ymbaratoi,,roeddem|oeddem|oeddan|ymbaratoi,43,welsh_transfer_ood
ymbaratoi,make_ready,ymbaratoi,cy,3.117,low,1692,periphrastic_imperfect_2p,periphrastic,imperfect,2p,2nd,plural,yn,False,bod,roeddech,oeddech|yn_doeddech,ymbaratoi,,roeddech|oeddech|yn_doeddech|ymbaratoi,43,welsh_transfer_ood
ymbaratoi,make_ready,ymbaratoi,cy,3.117,low,1692,periphrastic_imperfect_3p,periphrastic,imperfect,3p,3rd,plural,yn,False,bod,roedden,oeddent|oeddynt|yn_doedden,ymbaratoi,,roedden|oeddent|oeddynt|yn_doedden|ymbaratoi,43,welsh_transfer_ood
ymbaratoi,make_ready,ymbaratoi,cy,3.117,low,1692,periphrastic_future_1s,periphrastic,future,1s,1st,singular,yn,False,bod,byddaf,bydda,ymbaratoi,,byddaf|bydda|ymbaratoi,43,welsh_transfer_ood
ymbaratoi,make_ready,ymbaratoi,cy,3.117,low,1692,periphrastic_future_2s,periphrastic,future,2s,2nd,singular,yn,False,bod,byddi,,ymbaratoi,,byddi|ymbaratoi,43,welsh_transfer_ood
ymbaratoi,make_ready,ymbaratoi,cy,3.117,low,1692,periphrastic_future_3s,periphrastic,future,3s,3rd,singular,yn,False,bod,bydd,,ymbaratoi,,bydd|ymbaratoi,43,welsh_transfer_ood
ymbaratoi,make_ready,ymbaratoi,cy,3.117,low,1692,periphrastic_future_1p,periphrastic,future,1p,1st,plural,yn,False,bod,byddwn,,ymbaratoi,,byddwn|ymbaratoi,43,welsh_transfer_ood
ymbaratoi,make_ready,ymbaratoi,cy,3.117,low,1692,periphrastic_future_2p,periphrastic,future,2p,2nd,plural,yn,False,bod,byddwch,,ymbaratoi,,byddwch|ymbaratoi,43,welsh_transfer_ood
ymbaratoi,make_ready,ymbaratoi,cy,3.117,low,1692,periphrastic_future_3p,periphrastic,future,3p,3rd,plural,yn,False,bod,byddan,byddant,ymbaratoi,,byddan|byddant|ymbaratoi,43,welsh_transfer_ood
andwyo,spoil,andwyo,cy,3.013,low,1762,synthetic_present_1s,synthetic,present,1s,1st,singular,,False,,,,andwyaf,,andwyaf,43,welsh_transfer_ood
andwyo,spoil,andwyo,cy,3.013,low,1762,synthetic_present_2s,synthetic,present,2s,2nd,singular,,False,,,,andwyi,,andwyi,43,welsh_transfer_ood
andwyo,spoil,andwyo,cy,3.013,low,1762,synthetic_present_3s,synthetic,present,3s,3rd,singular,,False,,,,andwya,,andwya,43,welsh_transfer_ood
andwyo,spoil,andwyo,cy,3.013,low,1762,synthetic_present_1p,synthetic,present,1p,1st,plural,,False,,,,andwywn,,andwywn,43,welsh_transfer_ood
andwyo,spoil,andwyo,cy,3.013,low,1762,synthetic_present_2p,synthetic,present,2p,2nd,plural,,False,,,,andwywch,,andwywch,43,welsh_transfer_ood
andwyo,spoil,andwyo,cy,3.013,low,1762,synthetic_present_3p,synthetic,present,3p,3rd,plural,,False,,,,andwyan,andwyant,andwyan|andwyant,43,welsh_transfer_ood
andwyo,spoil,andwyo,cy,3.013,low,1762,synthetic_past_1s,synthetic,past,1s,1st,singular,,False,,,,andwyais,,andwyais,43,welsh_transfer_ood
andwyo,spoil,andwyo,cy,3.013,low,1762,synthetic_past_2s,synthetic,past,2s,2nd,singular,,False,,,,andwyaist,,andwyaist,43,welsh_transfer_ood
andwyo,spoil,andwyo,cy,3.013,low,1762,synthetic_past_3s,synthetic,past,3s,3rd,singular,,False,,,,andwyodd,,andwyodd,43,welsh_transfer_ood
andwyo,spoil,andwyo,cy,3.013,low,1762,synthetic_past_1p,synthetic,past,1p,1st,plural,,False,,,,andwyon,andwyasom|andwysom,andwyon|andwyasom|andwysom,43,welsh_transfer_ood
andwyo,spoil,andwyo,cy,3.013,low,1762,synthetic_past_2p,synthetic,past,2p,2nd,plural,,False,,,,andwyoch,andwyasoch|andwysoch,andwyoch|andwyasoch|andwysoch,43,welsh_transfer_ood
andwyo,spoil,andwyo,cy,3.013,low,1762,synthetic_past_3p,synthetic,past,3p,3rd,plural,,False,,,,andwyon,andwyasant|andwyson,andwyon|andwyasant|andwyson,43,welsh_transfer_ood
andwyo,spoil,andwyo,cy,3.013,low,1762,synthetic_imperfect_1s,synthetic,imperfect,1s,1st,singular,,False,,,,andwywn,,andwywn,43,welsh_transfer_ood
andwyo,spoil,andwyo,cy,3.013,low,1762,synthetic_imperfect_2s,synthetic,imperfect,2s,2nd,singular,,False,,,,andwyet,andwyit,andwyet|andwyit,43,welsh_transfer_ood
andwyo,spoil,andwyo,cy,3.013,low,1762,synthetic_imperfect_3s,synthetic,imperfect,3s,3rd,singular,,False,,,,andwyai,,andwyai,43,welsh_transfer_ood
andwyo,spoil,andwyo,cy,3.013,low,1762,synthetic_imperfect_1p,synthetic,imperfect,1p,1st,plural,,False,,,,andwyem,,andwyem,43,welsh_transfer_ood
andwyo,spoil,andwyo,cy,3.013,low,1762,synthetic_imperfect_2p,synthetic,imperfect,2p,2nd,plural,,False,,,,andwyech,,andwyech,43,welsh_transfer_ood
andwyo,spoil,andwyo,cy,3.013,low,1762,synthetic_imperfect_3p,synthetic,imperfect,3p,3rd,plural,,False,,,,andwyent,,andwyent,43,welsh_transfer_ood
andwyo,spoil,andwyo,cy,3.013,low,1762,periphrastic_present_1s,periphrastic,present,1s,1st,singular,yn,False,bod,rwyf,wyf|ydwyf|dw|ydw|rwy,andwyo,,rwyf|wyf|ydwyf|dw|ydw|rwy|andwyo,43,welsh_transfer_ood
andwyo,spoil,andwyo,cy,3.013,low,1762,periphrastic_present_2s,periphrastic,present,2s,2nd,singular,yn,False,bod,rwyt,wyt|ydwyt,andwyo,,rwyt|wyt|ydwyt|andwyo,43,welsh_transfer_ood
andwyo,spoil,andwyo,cy,3.013,low,1762,periphrastic_present_3s,periphrastic,present,3s,3rd,singular,yn,False,bod,mae,ydyw|yw|ydy|yn_dydy|ydi,andwyo,,mae|ydyw|yw|ydy|yn_dydy|ydi|andwyo,43,welsh_transfer_ood
andwyo,spoil,andwyo,cy,3.013,low,1762,periphrastic_present_1p,periphrastic,present,1p,1st,plural,yn,False,bod,rydym,ydym|ŷm|dan|ydan|yn_dydan,andwyo,,rydym|ydym|ŷm|dan|ydan|yn_dydan|andwyo,43,welsh_transfer_ood
andwyo,spoil,andwyo,cy,3.013,low,1762,periphrastic_present_2p,periphrastic,present,2p,2nd,plural,yn,False,bod,rydych,ych|ydych|dach|dych|ydach|yn_dydach,andwyo,,rydych|ych|ydych|dach|dych|ydach|yn_dydach|andwyo,43,welsh_transfer_ood
andwyo,spoil,andwyo,cy,3.013,low,1762,periphrastic_present_3p,periphrastic,present,3p,3rd,plural,yn,False,bod,maen,maent|rydyn|rydynt|ydynt|ŷnt|ydyn|yn_dydyn|dyn,andwyo,,maen|maent|rydyn|rydynt|ydynt|ŷnt|ydyn|yn_dydyn|dyn|andwyo,43,welsh_transfer_ood
andwyo,spoil,andwyo,cy,3.013,low,1762,periphrastic_past_1s,periphrastic,past,1s,1st,singular,,True,gwneud,gwnes,gwneuthum|gwnaes|gwnesaf,andwyo,,gwnes|gwneuthum|gwnaes|gwnesaf|andwyo,43,welsh_transfer_ood
andwyo,spoil,andwyo,cy,3.013,low,1762,periphrastic_past_2s,periphrastic,past,2s,2nd,singular,,True,gwneud,gwnêst,gwnaethost|gwnest,andwyo,,gwnêst|gwnaethost|gwnest|andwyo,43,welsh_transfer_ood
andwyo,spoil,andwyo,cy,3.013,low,1762,periphrastic_past_3s,periphrastic,past,3s,3rd,singular,,True,gwneud,nath,gwnaeth,andwyo,,nath|gwnaeth|andwyo,43,welsh_transfer_ood
andwyo,spoil,andwyo,cy,3.013,low,1762,periphrastic_past_1p,periphrastic,past,1p,1st,plural,,True,gwneud,gwnaethom,,andwyo,,gwnaethom|andwyo,43,welsh_transfer_ood
andwyo,spoil,andwyo,cy,3.013,low,1762,periphrastic_past_2p,periphrastic,past,2p,2nd,plural,,True,gwneud,gwnaethoch,gwnaesoch,andwyo,,gwnaethoch|gwnaesoch|andwyo,43,welsh_transfer_ood
andwyo,spoil,andwyo,cy,3.013,low,1762,periphrastic_past_3p,periphrastic,past,3p,3rd,plural,,True,gwneud,gwnaethon,gwnaethant|naethon,andwyo,,gwnaethon|gwnaethant|naethon|andwyo,43,welsh_transfer_ood
andwyo,spoil,andwyo,cy,3.013,low,1762,periphrastic_imperfect_1s,periphrastic,imperfect,1s,1st,singular,yn,False,bod,roeddwn,oeddwn|o'n|oeddaf|yn_doeddwn,andwyo,,roeddwn|oeddwn|o'n|oeddaf|yn_doeddwn|andwyo,43,welsh_transfer_ood
andwyo,spoil,andwyo,cy,3.013,low,1762,periphrastic_imperfect_2s,periphrastic,imperfect,2s,2nd,singular,yn,False,bod,oeddet,oeddit|roeddet|oedda|oedde,andwyo,,oeddet|oeddit|roeddet|oedda|oedde|andwyo,43,welsh_transfer_ood
andwyo,spoil,andwyo,cy,3.013,low,1762,periphrastic_imperfect_3s,periphrastic,imperfect,3s,3rd,singular,yn,False,bod,roedd,oedd|ydoedd|yn_doedd,andwyo,,roedd|oedd|ydoedd|yn_doedd|andwyo,43,welsh_transfer_ood
andwyo,spoil,andwyo,cy,3.013,low,1762,periphrastic_imperfect_1p,periphrastic,imperfect,1p,1st,plural,yn,False,bod,roeddem,oeddem|oeddan,andwyo,,roeddem|oeddem|oeddan|andwyo,43,welsh_transfer_ood
andwyo,spoil,andwyo,cy,3.013,low,1762,periphrastic_imperfect_2p,periphrastic,imperfect,2p,2nd,plural,yn,False,bod,roeddech,oeddech|yn_doeddech,andwyo,,roeddech|oeddech|yn_doeddech|andwyo,43,welsh_transfer_ood
andwyo,spoil,andwyo,cy,3.013,low,1762,periphrastic_imperfect_3p,periphrastic,imperfect,3p,3rd,plural,yn,False,bod,roedden,oeddent|oeddynt|yn_doedden,andwyo,,roedden|oeddent|oeddynt|yn_doedden|andwyo,43,welsh_transfer_ood
andwyo,spoil,andwyo,cy,3.013,low,1762,periphrastic_future_1s,periphrastic,future,1s,1st,singular,yn,False,bod,byddaf,bydda,andwyo,,byddaf|bydda|andwyo,43,welsh_transfer_ood
andwyo,spoil,andwyo,cy,3.013,low,1762,periphrastic_future_2s,periphrastic,future,2s,2nd,singular,yn,False,bod,byddi,,andwyo,,byddi|andwyo,43,welsh_transfer_ood
andwyo,spoil,andwyo,cy,3.013,low,1762,periphrastic_future_3s,periphrastic,future,3s,3rd,singular,yn,False,bod,bydd,,andwyo,,bydd|andwyo,43,welsh_transfer_ood
andwyo,spoil,andwyo,cy,3.013,low,1762,periphrastic_future_1p,periphrastic,future,1p,1st,plural,yn,False,bod,byddwn,,andwyo,,byddwn|andwyo,43,welsh_transfer_ood
andwyo,spoil,andwyo,cy,3.013,low,1762,periphrastic_future_2p,periphrastic,future,2p,2nd,plural,yn,False,bod,byddwch,,andwyo,,byddwch|andwyo,43,welsh_transfer_ood
andwyo,spoil,andwyo,cy,3.013,low,1762,periphrastic_future_3p,periphrastic,future,3p,3rd,plural,yn,False,bod,byddan,byddant,andwyo,,byddan|byddant|andwyo,43,welsh_transfer_ood
cynghreirio,ally,cynghreirio,cy,2.973,low,1802,synthetic_present_1s,synthetic,present,1s,1st,singular,,False,,,,cynghreiriaf,,cynghreiriaf,43,welsh_transfer_ood
cynghreirio,ally,cynghreirio,cy,2.973,low,1802,synthetic_present_2s,synthetic,present,2s,2nd,singular,,False,,,,cynghreiri,,cynghreiri,43,welsh_transfer_ood
cynghreirio,ally,cynghreirio,cy,2.973,low,1802,synthetic_present_3s,synthetic,present,3s,3rd,singular,,False,,,,cynghreiria,,cynghreiria,43,welsh_transfer_ood
cynghreirio,ally,cynghreirio,cy,2.973,low,1802,synthetic_present_1p,synthetic,present,1p,1st,plural,,False,,,,cynghreiriwn,,cynghreiriwn,43,welsh_transfer_ood
cynghreirio,ally,cynghreirio,cy,2.973,low,1802,synthetic_present_2p,synthetic,present,2p,2nd,plural,,False,,,,cynghreiriwch,,cynghreiriwch,43,welsh_transfer_ood
cynghreirio,ally,cynghreirio,cy,2.973,low,1802,synthetic_present_3p,synthetic,present,3p,3rd,plural,,False,,,,cynghreirian,cynghreiriant,cynghreirian|cynghreiriant,43,welsh_transfer_ood
cynghreirio,ally,cynghreirio,cy,2.973,low,1802,synthetic_past_1s,synthetic,past,1s,1st,singular,,False,,,,cynghreiriais,,cynghreiriais,43,welsh_transfer_ood
cynghreirio,ally,cynghreirio,cy,2.973,low,1802,synthetic_past_2s,synthetic,past,2s,2nd,singular,,False,,,,cynghreiriaist,,cynghreiriaist,43,welsh_transfer_ood
cynghreirio,ally,cynghreirio,cy,2.973,low,1802,synthetic_past_3s,synthetic,past,3s,3rd,singular,,False,,,,cynghreiriodd,,cynghreiriodd,43,welsh_transfer_ood
cynghreirio,ally,cynghreirio,cy,2.973,low,1802,synthetic_past_1p,synthetic,past,1p,1st,plural,,False,,,,cynghreirion,cynghreiriasom,cynghreirion|cynghreiriasom,43,welsh_transfer_ood
cynghreirio,ally,cynghreirio,cy,2.973,low,1802,synthetic_past_2p,synthetic,past,2p,2nd,plural,,False,,,,cynghreirioch,cynghreiriasoch,cynghreirioch|cynghreiriasoch,43,welsh_transfer_ood
cynghreirio,ally,cynghreirio,cy,2.973,low,1802,synthetic_past_3p,synthetic,past,3p,3rd,plural,,False,,,,cynghreirion,cynghreiriasant,cynghreirion|cynghreiriasant,43,welsh_transfer_ood
cynghreirio,ally,cynghreirio,cy,2.973,low,1802,synthetic_imperfect_1s,synthetic,imperfect,1s,1st,singular,,False,,,,cynghreiriwn,,cynghreiriwn,43,welsh_transfer_ood
cynghreirio,ally,cynghreirio,cy,2.973,low,1802,synthetic_imperfect_2s,synthetic,imperfect,2s,2nd,singular,,False,,,,cynghreiriet,cynghreirit,cynghreiriet|cynghreirit,43,welsh_transfer_ood
cynghreirio,ally,cynghreirio,cy,2.973,low,1802,synthetic_imperfect_3s,synthetic,imperfect,3s,3rd,singular,,False,,,,cynghreiriai,,cynghreiriai,43,welsh_transfer_ood
cynghreirio,ally,cynghreirio,cy,2.973,low,1802,synthetic_imperfect_1p,synthetic,imperfect,1p,1st,plural,,False,,,,cynghreiriem,,cynghreiriem,43,welsh_transfer_ood
cynghreirio,ally,cynghreirio,cy,2.973,low,1802,synthetic_imperfect_2p,synthetic,imperfect,2p,2nd,plural,,False,,,,cynghreiriech,,cynghreiriech,43,welsh_transfer_ood
cynghreirio,ally,cynghreirio,cy,2.973,low,1802,synthetic_imperfect_3p,synthetic,imperfect,3p,3rd,plural,,False,,,,cynghreirient,,cynghreirient,43,welsh_transfer_ood
cynghreirio,ally,cynghreirio,cy,2.973,low,1802,periphrastic_present_1s,periphrastic,present,1s,1st,singular,yn,False,bod,rwyf,wyf|ydwyf|dw|ydw|rwy,cynghreirio,,rwyf|wyf|ydwyf|dw|ydw|rwy|cynghreirio,43,welsh_transfer_ood
cynghreirio,ally,cynghreirio,cy,2.973,low,1802,periphrastic_present_2s,periphrastic,present,2s,2nd,singular,yn,False,bod,rwyt,wyt|ydwyt,cynghreirio,,rwyt|wyt|ydwyt|cynghreirio,43,welsh_transfer_ood
cynghreirio,ally,cynghreirio,cy,2.973,low,1802,periphrastic_present_3s,periphrastic,present,3s,3rd,singular,yn,False,bod,mae,ydyw|yw|ydy|yn_dydy|ydi,cynghreirio,,mae|ydyw|yw|ydy|yn_dydy|ydi|cynghreirio,43,welsh_transfer_ood
cynghreirio,ally,cynghreirio,cy,2.973,low,1802,periphrastic_present_1p,periphrastic,present,1p,1st,plural,yn,False,bod,rydym,ydym|ŷm|dan|ydan|yn_dydan,cynghreirio,,rydym|ydym|ŷm|dan|ydan|yn_dydan|cynghreirio,43,welsh_transfer_ood
cynghreirio,ally,cynghreirio,cy,2.973,low,1802,periphrastic_present_2p,periphrastic,present,2p,2nd,plural,yn,False,bod,rydych,ych|ydych|dach|dych|ydach|yn_dydach,cynghreirio,,rydych|ych|ydych|dach|dych|ydach|yn_dydach|cynghreirio,43,welsh_transfer_ood
cynghreirio,ally,cynghreirio,cy,2.973,low,1802,periphrastic_present_3p,periphrastic,present,3p,3rd,plural,yn,False,bod,maen,maent|rydyn|rydynt|ydynt|ŷnt|ydyn|yn_dydyn|dyn,cynghreirio,,maen|maent|rydyn|rydynt|ydynt|ŷnt|ydyn|yn_dydyn|dyn|cynghreirio,43,welsh_transfer_ood
cynghreirio,ally,cynghreirio,cy,2.973,low,1802,periphrastic_past_1s,periphrastic,past,1s,1st,singular,,True,gwneud,gwnes,gwneuthum|gwnaes|gwnesaf,gynghreirio,cynghreirio,gwnes|gwneuthum|gwnaes|gwnesaf|gynghreirio|cynghreirio,43,welsh_transfer_ood
cynghreirio,ally,cynghreirio,cy,2.973,low,1802,periphrastic_past_2s,periphrastic,past,2s,2nd,singular,,True,gwneud,gwnêst,gwnaethost|gwnest,gynghreirio,cynghreirio,gwnêst|gwnaethost|gwnest|gynghreirio|cynghreirio,43,welsh_transfer_ood
cynghreirio,ally,cynghreirio,cy,2.973,low,1802,periphrastic_past_3s,periphrastic,past,3s,3rd,singular,,True,gwneud,nath,gwnaeth,gynghreirio,cynghreirio,nath|gwnaeth|gynghreirio|cynghreirio,43,welsh_transfer_ood
cynghreirio,ally,cynghreirio,cy,2.973,low,1802,periphrastic_past_1p,periphrastic,past,1p,1st,plural,,True,gwneud,gwnaethom,,gynghreirio,cynghreirio,gwnaethom|gynghreirio|cynghreirio,43,welsh_transfer_ood
cynghreirio,ally,cynghreirio,cy,2.973,low,1802,periphrastic_past_2p,periphrastic,past,2p,2nd,plural,,True,gwneud,gwnaethoch,gwnaesoch,gynghreirio,cynghreirio,gwnaethoch|gwnaesoch|gynghreirio|cynghreirio,43,welsh_transfer_ood
cynghreirio,ally,cynghreirio,cy,2.973,low,1802,periphrastic_past_3p,periphrastic,past,3p,3rd,plural,,True,gwneud,gwnaethon,gwnaethant|naethon,gynghreirio,cynghreirio,gwnaethon|gwnaethant|naethon|gynghreirio|cynghreirio,43,welsh_transfer_ood
cynghreirio,ally,cynghreirio,cy,2.973,low,1802,periphrastic_imperfect_1s,periphrastic,imperfect,1s,1st,singular,yn,False,bod,roeddwn,oeddwn|o'n|oeddaf|yn_doeddwn,cynghreirio,,roeddwn|oeddwn|o'n|oeddaf|yn_doeddwn|cynghreirio,43,welsh_transfer_ood
cynghreirio,ally,cynghreirio,cy,2.973,low,1802,periphrastic_imperfect_2s,periphrastic,imperfect,2s,2nd,singular,yn,False,bod,oeddet,oeddit|roeddet|oedda|oedde,cynghreirio,,oeddet|oeddit|roeddet|oedda|oedde|cynghreirio,43,welsh_transfer_ood
cynghreirio,ally,cynghreirio,cy,2.973,low,1802,periphrastic_imperfect_3s,periphrastic,imperfect,3s,3rd,singular,yn,False,bod,roedd,oedd|ydoedd|yn_doedd,cynghreirio,,roedd|oedd|ydoedd|yn_doedd|cynghreirio,43,welsh_transfer_ood
cynghreirio,ally,cynghreirio,cy,2.973,low,1802,periphrastic_imperfect_1p,periphrastic,imperfect,1p,1st,plural,yn,False,bod,roeddem,oeddem|oeddan,cynghreirio,,roeddem|oeddem|oeddan|cynghreirio,43,welsh_transfer_ood
cynghreirio,ally,cynghreirio,cy,2.973,low,1802,periphrastic_imperfect_2p,periphrastic,imperfect,2p,2nd,plural,yn,False,bod,roeddech,oeddech|yn_doeddech,cynghreirio,,roeddech|oeddech|yn_doeddech|cynghreirio,43,welsh_transfer_ood
cynghreirio,ally,cynghreirio,cy,2.973,low,1802,periphrastic_imperfect_3p,periphrastic,imperfect,3p,3rd,plural,yn,False,bod,roedden,oeddent|oeddynt|yn_doedden,cynghreirio,,roedden|oeddent|oeddynt|yn_doedden|cynghreirio,43,welsh_transfer_ood
cynghreirio,ally,cynghreirio,cy,2.973,low,1802,periphrastic_future_1s,periphrastic,future,1s,1st,singular,yn,False,bod,byddaf,bydda,cynghreirio,,byddaf|bydda|cynghreirio,43,welsh_transfer_ood
cynghreirio,ally,cynghreirio,cy,2.973,low,1802,periphrastic_future_2s,periphrastic,future,2s,2nd,singular,yn,False,bod,byddi,,cynghreirio,,byddi|cynghreirio,43,welsh_transfer_ood
cynghreirio,ally,cynghreirio,cy,2.973,low,1802,periphrastic_future_3s,periphrastic,future,3s,3rd,singular,yn,False,bod,bydd,,cynghreirio,,bydd|cynghreirio,43,welsh_transfer_ood
cynghreirio,ally,cynghreirio,cy,2.973,low,1802,periphrastic_future_1p,periphrastic,future,1p,1st,plural,yn,False,bod,byddwn,,cynghreirio,,byddwn|cynghreirio,43,welsh_transfer_ood
cynghreirio,ally,cynghreirio,cy,2.973,low,1802,periphrastic_future_2p,periphrastic,future,2p,2nd,plural,yn,False,bod,byddwch,,cynghreirio,,byddwch|cynghreirio,43,welsh_transfer_ood
cynghreirio,ally,cynghreirio,cy,2.973,low,1802,periphrastic_future_3p,periphrastic,future,3p,3rd,plural,yn,False,bod,byddan,byddant,cynghreirio,,byddan|byddant|cynghreirio,43,welsh_transfer_ood
benthycio,borrow,benthycio,cy,2.924,low,1840,synthetic_present_1s,synthetic,present,1s,1st,singular,,False,,,,benthyciaf,,benthyciaf,43,welsh_transfer_ood
benthycio,borrow,benthycio,cy,2.924,low,1840,synthetic_present_2s,synthetic,present,2s,2nd,singular,,False,,,,benthyci,,benthyci,43,welsh_transfer_ood
benthycio,borrow,benthycio,cy,2.924,low,1840,synthetic_present_3s,synthetic,present,3s,3rd,singular,,False,,,,benthycia,,benthycia,43,welsh_transfer_ood
benthycio,borrow,benthycio,cy,2.924,low,1840,synthetic_present_1p,synthetic,present,1p,1st,plural,,False,,,,benthyciwn,,benthyciwn,43,welsh_transfer_ood
benthycio,borrow,benthycio,cy,2.924,low,1840,synthetic_present_2p,synthetic,present,2p,2nd,plural,,False,,,,benthyciwch,,benthyciwch,43,welsh_transfer_ood
benthycio,borrow,benthycio,cy,2.924,low,1840,synthetic_present_3p,synthetic,present,3p,3rd,plural,,False,,,,benthycian,benthyciant,benthycian|benthyciant,43,welsh_transfer_ood
benthycio,borrow,benthycio,cy,2.924,low,1840,synthetic_past_1s,synthetic,past,1s,1st,singular,,False,,,,benthyciais,,benthyciais,43,welsh_transfer_ood
benthycio,borrow,benthycio,cy,2.924,low,1840,synthetic_past_2s,synthetic,past,2s,2nd,singular,,False,,,,benthyciaist,,benthyciaist,43,welsh_transfer_ood
benthycio,borrow,benthycio,cy,2.924,low,1840,synthetic_past_3s,synthetic,past,3s,3rd,singular,,False,,,,benthyciodd,,benthyciodd,43,welsh_transfer_ood
benthycio,borrow,benthycio,cy,2.924,low,1840,synthetic_past_1p,synthetic,past,1p,1st,plural,,False,,,,benthycion,benthyciasom,benthycion|benthyciasom,43,welsh_transfer_ood
benthycio,borrow,benthycio,cy,2.924,low,1840,synthetic_past_2p,synthetic,past,2p,2nd,plural,,False,,,,benthycioch,benthyciasoch,benthycioch|benthyciasoch,43,welsh_transfer_ood
benthycio,borrow,benthycio,cy,2.924,low,1840,synthetic_past_3p,synthetic,past,3p,3rd,plural,,False,,,,benthycion,benthyciasant,benthycion|benthyciasant,43,welsh_transfer_ood
benthycio,borrow,benthycio,cy,2.924,low,1840,synthetic_imperfect_1s,synthetic,imperfect,1s,1st,singular,,False,,,,benthyciwn,,benthyciwn,43,welsh_transfer_ood
benthycio,borrow,benthycio,cy,2.924,low,1840,synthetic_imperfect_2s,synthetic,imperfect,2s,2nd,singular,,False,,,,benthyciet,benthycit,benthyciet|benthycit,43,welsh_transfer_ood
benthycio,borrow,benthycio,cy,2.924,low,1840,synthetic_imperfect_3s,synthetic,imperfect,3s,3rd,singular,,False,,,,benthyciai,,benthyciai,43,welsh_transfer_ood
benthycio,borrow,benthycio,cy,2.924,low,1840,synthetic_imperfect_1p,synthetic,imperfect,1p,1st,plural,,False,,,,benthyciem,,benthyciem,43,welsh_transfer_ood
benthycio,borrow,benthycio,cy,2.924,low,1840,synthetic_imperfect_2p,synthetic,imperfect,2p,2nd,plural,,False,,,,benthyciech,,benthyciech,43,welsh_transfer_ood
benthycio,borrow,benthycio,cy,2.924,low,1840,synthetic_imperfect_3p,synthetic,imperfect,3p,3rd,plural,,False,,,,benthycient,,benthycient,43,welsh_transfer_ood
benthycio,borrow,benthycio,cy,2.924,low,1840,periphrastic_present_1s,periphrastic,present,1s,1st,singular,yn,False,bod,rwyf,wyf|ydwyf|dw|ydw|rwy,benthycio,,rwyf|wyf|ydwyf|dw|ydw|rwy|benthycio,43,welsh_transfer_ood
benthycio,borrow,benthycio,cy,2.924,low,1840,periphrastic_present_2s,periphrastic,present,2s,2nd,singular,yn,False,bod,rwyt,wyt|ydwyt,benthycio,,rwyt|wyt|ydwyt|benthycio,43,welsh_transfer_ood
benthycio,borrow,benthycio,cy,2.924,low,1840,periphrastic_present_3s,periphrastic,present,3s,3rd,singular,yn,False,bod,mae,ydyw|yw|ydy|yn_dydy|ydi,benthycio,,mae|ydyw|yw|ydy|yn_dydy|ydi|benthycio,43,welsh_transfer_ood
benthycio,borrow,benthycio,cy,2.924,low,1840,periphrastic_present_1p,periphrastic,present,1p,1st,plural,yn,False,bod,rydym,ydym|ŷm|dan|ydan|yn_dydan,benthycio,,rydym|ydym|ŷm|dan|ydan|yn_dydan|benthycio,43,welsh_transfer_ood
benthycio,borrow,benthycio,cy,2.924,low,1840,periphrastic_present_2p,periphrastic,present,2p,2nd,plural,yn,False,bod,rydych,ych|ydych|dach|dych|ydach|yn_dydach,benthycio,,rydych|ych|ydych|dach|dych|ydach|yn_dydach|benthycio,43,welsh_transfer_ood
benthycio,borrow,benthycio,cy,2.924,low,1840,periphrastic_present_3p,periphrastic,present,3p,3rd,plural,yn,False,bod,maen,maent|rydyn|rydynt|ydynt|ŷnt|ydyn|yn_dydyn|dyn,benthycio,,maen|maent|rydyn|rydynt|ydynt|ŷnt|ydyn|yn_dydyn|dyn|benthycio,43,welsh_transfer_ood
benthycio,borrow,benthycio,cy,2.924,low,1840,periphrastic_past_1s,periphrastic,past,1s,1st,singular,,True,gwneud,gwnes,gwneuthum|gwnaes|gwnesaf,fenthycio,benthycio,gwnes|gwneuthum|gwnaes|gwnesaf|fenthycio|benthycio,43,welsh_transfer_ood
benthycio,borrow,benthycio,cy,2.924,low,1840,periphrastic_past_2s,periphrastic,past,2s,2nd,singular,,True,gwneud,gwnêst,gwnaethost|gwnest,fenthycio,benthycio,gwnêst|gwnaethost|gwnest|fenthycio|benthycio,43,welsh_transfer_ood
benthycio,borrow,benthycio,cy,2.924,low,1840,periphrastic_past_3s,periphrastic,past,3s,3rd,singular,,True,gwneud,nath,gwnaeth,fenthycio,benthycio,nath|gwnaeth|fenthycio|benthycio,43,welsh_transfer_ood
benthycio,borrow,benthycio,cy,2.924,low,1840,periphrastic_past_1p,periphrastic,past,1p,1st,plural,,True,gwneud,gwnaethom,,fenthycio,benthycio,gwnaethom|fenthycio|benthycio,43,welsh_transfer_ood
benthycio,borrow,benthycio,cy,2.924,low,1840,periphrastic_past_2p,periphrastic,past,2p,2nd,plural,,True,gwneud,gwnaethoch,gwnaesoch,fenthycio,benthycio,gwnaethoch|gwnaesoch|fenthycio|benthycio,43,welsh_transfer_ood
benthycio,borrow,benthycio,cy,2.924,low,1840,periphrastic_past_3p,periphrastic,past,3p,3rd,plural,,True,gwneud,gwnaethon,gwnaethant|naethon,fenthycio,benthycio,gwnaethon|gwnaethant|naethon|fenthycio|benthycio,43,welsh_transfer_ood
benthycio,borrow,benthycio,cy,2.924,low,1840,periphrastic_imperfect_1s,periphrastic,imperfect,1s,1st,singular,yn,False,bod,roeddwn,oeddwn|o'n|oeddaf|yn_doeddwn,benthycio,,roeddwn|oeddwn|o'n|oeddaf|yn_doeddwn|benthycio,43,welsh_transfer_ood
benthycio,borrow,benthycio,cy,2.924,low,1840,periphrastic_imperfect_2s,periphrastic,imperfect,2s,2nd,singular,yn,False,bod,oeddet,oeddit|roeddet|oedda|oedde,benthycio,,oeddet|oeddit|roeddet|oedda|oedde|benthycio,43,welsh_transfer_ood
benthycio,borrow,benthycio,cy,2.924,low,1840,periphrastic_imperfect_3s,periphrastic,imperfect,3s,3rd,singular,yn,False,bod,roedd,oedd|ydoedd|yn_doedd,benthycio,,roedd|oedd|ydoedd|yn_doedd|benthycio,43,welsh_transfer_ood
benthycio,borrow,benthycio,cy,2.924,low,1840,periphrastic_imperfect_1p,periphrastic,imperfect,1p,1st,plural,yn,False,bod,roeddem,oeddem|oeddan,benthycio,,roeddem|oeddem|oeddan|benthycio,43,welsh_transfer_ood
benthycio,borrow,benthycio,cy,2.924,low,1840,periphrastic_imperfect_2p,periphrastic,imperfect,2p,2nd,plural,yn,False,bod,roeddech,oeddech|yn_doeddech,benthycio,,roeddech|oeddech|yn_doeddech|benthycio,43,welsh_transfer_ood
benthycio,borrow,benthycio,cy,2.924,low,1840,periphrastic_imperfect_3p,periphrastic,imperfect,3p,3rd,plural,yn,False,bod,roedden,oeddent|oeddynt|yn_doedden,benthycio,,roedden|oeddent|oeddynt|yn_doedden|benthycio,43,welsh_transfer_ood
benthycio,borrow,benthycio,cy,2.924,low,1840,periphrastic_future_1s,periphrastic,future,1s,1st,singular,yn,False,bod,byddaf,bydda,benthycio,,byddaf|bydda|benthycio,43,welsh_transfer_ood
benthycio,borrow,benthycio,cy,2.924,low,1840,periphrastic_future_2s,periphrastic,future,2s,2nd,singular,yn,False,bod,byddi,,benthycio,,byddi|benthycio,43,welsh_transfer_ood
benthycio,borrow,benthycio,cy,2.924,low,1840,periphrastic_future_3s,periphrastic,future,3s,3rd,singular,yn,False,bod,bydd,,benthycio,,bydd|benthycio,43,welsh_transfer_ood
benthycio,borrow,benthycio,cy,2.924,low,1840,periphrastic_future_1p,periphrastic,future,1p,1st,plural,yn,False,bod,byddwn,,benthycio,,byddwn|benthycio,43,welsh_transfer_ood
benthycio,borrow,benthycio,cy,2.924,low,1840,periphrastic_future_2p,periphrastic,future,2p,2nd,plural,yn,False,bod,byddwch,,benthycio,,byddwch|benthycio,43,welsh_transfer_ood
benthycio,borrow,benthycio,cy,2.924,low,1840,periphrastic_future_3p,periphrastic,future,3p,3rd,plural,yn,False,bod,byddan,byddant,benthycio,,byddan|byddant|benthycio,43,welsh_transfer_ood
ymochel,avoid,ymochel,cy,2.82,low,1985,synthetic_present_1s,synthetic,present,1s,1st,singular,,False,,,,ymochelaf,,ymochelaf,43,welsh_transfer_ood
ymochel,avoid,ymochel,cy,2.82,low,1985,synthetic_present_2s,synthetic,present,2s,2nd,singular,,False,,,,ymocheli,,ymocheli,43,welsh_transfer_ood
ymochel,avoid,ymochel,cy,2.82,low,1985,synthetic_present_3s,synthetic,present,3s,3rd,singular,,False,,,,ymochela,,ymochela,43,welsh_transfer_ood
ymochel,avoid,ymochel,cy,2.82,low,1985,synthetic_present_1p,synthetic,present,1p,1st,plural,,False,,,,ymochelwn,,ymochelwn,43,welsh_transfer_ood
ymochel,avoid,ymochel,cy,2.82,low,1985,synthetic_present_2p,synthetic,present,2p,2nd,plural,,False,,,,ymochelwch,,ymochelwch,43,welsh_transfer_ood
ymochel,avoid,ymochel,cy,2.82,low,1985,synthetic_present_3p,synthetic,present,3p,3rd,plural,,False,,,,ymochelan,ymochelant,ymochelan|ymochelant,43,welsh_transfer_ood
ymochel,avoid,ymochel,cy,2.82,low,1985,synthetic_past_1s,synthetic,past,1s,1st,singular,,False,,,,ymochelais,,ymochelais,43,welsh_transfer_ood
ymochel,avoid,ymochel,cy,2.82,low,1985,synthetic_past_2s,synthetic,past,2s,2nd,singular,,False,,,,ymochelaist,,ymochelaist,43,welsh_transfer_ood
ymochel,avoid,ymochel,cy,2.82,low,1985,synthetic_past_3s,synthetic,past,3s,3rd,singular,,False,,,,ymochelodd,,ymochelodd,43,welsh_transfer_ood
ymochel,avoid,ymochel,cy,2.82,low,1985,synthetic_past_1p,synthetic,past,1p,1st,plural,,False,,,,ymochelon,ymochelasom|ymochelsom,ymochelon|ymochelasom|ymochelsom,43,welsh_transfer_ood
ymochel,avoid,ymochel,cy,2.82,low,1985,synthetic_past_2p,synthetic,past,2p,2nd,plural,,False,,,,ymocheloch,ymochelasoch|ymochelsoch,ymocheloch|ymochelasoch|ymochelsoch,43,welsh_transfer_ood
ymochel,avoid,ymochel,cy,2.82,low,1985,synthetic_past_3p,synthetic,past,3p,3rd,plural,,False,,,,ymochelon,ymochelasant|ymochelson,ymochelon|ymochelasant|ymochelson,43,welsh_transfer_ood
ymochel,avoid,ymochel,cy,2.82,low,1985,synthetic_imperfect_1s,synthetic,imperfect,1s,1st,singular,,False,,,,ymochelwn,,ymochelwn,43,welsh_transfer_ood
ymochel,avoid,ymochel,cy,2.82,low,1985,synthetic_imperfect_2s,synthetic,imperfect,2s,2nd,singular,,False,,,,ymochelet,ymochelit,ymochelet|ymochelit,43,welsh_transfer_ood
ymochel,avoid,ymochel,cy,2.82,low,1985,synthetic_imperfect_3s,synthetic,imperfect,3s,3rd,singular,,False,,,,ymochelai,,ymochelai,43,welsh_transfer_ood
ymochel,avoid,ymochel,cy,2.82,low,1985,synthetic_imperfect_1p,synthetic,imperfect,1p,1st,plural,,False,,,,ymochelem,,ymochelem,43,welsh_transfer_ood
ymochel,avoid,ymochel,cy,2.82,low,1985,synthetic_imperfect_2p,synthetic,imperfect,2p,2nd,plural,,False,,,,ymochelech,,ymochelech,43,welsh_transfer_ood
ymochel,avoid,ymochel,cy,2.82,low,1985,synthetic_imperfect_3p,synthetic,imperfect,3p,3rd,plural,,False,,,,ymochelent,,ymochelent,43,welsh_transfer_ood
ymochel,avoid,ymochel,cy,2.82,low,1985,periphrastic_present_1s,periphrastic,present,1s,1st,singular,yn,False,bod,rwyf,wyf|ydwyf|dw|ydw|rwy,ymochel,,rwyf|wyf|ydwyf|dw|ydw|rwy|ymochel,43,welsh_transfer_ood
ymochel,avoid,ymochel,cy,2.82,low,1985,periphrastic_present_2s,periphrastic,present,2s,2nd,singular,yn,False,bod,rwyt,wyt|ydwyt,ymochel,,rwyt|wyt|ydwyt|ymochel,43,welsh_transfer_ood
ymochel,avoid,ymochel,cy,2.82,low,1985,periphrastic_present_3s,periphrastic,present,3s,3rd,singular,yn,False,bod,mae,ydyw|yw|ydy|yn_dydy|ydi,ymochel,,mae|ydyw|yw|ydy|yn_dydy|ydi|ymochel,43,welsh_transfer_ood
ymochel,avoid,ymochel,cy,2.82,low,1985,periphrastic_present_1p,periphrastic,present,1p,1st,plural,yn,False,bod,rydym,ydym|ŷm|dan|ydan|yn_dydan,ymochel,,rydym|ydym|ŷm|dan|ydan|yn_dydan|ymochel,43,welsh_transfer_ood
ymochel,avoid,ymochel,cy,2.82,low,1985,periphrastic_present_2p,periphrastic,present,2p,2nd,plural,yn,False,bod,rydych,ych|ydych|dach|dych|ydach|yn_dydach,ymochel,,rydych|ych|ydych|dach|dych|ydach|yn_dydach|ymochel,43,welsh_transfer_ood
ymochel,avoid,ymochel,cy,2.82,low,1985,periphrastic_present_3p,periphrastic,present,3p,3rd,plural,yn,False,bod,maen,maent|rydyn|rydynt|ydynt|ŷnt|ydyn|yn_dydyn|dyn,ymochel,,maen|maent|rydyn|rydynt|ydynt|ŷnt|ydyn|yn_dydyn|dyn|ymochel,43,welsh_transfer_ood
ymochel,avoid,ymochel,cy,2.82,low,1985,periphrastic_past_1s,periphrastic,past,1s,1st,singular,,True,gwneud,gwnes,gwneuthum|gwnaes|gwnesaf,ymochel,,gwnes|gwneuthum|gwnaes|gwnesaf|ymochel,43,welsh_transfer_ood
ymochel,avoid,ymochel,cy,2.82,low,1985,periphrastic_past_2s,periphrastic,past,2s,2nd,singular,,True,gwneud,gwnêst,gwnaethost|gwnest,ymochel,,gwnêst|gwnaethost|gwnest|ymochel,43,welsh_transfer_ood
ymochel,avoid,ymochel,cy,2.82,low,1985,periphrastic_past_3s,periphrastic,past,3s,3rd,singular,,True,gwneud,nath,gwnaeth,ymochel,,nath|gwnaeth|ymochel,43,welsh_transfer_ood
ymochel,avoid,ymochel,cy,2.82,low,1985,periphrastic_past_1p,periphrastic,past,1p,1st,plural,,True,gwneud,gwnaethom,,ymochel,,gwnaethom|ymochel,43,welsh_transfer_ood
ymochel,avoid,ymochel,cy,2.82,low,1985,periphrastic_past_2p,periphrastic,past,2p,2nd,plural,,True,gwneud,gwnaethoch,gwnaesoch,ymochel,,gwnaethoch|gwnaesoch|ymochel,43,welsh_transfer_ood
ymochel,avoid,ymochel,cy,2.82,low,1985,periphrastic_past_3p,periphrastic,past,3p,3rd,plural,,True,gwneud,gwnaethon,gwnaethant|naethon,ymochel,,gwnaethon|gwnaethant|naethon|ymochel,43,welsh_transfer_ood
ymochel,avoid,ymochel,cy,2.82,low,1985,periphrastic_imperfect_1s,periphrastic,imperfect,1s,1st,singular,yn,False,bod,roeddwn,oeddwn|o'n|oeddaf|yn_doeddwn,ymochel,,roeddwn|oeddwn|o'n|oeddaf|yn_doeddwn|ymochel,43,welsh_transfer_ood
ymochel,avoid,ymochel,cy,2.82,low,1985,periphrastic_imperfect_2s,periphrastic,imperfect,2s,2nd,singular,yn,False,bod,oeddet,oeddit|roeddet|oedda|oedde,ymochel,,oeddet|oeddit|roeddet|oedda|oedde|ymochel,43,welsh_transfer_ood
ymochel,avoid,ymochel,cy,2.82,low,1985,periphrastic_imperfect_3s,periphrastic,imperfect,3s,3rd,singular,yn,False,bod,roedd,oedd|ydoedd|yn_doedd,ymochel,,roedd|oedd|ydoedd|yn_doedd|ymochel,43,welsh_transfer_ood
ymochel,avoid,ymochel,cy,2.82,low,1985,periphrastic_imperfect_1p,periphrastic,imperfect,1p,1st,plural,yn,False,bod,roeddem,oeddem|oeddan,ymochel,,roeddem|oeddem|oeddan|ymochel,43,welsh_transfer_ood
ymochel,avoid,ymochel,cy,2.82,low,1985,periphrastic_imperfect_2p,periphrastic,imperfect,2p,2nd,plural,yn,False,bod,roeddech,oeddech|yn_doeddech,ymochel,,roeddech|oeddech|yn_doeddech|ymochel,43,welsh_transfer_ood
ymochel,avoid,ymochel,cy,2.82,low,1985,periphrastic_imperfect_3p,periphrastic,imperfect,3p,3rd,plural,yn,False,bod,roedden,oeddent|oeddynt|yn_doedden,ymochel,,roedden|oeddent|oeddynt|yn_doedden|ymochel,43,welsh_transfer_ood
ymochel,avoid,ymochel,cy,2.82,low,1985,periphrastic_future_1s,periphrastic,future,1s,1st,singular,yn,False,bod,byddaf,bydda,ymochel,,byddaf|bydda|ymochel,43,welsh_transfer_ood
ymochel,avoid,ymochel,cy,2.82,low,1985,periphrastic_future_2s,periphrastic,future,2s,2nd,singular,yn,False,bod,byddi,,ymochel,,byddi|ymochel,43,welsh_transfer_ood
ymochel,avoid,ymochel,cy,2.82,low,1985,periphrastic_future_3s,periphrastic,future,3s,3rd,singular,yn,False,bod,bydd,,ymochel,,bydd|ymochel,43,welsh_transfer_ood
ymochel,avoid,ymochel,cy,2.82,low,1985,periphrastic_future_1p,periphrastic,future,1p,1st,plural,yn,False,bod,byddwn,,ymochel,,byddwn|ymochel,43,welsh_transfer_ood
ymochel,avoid,ymochel,cy,2.82,low,1985,periphrastic_future_2p,periphrastic,future,2p,2nd,plural,yn,False,bod,byddwch,,ymochel,,byddwch|ymochel,43,welsh_transfer_ood
ymochel,avoid,ymochel,cy,2.82,low,1985,periphrastic_future_3p,periphrastic,future,3p,3rd,plural,yn,False,bod,byddan,byddant,ymochel,,byddan|byddant|ymochel,43,welsh_transfer_ood
cymrodeddu,arbitrate,cymrodeddu,cy,2.672,low,2075,synthetic_present_1s,synthetic,present,1s,1st,singular,,False,,,,cymrodeddaf,,cymrodeddaf,43,welsh_transfer_ood
cymrodeddu,arbitrate,cymrodeddu,cy,2.672,low,2075,synthetic_present_2s,synthetic,present,2s,2nd,singular,,False,,,,cymrodeddi,,cymrodeddi,43,welsh_transfer_ood
cymrodeddu,arbitrate,cymrodeddu,cy,2.672,low,2075,synthetic_present_3s,synthetic,present,3s,3rd,singular,,False,,,,cymrodedda,,cymrodedda,43,welsh_transfer_ood
cymrodeddu,arbitrate,cymrodeddu,cy,2.672,low,2075,synthetic_present_1p,synthetic,present,1p,1st,plural,,False,,,,cymrodeddwn,,cymrodeddwn,43,welsh_transfer_ood
cymrodeddu,arbitrate,cymrodeddu,cy,2.672,low,2075,synthetic_present_2p,synthetic,present,2p,2nd,plural,,False,,,,cymrodeddwch,,cymrodeddwch,43,welsh_transfer_ood
cymrodeddu,arbitrate,cymrodeddu,cy,2.672,low,2075,synthetic_present_3p,synthetic,present,3p,3rd,plural,,False,,,,cymrodeddan,cymrodeddant,cymrodeddan|cymrodeddant,43,welsh_transfer_ood
cymrodeddu,arbitrate,cymrodeddu,cy,2.672,low,2075,synthetic_past_1s,synthetic,past,1s,1st,singular,,False,,,,cymrodeddais,,cymrodeddais,43,welsh_transfer_ood
cymrodeddu,arbitrate,cymrodeddu,cy,2.672,low,2075,synthetic_past_2s,synthetic,past,2s,2nd,singular,,False,,,,cymrodeddaist,,cymrodeddaist,43,welsh_transfer_ood
cymrodeddu,arbitrate,cymrodeddu,cy,2.672,low,2075,synthetic_past_3s,synthetic,past,3s,3rd,singular,,False,,,,cymrodeddodd,,cymrodeddodd,43,welsh_transfer_ood
cymrodeddu,arbitrate,cymrodeddu,cy,2.672,low,2075,synthetic_past_1p,synthetic,past,1p,1st,plural,,False,,,,cymrodeddon,cymrodeddasom|cymrodeddsom,cymrodeddon|cymrodeddasom|cymrodeddsom,43,welsh_transfer_ood
cymrodeddu,arbitrate,cymrodeddu,cy,2.672,low,2075,synthetic_past_2p,synthetic,past,2p,2nd,plural,,False,,,,cymrodeddoch,cymrodeddasoch|cymrodeddsoch,cymrodeddoch|cymrodeddasoch|cymrodeddsoch,43,welsh_transfer_ood
cymrodeddu,arbitrate,cymrodeddu,cy,2.672,low,2075,synthetic_past_3p,synthetic,past,3p,3rd,plural,,False,,,,cymrodeddon,cymrodeddasant|cymrodeddson,cymrodeddon|cymrodeddasant|cymrodeddson,43,welsh_transfer_ood
cymrodeddu,arbitrate,cymrodeddu,cy,2.672,low,2075,synthetic_imperfect_1s,synthetic,imperfect,1s,1st,singular,,False,,,,cymrodeddwn,,cymrodeddwn,43,welsh_transfer_ood
cymrodeddu,arbitrate,cymrodeddu,cy,2.672,low,2075,synthetic_imperfect_2s,synthetic,imperfect,2s,2nd,singular,,False,,,,cymrodeddet,cymrodeddit,cymrodeddet|cymrodeddit,43,welsh_transfer_ood
cymrodeddu,arbitrate,cymrodeddu,cy,2.672,low,2075,synthetic_imperfect_3s,synthetic,imperfect,3s,3rd,singular,,False,,,,cymrodeddai,,cymrodeddai,43,welsh_transfer_ood
cymrodeddu,arbitrate,cymrodeddu,cy,2.672,low,2075,synthetic_imperfect_1p,synthetic,imperfect,1p,1st,plural,,False,,,,cymrodeddem,,cymrodeddem,43,welsh_transfer_ood
cymrodeddu,arbitrate,cymrodeddu,cy,2.672,low,2075,synthetic_imperfect_2p,synthetic,imperfect,2p,2nd,plural,,False,,,,cymrodeddech,,cymrodeddech,43,welsh_transfer_ood
cymrodeddu,arbitrate,cymrodeddu,cy,2.672,low,2075,synthetic_imperfect_3p,synthetic,imperfect,3p,3rd,plural,,False,,,,cymrodeddent,,cymrodeddent,43,welsh_transfer_ood
cymrodeddu,arbitrate,cymrodeddu,cy,2.672,low,2075,periphrastic_present_1s,periphrastic,present,1s,1st,singular,yn,False,bod,rwyf,wyf|ydwyf|dw|ydw|rwy,cymrodeddu,,rwyf|wyf|ydwyf|dw|ydw|rwy|cymrodeddu,43,welsh_transfer_ood
cymrodeddu,arbitrate,cymrodeddu,cy,2.672,low,2075,periphrastic_present_2s,periphrastic,present,2s,2nd,singular,yn,False,bod,rwyt,wyt|ydwyt,cymrodeddu,,rwyt|wyt|ydwyt|cymrodeddu,43,welsh_transfer_ood
cymrodeddu,arbitrate,cymrodeddu,cy,2.672,low,2075,periphrastic_present_3s,periphrastic,present,3s,3rd,singular,yn,False,bod,mae,ydyw|yw|ydy|yn_dydy|ydi,cymrodeddu,,mae|ydyw|yw|ydy|yn_dydy|ydi|cymrodeddu,43,welsh_transfer_ood
cymrodeddu,arbitrate,cymrodeddu,cy,2.672,low,2075,periphrastic_present_1p,periphrastic,present,1p,1st,plural,yn,False,bod,rydym,ydym|ŷm|dan|ydan|yn_dydan,cymrodeddu,,rydym|ydym|ŷm|dan|ydan|yn_dydan|cymrodeddu,43,welsh_transfer_ood
cymrodeddu,arbitrate,cymrodeddu,cy,2.672,low,2075,periphrastic_present_2p,periphrastic,present,2p,2nd,plural,yn,False,bod,rydych,ych|ydych|dach|dych|ydach|yn_dydach,cymrodeddu,,rydych|ych|ydych|dach|dych|ydach|yn_dydach|cymrodeddu,43,welsh_transfer_ood
cymrodeddu,arbitrate,cymrodeddu,cy,2.672,low,2075,periphrastic_present_3p,periphrastic,present,3p,3rd,plural,yn,False,bod,maen,maent|rydyn|rydynt|ydynt|ŷnt|ydyn|yn_dydyn|dyn,cymrodeddu,,maen|maent|rydyn|rydynt|ydynt|ŷnt|ydyn|yn_dydyn|dyn|cymrodeddu,43,welsh_transfer_ood
cymrodeddu,arbitrate,cymrodeddu,cy,2.672,low,2075,periphrastic_past_1s,periphrastic,past,1s,1st,singular,,True,gwneud,gwnes,gwneuthum|gwnaes|gwnesaf,gymrodeddu,cymrodeddu,gwnes|gwneuthum|gwnaes|gwnesaf|gymrodeddu|cymrodeddu,43,welsh_transfer_ood
cymrodeddu,arbitrate,cymrodeddu,cy,2.672,low,2075,periphrastic_past_2s,periphrastic,past,2s,2nd,singular,,True,gwneud,gwnêst,gwnaethost|gwnest,gymrodeddu,cymrodeddu,gwnêst|gwnaethost|gwnest|gymrodeddu|cymrodeddu,43,welsh_transfer_ood
cymrodeddu,arbitrate,cymrodeddu,cy,2.672,low,2075,periphrastic_past_3s,periphrastic,past,3s,3rd,singular,,True,gwneud,nath,gwnaeth,gymrodeddu,cymrodeddu,nath|gwnaeth|gymrodeddu|cymrodeddu,43,welsh_transfer_ood
cymrodeddu,arbitrate,cymrodeddu,cy,2.672,low,2075,periphrastic_past_1p,periphrastic,past,1p,1st,plural,,True,gwneud,gwnaethom,,gymrodeddu,cymrodeddu,gwnaethom|gymrodeddu|cymrodeddu,43,welsh_transfer_ood
cymrodeddu,arbitrate,cymrodeddu,cy,2.672,low,2075,periphrastic_past_2p,periphrastic,past,2p,2nd,plural,,True,gwneud,gwnaethoch,gwnaesoch,gymrodeddu,cymrodeddu,gwnaethoch|gwnaesoch|gymrodeddu|cymrodeddu,43,welsh_transfer_ood
cymrodeddu,arbitrate,cymrodeddu,cy,2.672,low,2075,periphrastic_past_3p,periphrastic,past,3p,3rd,plural,,True,gwneud,gwnaethon,gwnaethant|naethon,gymrodeddu,cymrodeddu,gwnaethon|gwnaethant|naethon|gymrodeddu|cymrodeddu,43,welsh_transfer_ood
cymrodeddu,arbitrate,cymrodeddu,cy,2.672,low,2075,periphrastic_imperfect_1s,periphrastic,imperfect,1s,1st,singular,yn,False,bod,roeddwn,oeddwn|o'n|oeddaf|yn_doeddwn,cymrodeddu,,roeddwn|oeddwn|o'n|oeddaf|yn_doeddwn|cymrodeddu,43,welsh_transfer_ood
cymrodeddu,arbitrate,cymrodeddu,cy,2.672,low,2075,periphrastic_imperfect_2s,periphrastic,imperfect,2s,2nd,singular,yn,False,bod,oeddet,oeddit|roeddet|oedda|oedde,cymrodeddu,,oeddet|oeddit|roeddet|oedda|oedde|cymrodeddu,43,welsh_transfer_ood
cymrodeddu,arbitrate,cymrodeddu,cy,2.672,low,2075,periphrastic_imperfect_3s,periphrastic,imperfect,3s,3rd,singular,yn,False,bod,roedd,oedd|ydoedd|yn_doedd,cymrodeddu,,roedd|oedd|ydoedd|yn_doedd|cymrodeddu,43,welsh_transfer_ood
cymrodeddu,arbitrate,cymrodeddu,cy,2.672,low,2075,periphrastic_imperfect_1p,periphrastic,imperfect,1p,1st,plural,yn,False,bod,roeddem,oeddem|oeddan,cymrodeddu,,roeddem|oeddem|oeddan|cymrodeddu,43,welsh_transfer_ood
cymrodeddu,arbitrate,cymrodeddu,cy,2.672,low,2075,periphrastic_imperfect_2p,periphrastic,imperfect,2p,2nd,plural,yn,False,bod,roeddech,oeddech|yn_doeddech,cymrodeddu,,roeddech|oeddech|yn_doeddech|cymrodeddu,43,welsh_transfer_ood
cymrodeddu,arbitrate,cymrodeddu,cy,2.672,low,2075,periphrastic_imperfect_3p,periphrastic,imperfect,3p,3rd,plural,yn,False,bod,roedden,oeddent|oeddynt|yn_doedden,cymrodeddu,,roedden|oeddent|oeddynt|yn_doedden|cymrodeddu,43,welsh_transfer_ood
cymrodeddu,arbitrate,cymrodeddu,cy,2.672,low,2075,periphrastic_future_1s,periphrastic,future,1s,1st,singular,yn,False,bod,byddaf,bydda,cymrodeddu,,byddaf|bydda|cymrodeddu,43,welsh_transfer_ood
cymrodeddu,arbitrate,cymrodeddu,cy,2.672,low,2075,periphrastic_future_2s,periphrastic,future,2s,2nd,singular,yn,False,bod,byddi,,cymrodeddu,,byddi|cymrodeddu,43,welsh_transfer_ood
cymrodeddu,arbitrate,cymrodeddu,cy,2.672,low,2075,periphrastic_future_3s,periphrastic,future,3s,3rd,singular,yn,False,bod,bydd,,cymrodeddu,,bydd|cymrodeddu,43,welsh_transfer_ood
cymrodeddu,arbitrate,cymrodeddu,cy,2.672,low,2075,periphrastic_future_1p,periphrastic,future,1p,1st,plural,yn,False,bod,byddwn,,cymrodeddu,,byddwn|cymrodeddu,43,welsh_transfer_ood
cymrodeddu,arbitrate,cymrodeddu,cy,2.672,low,2075,periphrastic_future_2p,periphrastic,future,2p,2nd,plural,yn,False,bod,byddwch,,cymrodeddu,,byddwch|cymrodeddu,43,welsh_transfer_ood
cymrodeddu,arbitrate,cymrodeddu,cy,2.672,low,2075,periphrastic_future_3p,periphrastic,future,3p,3rd,plural,yn,False,bod,byddan,byddant,cymrodeddu,,byddan|byddant|cymrodeddu,43,welsh_transfer_ood
gwreichioni,sparkle,gwreichioni,cy,2.672,low,2089,synthetic_present_1s,synthetic,present,1s,1st,singular,,False,,,,gwreichionaf,,gwreichionaf,43,welsh_transfer_ood
gwreichioni,sparkle,gwreichioni,cy,2.672,low,2089,synthetic_present_2s,synthetic,present,2s,2nd,singular,,False,,,,gwreichioni,,gwreichioni,43,welsh_transfer_ood
gwreichioni,sparkle,gwreichioni,cy,2.672,low,2089,synthetic_present_3s,synthetic,present,3s,3rd,singular,,False,,,,gwreichiona,,gwreichiona,43,welsh_transfer_ood
gwreichioni,sparkle,gwreichioni,cy,2.672,low,2089,synthetic_present_1p,synthetic,present,1p,1st,plural,,False,,,,gwreichionwn,,gwreichionwn,43,welsh_transfer_ood
gwreichioni,sparkle,gwreichioni,cy,2.672,low,2089,synthetic_present_2p,synthetic,present,2p,2nd,plural,,False,,,,gwreichionwch,,gwreichionwch,43,welsh_transfer_ood
gwreichioni,sparkle,gwreichioni,cy,2.672,low,2089,synthetic_present_3p,synthetic,present,3p,3rd,plural,,False,,,,gwreichionan,gwreichionant,gwreichionan|gwreichionant,43,welsh_transfer_ood
gwreichioni,sparkle,gwreichioni,cy,2.672,low,2089,synthetic_past_1s,synthetic,past,1s,1st,singular,,False,,,,gwreichionais,,gwreichionais,43,welsh_transfer_ood
gwreichioni,sparkle,gwreichioni,cy,2.672,low,2089,synthetic_past_2s,synthetic,past,2s,2nd,singular,,False,,,,gwreichionaist,,gwreichionaist,43,welsh_transfer_ood
gwreichioni,sparkle,gwreichioni,cy,2.672,low,2089,synthetic_past_3s,synthetic,past,3s,3rd,singular,,False,,,,gwreichionodd,,gwreichionodd,43,welsh_transfer_ood
gwreichioni,sparkle,gwreichioni,cy,2.672,low,2089,synthetic_past_1p,synthetic,past,1p,1st,plural,,False,,,,gwreichionon,gwreichionasom|gwreichionsom,gwreichionon|gwreichionasom|gwreichionsom,43,welsh_transfer_ood
gwreichioni,sparkle,gwreichioni,cy,2.672,low,2089,synthetic_past_2p,synthetic,past,2p,2nd,plural,,False,,,,gwreichionoch,gwreichionasoch|gwreichionsoch,gwreichionoch|gwreichionasoch|gwreichionsoch,43,welsh_transfer_ood
gwreichioni,sparkle,gwreichioni,cy,2.672,low,2089,synthetic_past_3p,synthetic,past,3p,3rd,plural,,False,,,,gwreichionon,gwreichionasant|gwreichionson,gwreichionon|gwreichionasant|gwreichionson,43,welsh_transfer_ood
gwreichioni,sparkle,gwreichioni,cy,2.672,low,2089,synthetic_imperfect_1s,synthetic,imperfect,1s,1st,singular,,False,,,,gwreichionwn,,gwreichionwn,43,welsh_transfer_ood
gwreichioni,sparkle,gwreichioni,cy,2.672,low,2089,synthetic_imperfect_2s,synthetic,imperfect,2s,2nd,singular,,False,,,,gwreichionet,gwreichionit,gwreichionet|gwreichionit,43,welsh_transfer_ood
gwreichioni,sparkle,gwreichioni,cy,2.672,low,2089,synthetic_imperfect_3s,synthetic,imperfect,3s,3rd,singular,,False,,,,gwreichionai,,gwreichionai,43,welsh_transfer_ood
gwreichioni,sparkle,gwreichioni,cy,2.672,low,2089,synthetic_imperfect_1p,synthetic,imperfect,1p,1st,plural,,False,,,,gwreichionem,,gwreichionem,43,welsh_transfer_ood
gwreichioni,sparkle,gwreichioni,cy,2.672,low,2089,synthetic_imperfect_2p,synthetic,imperfect,2p,2nd,plural,,False,,,,gwreichionech,,gwreichionech,43,welsh_transfer_ood
gwreichioni,sparkle,gwreichioni,cy,2.672,low,2089,synthetic_imperfect_3p,synthetic,imperfect,3p,3rd,plural,,False,,,,gwreichionent,,gwreichionent,43,welsh_transfer_ood
gwreichioni,sparkle,gwreichioni,cy,2.672,low,2089,periphrastic_present_1s,periphrastic,present,1s,1st,singular,yn,False,bod,rwyf,wyf|ydwyf|dw|ydw|rwy,gwreichioni,,rwyf|wyf|ydwyf|dw|ydw|rwy|gwreichioni,43,welsh_transfer_ood
gwreichioni,sparkle,gwreichioni,cy,2.672,low,2089,periphrastic_present_2s,periphrastic,present,2s,2nd,singular,yn,False,bod,rwyt,wyt|ydwyt,gwreichioni,,rwyt|wyt|ydwyt|gwreichioni,43,welsh_transfer_ood
gwreichioni,sparkle,gwreichioni,cy,2.672,low,2089,periphrastic_present_3s,periphrastic,present,3s,3rd,singular,yn,False,bod,mae,ydyw|yw|ydy|yn_dydy|ydi,gwreichioni,,mae|ydyw|yw|ydy|yn_dydy|ydi|gwreichioni,43,welsh_transfer_ood
gwreichioni,sparkle,gwreichioni,cy,2.672,low,2089,periphrastic_present_1p,periphrastic,present,1p,1st,plural,yn,False,bod,rydym,ydym|ŷm|dan|ydan|yn_dydan,gwreichioni,,rydym|ydym|ŷm|dan|ydan|yn_dydan|gwreichioni,43,welsh_transfer_ood
gwreichioni,sparkle,gwreichioni,cy,2.672,low,2089,periphrastic_present_2p,periphrastic,present,2p,2nd,plural,yn,False,bod,rydych,ych|ydych|dach|dych|ydach|yn_dydach,gwreichioni,,rydych|ych|ydych|dach|dych|ydach|yn_dydach|gwreichioni,43,welsh_transfer_ood
gwreichioni,sparkle,gwreichioni,cy,2.672,low,2089,periphrastic_present_3p,periphrastic,present,3p,3rd,plural,yn,False,bod,maen,maent|rydyn|rydynt|ydynt|ŷnt|ydyn|yn_dydyn|dyn,gwreichioni,,maen|maent|rydyn|rydynt|ydynt|ŷnt|ydyn|yn_dydyn|dyn|gwreichioni,43,welsh_transfer_ood
gwreichioni,sparkle,gwreichioni,cy,2.672,low,2089,periphrastic_past_1s,periphrastic,past,1s,1st,singular,,True,gwneud,gwnes,gwneuthum|gwnaes|gwnesaf,wreichioni,gwreichioni,gwnes|gwneuthum|gwnaes|gwnesaf|wreichioni|gwreichioni,43,welsh_transfer_ood
gwreichioni,sparkle,gwreichioni,cy,2.672,low,2089,periphrastic_past_2s,periphrastic,past,2s,2nd,singular,,True,gwneud,gwnêst,gwnaethost|gwnest,wreichioni,gwreichioni,gwnêst|gwnaethost|gwnest|wreichioni|gwreichioni,43,welsh_transfer_ood
gwreichioni,sparkle,gwreichioni,cy,2.672,low,2089,periphrastic_past_3s,periphrastic,past,3s,3rd,singular,,True,gwneud,nath,gwnaeth,wreichioni,gwreichioni,nath|gwnaeth|wreichioni|gwreichioni,43,welsh_transfer_ood
gwreichioni,sparkle,gwreichioni,cy,2.672,low,2089,periphrastic_past_1p,periphrastic,past,1p,1st,plural,,True,gwneud,gwnaethom,,wreichioni,gwreichioni,gwnaethom|wreichioni|gwreichioni,43,welsh_transfer_ood
gwreichioni,sparkle,gwreichioni,cy,2.672,low,2089,periphrastic_past_2p,periphrastic,past,2p,2nd,plural,,True,gwneud,gwnaethoch,gwnaesoch,wreichioni,gwreichioni,gwnaethoch|gwnaesoch|wreichioni|gwreichioni,43,welsh_transfer_ood
gwreichioni,sparkle,gwreichioni,cy,2.672,low,2089,periphrastic_past_3p,periphrastic,past,3p,3rd,plural,,True,gwneud,gwnaethon,gwnaethant|naethon,wreichioni,gwreichioni,gwnaethon|gwnaethant|naethon|wreichioni|gwreichioni,43,welsh_transfer_ood
gwreichioni,sparkle,gwreichioni,cy,2.672,low,2089,periphrastic_imperfect_1s,periphrastic,imperfect,1s,1st,singular,yn,False,bod,roeddwn,oeddwn|o'n|oeddaf|yn_doeddwn,gwreichioni,,roeddwn|oeddwn|o'n|oeddaf|yn_doeddwn|gwreichioni,43,welsh_transfer_ood
gwreichioni,sparkle,gwreichioni,cy,2.672,low,2089,periphrastic_imperfect_2s,periphrastic,imperfect,2s,2nd,singular,yn,False,bod,oeddet,oeddit|roeddet|oedda|oedde,gwreichioni,,oeddet|oeddit|roeddet|oedda|oedde|gwreichioni,43,welsh_transfer_ood
gwreichioni,sparkle,gwreichioni,cy,2.672,low,2089,periphrastic_imperfect_3s,periphrastic,imperfect,3s,3rd,singular,yn,False,bod,roedd,oedd|ydoedd|yn_doedd,gwreichioni,,roedd|oedd|ydoedd|yn_doedd|gwreichioni,43,welsh_transfer_ood
gwreichioni,sparkle,gwreichioni,cy,2.672,low,2089,periphrastic_imperfect_1p,periphrastic,imperfect,1p,1st,plural,yn,False,bod,roeddem,oeddem|oeddan,gwreichioni,,roeddem|oeddem|oeddan|gwreichioni,43,welsh_transfer_ood
gwreichioni,sparkle,gwreichioni,cy,2.672,low,2089,periphrastic_imperfect_2p,periphrastic,imperfect,2p,2nd,plural,yn,False,bod,roeddech,oeddech|yn_doeddech,gwreichioni,,roeddech|oeddech|yn_doeddech|gwreichioni,43,welsh_transfer_ood
gwreichioni,sparkle,gwreichioni,cy,2.672,low,2089,periphrastic_imperfect_3p,periphrastic,imperfect,3p,3rd,plural,yn,False,bod,roedden,oeddent|oeddynt|yn_doedden,gwreichioni,,roedden|oeddent|oeddynt|yn_doedden|gwreichioni,43,welsh_transfer_ood
gwreichioni,sparkle,gwreichioni,cy,2.672,low,2089,periphrastic_future_1s,periphrastic,future,1s,1st,singular,yn,False,bod,byddaf,bydda,gwreichioni,,byddaf|bydda|gwreichioni,43,welsh_transfer_ood
gwreichioni,sparkle,gwreichioni,cy,2.672,low,2089,periphrastic_future_2s,periphrastic,future,2s,2nd,singular,yn,False,bod,byddi,,gwreichioni,,byddi|gwreichioni,43,welsh_transfer_ood
gwreichioni,sparkle,gwreichioni,cy,2.672,low,2089,periphrastic_future_3s,periphrastic,future,3s,3rd,singular,yn,False,bod,bydd,,gwreichioni,,bydd|gwreichioni,43,welsh_transfer_ood
gwreichioni,sparkle,gwreichioni,cy,2.672,low,2089,periphrastic_future_1p,periphrastic,future,1p,1st,plural,yn,False,bod,byddwn,,gwreichioni,,byddwn|gwreichioni,43,welsh_transfer_ood
gwreichioni,sparkle,gwreichioni,cy,2.672,low,2089,periphrastic_future_2p,periphrastic,future,2p,2nd,plural,yn,False,bod,byddwch,,gwreichioni,,byddwch|gwreichioni,43,welsh_transfer_ood
gwreichioni,sparkle,gwreichioni,cy,2.672,low,2089,periphrastic_future_3p,periphrastic,future,3p,3rd,plural,yn,False,bod,byddan,byddant,gwreichioni,,byddan|byddant|gwreichioni,43,welsh_transfer_ood
anhrefnu,disarrange,anhrefnu,cy,2.447,low,2206,synthetic_present_1s,synthetic,present,1s,1st,singular,,False,,,,anhrefnaf,,anhrefnaf,43,welsh_transfer_ood
anhrefnu,disarrange,anhrefnu,cy,2.447,low,2206,synthetic_present_2s,synthetic,present,2s,2nd,singular,,False,,,,anhrefni,,anhrefni,43,welsh_transfer_ood
anhrefnu,disarrange,anhrefnu,cy,2.447,low,2206,synthetic_present_3s,synthetic,present,3s,3rd,singular,,False,,,,anhrefna,,anhrefna,43,welsh_transfer_ood
anhrefnu,disarrange,anhrefnu,cy,2.447,low,2206,synthetic_present_1p,synthetic,present,1p,1st,plural,,False,,,,anhrefnwn,,anhrefnwn,43,welsh_transfer_ood
anhrefnu,disarrange,anhrefnu,cy,2.447,low,2206,synthetic_present_2p,synthetic,present,2p,2nd,plural,,False,,,,anhrefnwch,,anhrefnwch,43,welsh_transfer_ood
anhrefnu,disarrange,anhrefnu,cy,2.447,low,2206,synthetic_present_3p,synthetic,present,3p,3rd,plural,,False,,,,anhrefnan,anhrefnant,anhrefnan|anhrefnant,43,welsh_transfer_ood
anhrefnu,disarrange,anhrefnu,cy,2.447,low,2206,synthetic_past_1s,synthetic,past,1s,1st,singular,,False,,,,anhrefnais,,anhrefnais,43,welsh_transfer_ood
anhrefnu,disarrange,anhrefnu,cy,2.447,low,2206,synthetic_past_2s,synthetic,past,2s,2nd,singular,,False,,,,anhrefnaist,,anhrefnaist,43,welsh_transfer_ood
anhrefnu,disarrange,anhrefnu,cy,2.447,low,2206,synthetic_past_3s,synthetic,past,3s,3rd,singular,,False,,,,anhrefnodd,,anhrefnodd,43,welsh_transfer_ood
anhrefnu,disarrange,anhrefnu,cy,2.447,low,2206,synthetic_past_1p,synthetic,past,1p,1st,plural,,False,,,,anhrefnon,anhrefnasom|anhrefnsom,anhrefnon|anhrefnasom|anhrefnsom,43,welsh_transfer_ood
anhrefnu,disarrange,anhrefnu,cy,2.447,low,2206,synthetic_past_2p,synthetic,past,2p,2nd,plural,,False,,,,anhrefnoch,anhrefnasoch|anhrefnsoch,anhrefnoch|anhrefnasoch|anhrefnsoch,43,welsh_transfer_ood
anhrefnu,disarrange,anhrefnu,cy,2.447,low,2206,synthetic_past_3p,synthetic,past,3p,3rd,plural,,False,,,,anhrefnon,anhrefnasant|anhrefnson,anhrefnon|anhrefnasant|anhrefnson,43,welsh_transfer_ood
anhrefnu,disarrange,anhrefnu,cy,2.447,low,2206,synthetic_imperfect_1s,synthetic,imperfect,1s,1st,singular,,False,,,,anhrefnwn,,anhrefnwn,43,welsh_transfer_ood
anhrefnu,disarrange,anhrefnu,cy,2.447,low,2206,synthetic_imperfect_2s,synthetic,imperfect,2s,2nd,singular,,False,,,,anhrefnet,anhrefnit,anhrefnet|anhrefnit,43,welsh_transfer_ood
anhrefnu,disarrange,anhrefnu,cy,2.447,low,2206,synthetic_imperfect_3s,synthetic,imperfect,3s,3rd,singular,,False,,,,anhrefnai,,anhrefnai,43,welsh_transfer_ood
anhrefnu,disarrange,anhrefnu,cy,2.447,low,2206,synthetic_imperfect_1p,synthetic,imperfect,1p,1st,plural,,False,,,,anhrefnem,,anhrefnem,43,welsh_transfer_ood
anhrefnu,disarrange,anhrefnu,cy,2.447,low,2206,synthetic_imperfect_2p,synthetic,imperfect,2p,2nd,plural,,False,,,,anhrefnech,,anhrefnech,43,welsh_transfer_ood
anhrefnu,disarrange,anhrefnu,cy,2.447,low,2206,synthetic_imperfect_3p,synthetic,imperfect,3p,3rd,plural,,False,,,,anhrefnent,,anhrefnent,43,welsh_transfer_ood
anhrefnu,disarrange,anhrefnu,cy,2.447,low,2206,periphrastic_present_1s,periphrastic,present,1s,1st,singular,yn,False,bod,rwyf,wyf|ydwyf|dw|ydw|rwy,anhrefnu,,rwyf|wyf|ydwyf|dw|ydw|rwy|anhrefnu,43,welsh_transfer_ood
anhrefnu,disarrange,anhrefnu,cy,2.447,low,2206,periphrastic_present_2s,periphrastic,present,2s,2nd,singular,yn,False,bod,rwyt,wyt|ydwyt,anhrefnu,,rwyt|wyt|ydwyt|anhrefnu,43,welsh_transfer_ood
anhrefnu,disarrange,anhrefnu,cy,2.447,low,2206,periphrastic_present_3s,periphrastic,present,3s,3rd,singular,yn,False,bod,mae,ydyw|yw|ydy|yn_dydy|ydi,anhrefnu,,mae|ydyw|yw|ydy|yn_dydy|ydi|anhrefnu,43,welsh_transfer_ood
anhrefnu,disarrange,anhrefnu,cy,2.447,low,2206,periphrastic_present_1p,periphrastic,present,1p,1st,plural,yn,False,bod,rydym,ydym|ŷm|dan|ydan|yn_dydan,anhrefnu,,rydym|ydym|ŷm|dan|ydan|yn_dydan|anhrefnu,43,welsh_transfer_ood
anhrefnu,disarrange,anhrefnu,cy,2.447,low,2206,periphrastic_present_2p,periphrastic,present,2p,2nd,plural,yn,False,bod,rydych,ych|ydych|dach|dych|ydach|yn_dydach,anhrefnu,,rydych|ych|ydych|dach|dych|ydach|yn_dydach|anhrefnu,43,welsh_transfer_ood
anhrefnu,disarrange,anhrefnu,cy,2.447,low,2206,periphrastic_present_3p,periphrastic,present,3p,3rd,plural,yn,False,bod,maen,maent|rydyn|rydynt|ydynt|ŷnt|ydyn|yn_dydyn|dyn,anhrefnu,,maen|maent|rydyn|rydynt|ydynt|ŷnt|ydyn|yn_dydyn|dyn|anhrefnu,43,welsh_transfer_ood
anhrefnu,disarrange,anhrefnu,cy,2.447,low,2206,periphrastic_past_1s,periphrastic,past,1s,1st,singular,,True,gwneud,gwnes,gwneuthum|gwnaes|gwnesaf,anhrefnu,,gwnes|gwneuthum|gwnaes|gwnesaf|anhrefnu,43,welsh_transfer_ood
anhrefnu,disarrange,anhrefnu,cy,2.447,low,2206,periphrastic_past_2s,periphrastic,past,2s,2nd,singular,,True,gwneud,gwnêst,gwnaethost|gwnest,anhrefnu,,gwnêst|gwnaethost|gwnest|anhrefnu,43,welsh_transfer_ood
anhrefnu,disarrange,anhrefnu,cy,2.447,low,2206,periphrastic_past_3s,periphrastic,past,3s,3rd,singular,,True,gwneud,nath,gwnaeth,anhrefnu,,nath|gwnaeth|anhrefnu,43,welsh_transfer_ood
anhrefnu,disarrange,anhrefnu,cy,2.447,low,2206,periphrastic_past_1p,periphrastic,past,1p,1st,plural,,True,gwneud,gwnaethom,,anhrefnu,,gwnaethom|anhrefnu,43,welsh_transfer_ood
anhrefnu,disarrange,anhrefnu,cy,2.447,low,2206,periphrastic_past_2p,periphrastic,past,2p,2nd,plural,,True,gwneud,gwnaethoch,gwnaesoch,anhrefnu,,gwnaethoch|gwnaesoch|anhrefnu,43,welsh_transfer_ood
anhrefnu,disarrange,anhrefnu,cy,2.447,low,2206,periphrastic_past_3p,periphrastic,past,3p,3rd,plural,,True,gwneud,gwnaethon,gwnaethant|naethon,anhrefnu,,gwnaethon|gwnaethant|naethon|anhrefnu,43,welsh_transfer_ood
anhrefnu,disarrange,anhrefnu,cy,2.447,low,2206,periphrastic_imperfect_1s,periphrastic,imperfect,1s,1st,singular,yn,False,bod,roeddwn,oeddwn|o'n|oeddaf|yn_doeddwn,anhrefnu,,roeddwn|oeddwn|o'n|oeddaf|yn_doeddwn|anhrefnu,43,welsh_transfer_ood
anhrefnu,disarrange,anhrefnu,cy,2.447,low,2206,periphrastic_imperfect_2s,periphrastic,imperfect,2s,2nd,singular,yn,False,bod,oeddet,oeddit|roeddet|oedda|oedde,anhrefnu,,oeddet|oeddit|roeddet|oedda|oedde|anhrefnu,43,welsh_transfer_ood
anhrefnu,disarrange,anhrefnu,cy,2.447,low,2206,periphrastic_imperfect_3s,periphrastic,imperfect,3s,3rd,singular,yn,False,bod,roedd,oedd|ydoedd|yn_doedd,anhrefnu,,roedd|oedd|ydoedd|yn_doedd|anhrefnu,43,welsh_transfer_ood
anhrefnu,disarrange,anhrefnu,cy,2.447,low,2206,periphrastic_imperfect_1p,periphrastic,imperfect,1p,1st,plural,yn,False,bod,roeddem,oeddem|oeddan,anhrefnu,,roeddem|oeddem|oeddan|anhrefnu,43,welsh_transfer_ood
anhrefnu,disarrange,anhrefnu,cy,2.447,low,2206,periphrastic_imperfect_2p,periphrastic,imperfect,2p,2nd,plural,yn,False,bod,roeddech,oeddech|yn_doeddech,anhrefnu,,roeddech|oeddech|yn_doeddech|anhrefnu,43,welsh_transfer_ood
anhrefnu,disarrange,anhrefnu,cy,2.447,low,2206,periphrastic_imperfect_3p,periphrastic,imperfect,3p,3rd,plural,yn,False,bod,roedden,oeddent|oeddynt|yn_doedden,anhrefnu,,roedden|oeddent|oeddynt|yn_doedden|anhrefnu,43,welsh_transfer_ood
anhrefnu,disarrange,anhrefnu,cy,2.447,low,2206,periphrastic_future_1s,periphrastic,future,1s,1st,singular,yn,False,bod,byddaf,bydda,anhrefnu,,byddaf|bydda|anhrefnu,43,welsh_transfer_ood
anhrefnu,disarrange,anhrefnu,cy,2.447,low,2206,periphrastic_future_2s,periphrastic,future,2s,2nd,singular,yn,False,bod,byddi,,anhrefnu,,byddi|anhrefnu,43,welsh_transfer_ood
anhrefnu,disarrange,anhrefnu,cy,2.447,low,2206,periphrastic_future_3s,periphrastic,future,3s,3rd,singular,yn,False,bod,bydd,,anhrefnu,,bydd|anhrefnu,43,welsh_transfer_ood
anhrefnu,disarrange,anhrefnu,cy,2.447,low,2206,periphrastic_future_1p,periphrastic,future,1p,1st,plural,yn,False,bod,byddwn,,anhrefnu,,byddwn|anhrefnu,43,welsh_transfer_ood
anhrefnu,disarrange,anhrefnu,cy,2.447,low,2206,periphrastic_future_2p,periphrastic,future,2p,2nd,plural,yn,False,bod,byddwch,,anhrefnu,,byddwch|anhrefnu,43,welsh_transfer_ood
anhrefnu,disarrange,anhrefnu,cy,2.447,low,2206,periphrastic_future_3p,periphrastic,future,3p,3rd,plural,yn,False,bod,byddan,byddant,anhrefnu,,byddan|byddant|anhrefnu,43,welsh_transfer_ood
buddio,profit,buddio,cy,2.447,low,2219,synthetic_present_1s,synthetic,present,1s,1st,singular,,False,,,,buddiaf,,buddiaf,43,welsh_transfer_ood
buddio,profit,buddio,cy,2.447,low,2219,synthetic_present_2s,synthetic,present,2s,2nd,singular,,False,,,,buddi,,buddi,43,welsh_transfer_ood
buddio,profit,buddio,cy,2.447,low,2219,synthetic_present_3s,synthetic,present,3s,3rd,singular,,False,,,,buddia,,buddia,43,welsh_transfer_ood
buddio,profit,buddio,cy,2.447,low,2219,synthetic_present_1p,synthetic,present,1p,1st,plural,,False,,,,buddiwn,,buddiwn,43,welsh_transfer_ood
buddio,profit,buddio,cy,2.447,low,2219,synthetic_present_2p,synthetic,present,2p,2nd,plural,,False,,,,buddiwch,,buddiwch,43,welsh_transfer_ood
buddio,profit,buddio,cy,2.447,low,2219,synthetic_present_3p,synthetic,present,3p,3rd,plural,,False,,,,buddian,buddiant,buddian|buddiant,43,welsh_transfer_ood
buddio,profit,buddio,cy,2.447,low,2219,synthetic_past_1s,synthetic,past,1s,1st,singular,,False,,,,buddiais,,buddiais,43,welsh_transfer_ood
buddio,profit,buddio,cy,2.447,low,2219,synthetic_past_2s,synthetic,past,2s,2nd,singular,,False,,,,buddiaist,,buddiaist,43,welsh_transfer_ood
buddio,profit,buddio,cy,2.447,low,2219,synthetic_past_3s,synthetic,past,3s,3rd,singular,,False,,,,buddiodd,,buddiodd,43,welsh_transfer_ood
buddio,profit,buddio,cy,2.447,low,2219,synthetic_past_1p,synthetic,past,1p,1st,plural,,False,,,,buddion,buddiasom,buddion|buddiasom,43,welsh_transfer_ood
buddio,profit,buddio,cy,2.447,low,2219,synthetic_past_2p,synthetic,past,2p,2nd,plural,,False,,,,buddioch,buddiasoch,buddioch|buddiasoch,43,welsh_transfer_ood
buddio,profit,buddio,cy,2.447,low,2219,synthetic_past_3p,synthetic,past,3p,3rd,plural,,False,,,,buddion,buddiasant,buddion|buddiasant,43,welsh_transfer_ood
buddio,profit,buddio,cy,2.447,low,2219,synthetic_imperfect_1s,synthetic,imperfect,1s,1st,singular,,False,,,,buddiwn,,buddiwn,43,welsh_transfer_ood
buddio,profit,buddio,cy,2.447,low,2219,synthetic_imperfect_2s,synthetic,imperfect,2s,2nd,singular,,False,,,,buddiet,buddit,buddiet|buddit,43,welsh_transfer_ood
buddio,profit,buddio,cy,2.447,low,2219,synthetic_imperfect_3s,synthetic,imperfect,3s,3rd,singular,,False,,,,buddiai,,buddiai,43,welsh_transfer_ood
buddio,profit,buddio,cy,2.447,low,2219,synthetic_imperfect_1p,synthetic,imperfect,1p,1st,plural,,False,,,,buddiem,,buddiem,43,welsh_transfer_ood
buddio,profit,buddio,cy,2.447,low,2219,synthetic_imperfect_2p,synthetic,imperfect,2p,2nd,plural,,False,,,,buddiech,,buddiech,43,welsh_transfer_ood
buddio,profit,buddio,cy,2.447,low,2219,synthetic_imperfect_3p,synthetic,imperfect,3p,3rd,plural,,False,,,,buddient,,buddient,43,welsh_transfer_ood
buddio,profit,buddio,cy,2.447,low,2219,periphrastic_present_1s,periphrastic,present,1s,1st,singular,yn,False,bod,rwyf,wyf|ydwyf|dw|ydw|rwy,buddio,,rwyf|wyf|ydwyf|dw|ydw|rwy|buddio,43,welsh_transfer_ood
buddio,profit,buddio,cy,2.447,low,2219,periphrastic_present_2s,periphrastic,present,2s,2nd,singular,yn,False,bod,rwyt,wyt|ydwyt,buddio,,rwyt|wyt|ydwyt|buddio,43,welsh_transfer_ood
buddio,profit,buddio,cy,2.447,low,2219,periphrastic_present_3s,periphrastic,present,3s,3rd,singular,yn,False,bod,mae,ydyw|yw|ydy|yn_dydy|ydi,buddio,,mae|ydyw|yw|ydy|yn_dydy|ydi|buddio,43,welsh_transfer_ood
buddio,profit,buddio,cy,2.447,low,2219,periphrastic_present_1p,periphrastic,present,1p,1st,plural,yn,False,bod,rydym,ydym|ŷm|dan|ydan|yn_dydan,buddio,,rydym|ydym|ŷm|dan|ydan|yn_dydan|buddio,43,welsh_transfer_ood
buddio,profit,buddio,cy,2.447,low,2219,periphrastic_present_2p,periphrastic,present,2p,2nd,plural,yn,False,bod,rydych,ych|ydych|dach|dych|ydach|yn_dydach,buddio,,rydych|ych|ydych|dach|dych|ydach|yn_dydach|buddio,43,welsh_transfer_ood
buddio,profit,buddio,cy,2.447,low,2219,periphrastic_present_3p,periphrastic,present,3p,3rd,plural,yn,False,bod,maen,maent|rydyn|rydynt|ydynt|ŷnt|ydyn|yn_dydyn|dyn,buddio,,maen|maent|rydyn|rydynt|ydynt|ŷnt|ydyn|yn_dydyn|dyn|buddio,43,welsh_transfer_ood
buddio,profit,buddio,cy,2.447,low,2219,periphrastic_past_1s,periphrastic,past,1s,1st,singular,,True,gwneud,gwnes,gwneuthum|gwnaes|gwnesaf,fuddio,buddio,gwnes|gwneuthum|gwnaes|gwnesaf|fuddio|buddio,43,welsh_transfer_ood
buddio,profit,buddio,cy,2.447,low,2219,periphrastic_past_2s,periphrastic,past,2s,2nd,singular,,True,gwneud,gwnêst,gwnaethost|gwnest,fuddio,buddio,gwnêst|gwnaethost|gwnest|fuddio|buddio,43,welsh_transfer_ood
buddio,profit,buddio,cy,2.447,low,2219,periphrastic_past_3s,periphrastic,past,3s,3rd,singular,,True,gwneud,nath,gwnaeth,fuddio,buddio,nath|gwnaeth|fuddio|buddio,43,welsh_transfer_ood
buddio,profit,buddio,cy,2.447,low,2219,periphrastic_past_1p,periphrastic,past,1p,1st,plural,,True,gwneud,gwnaethom,,fuddio,buddio,gwnaethom|fuddio|buddio,43,welsh_transfer_ood
buddio,profit,buddio,cy,2.447,low,2219,periphrastic_past_2p,periphrastic,past,2p,2nd,plural,,True,gwneud,gwnaethoch,gwnaesoch,fuddio,buddio,gwnaethoch|gwnaesoch|fuddio|buddio,43,welsh_transfer_ood
buddio,profit,buddio,cy,2.447,low,2219,periphrastic_past_3p,periphrastic,past,3p,3rd,plural,,True,gwneud,gwnaethon,gwnaethant|naethon,fuddio,buddio,gwnaethon|gwnaethant|naethon|fuddio|buddio,43,welsh_transfer_ood
buddio,profit,buddio,cy,2.447,low,2219,periphrastic_imperfect_1s,periphrastic,imperfect,1s,1st,singular,yn,False,bod,roeddwn,oeddwn|o'n|oeddaf|yn_doeddwn,buddio,,roeddwn|oeddwn|o'n|oeddaf|yn_doeddwn|buddio,43,welsh_transfer_ood
buddio,profit,buddio,cy,2.447,low,2219,periphrastic_imperfect_2s,periphrastic,imperfect,2s,2nd,singular,yn,False,bod,oeddet,oeddit|roeddet|oedda|oedde,buddio,,oeddet|oeddit|roeddet|oedda|oedde|buddio,43,welsh_transfer_ood
buddio,profit,buddio,cy,2.447,low,2219,periphrastic_imperfect_3s,periphrastic,imperfect,3s,3rd,singular,yn,False,bod,roedd,oedd|ydoedd|yn_doedd,buddio,,roedd|oedd|ydoedd|yn_doedd|buddio,43,welsh_transfer_ood
buddio,profit,buddio,cy,2.447,low,2219,periphrastic_imperfect_1p,periphrastic,imperfect,1p,1st,plural,yn,False,bod,roeddem,oeddem|oeddan,buddio,,roeddem|oeddem|oeddan|buddio,43,welsh_transfer_ood
buddio,profit,buddio,cy,2.447,low,2219,periphrastic_imperfect_2p,periphrastic,imperfect,2p,2nd,plural,yn,False,bod,roeddech,oeddech|yn_doeddech,buddio,,roeddech|oeddech|yn_doeddech|buddio,43,welsh_transfer_ood
buddio,profit,buddio,cy,2.447,low,2219,periphrastic_imperfect_3p,periphrastic,imperfect,3p,3rd,plural,yn,False,bod,roedden,oeddent|oeddynt|yn_doedden,buddio,,roedden|oeddent|oeddynt|yn_doedden|buddio,43,welsh_transfer_ood
buddio,profit,buddio,cy,2.447,low,2219,periphrastic_future_1s,periphrastic,future,1s,1st,singular,yn,False,bod,byddaf,bydda,buddio,,byddaf|bydda|buddio,43,welsh_transfer_ood
buddio,profit,buddio,cy,2.447,low,2219,periphrastic_future_2s,periphrastic,future,2s,2nd,singular,yn,False,bod,byddi,,buddio,,byddi|buddio,43,welsh_transfer_ood
buddio,profit,buddio,cy,2.447,low,2219,periphrastic_future_3s,periphrastic,future,3s,3rd,singular,yn,False,bod,bydd,,buddio,,bydd|buddio,43,welsh_transfer_ood
buddio,profit,buddio,cy,2.447,low,2219,periphrastic_future_1p,periphrastic,future,1p,1st,plural,yn,False,bod,byddwn,,buddio,,byddwn|buddio,43,welsh_transfer_ood
buddio,profit,buddio,cy,2.447,low,2219,periphrastic_future_2p,periphrastic,future,2p,2nd,plural,yn,False,bod,byddwch,,buddio,,byddwch|buddio,43,welsh_transfer_ood
buddio,profit,buddio,cy,2.447,low,2219,periphrastic_future_3p,periphrastic,future,3p,3rd,plural,yn,False,bod,byddan,byddant,buddio,,byddan|byddant|buddio,43,welsh_transfer_ood
cerflunio,sculpt,cerflunio,cy,2.447,low,2226,synthetic_present_1s,synthetic,present,1s,1st,singular,,False,,,,cerfluniaf,,cerfluniaf,43,welsh_transfer_ood
cerflunio,sculpt,cerflunio,cy,2.447,low,2226,synthetic_present_2s,synthetic,present,2s,2nd,singular,,False,,,,cerflunni,,cerflunni,43,welsh_transfer_ood
cerflunio,sculpt,cerflunio,cy,2.447,low,2226,synthetic_present_3s,synthetic,present,3s,3rd,singular,,False,,,,cerflunia,,cerflunia,43,welsh_transfer_ood
cerflunio,sculpt,cerflunio,cy,2.447,low,2226,synthetic_present_1p,synthetic,present,1p,1st,plural,,False,,,,cerfluniwn,,cerfluniwn,43,welsh_transfer_ood
cerflunio,sculpt,cerflunio,cy,2.447,low,2226,synthetic_present_2p,synthetic,present,2p,2nd,plural,,False,,,,cerfluniwch,,cerfluniwch,43,welsh_transfer_ood
cerflunio,sculpt,cerflunio,cy,2.447,low,2226,synthetic_present_3p,synthetic,present,3p,3rd,plural,,False,,,,cerflunian,cerfluniant,cerflunian|cerfluniant,43,welsh_transfer_ood
cerflunio,sculpt,cerflunio,cy,2.447,low,2226,synthetic_past_1s,synthetic,past,1s,1st,singular,,False,,,,cerfluniais,,cerfluniais,43,welsh_transfer_ood
cerflunio,sculpt,cerflunio,cy,2.447,low,2226,synthetic_past_2s,synthetic,past,2s,2nd,singular,,False,,,,cerfluniaist,,cerfluniaist,43,welsh_transfer_ood
cerflunio,sculpt,cerflunio,cy,2.447,low,2226,synthetic_past_3s,synthetic,past,3s,3rd,singular,,False,,,,cerfluniodd,,cerfluniodd,43,welsh_transfer_ood
cerflunio,sculpt,cerflunio,cy,2.447,low,2226,synthetic_past_1p,synthetic,past,1p,1st,plural,,False,,,,cerflunion,cerfluniasom,cerflunion|cerfluniasom,43,welsh_transfer_ood
cerflunio,sculpt,cerflunio,cy,2.447,low,2226,synthetic_past_2p,synthetic,past,2p,2nd,plural,,False,,,,cerflunioch,cerfluniasoch,cerflunioch|cerfluniasoch,43,welsh_transfer_ood
cerflunio,sculpt,cerflunio,cy,2.447,low,2226,synthetic_past_3p,synthetic,past,3p,3rd,plural,,False,,,,cerflunion,cerfluniasant,cerflunion|cerfluniasant,43,welsh_transfer_ood
cerflunio,sculpt,cerflunio,cy,2.447,low,2226,synthetic_imperfect_1s,synthetic,imperfect,1s,1st,singular,,False,,,,cerfluniwn,,cerfluniwn,43,welsh_transfer_ood
cerflunio,sculpt,cerflunio,cy,2.447,low,2226,synthetic_imperfect_2s,synthetic,imperfect,2s,2nd,singular,,False,,,,cerfluniet,cerflunnit,cerfluniet|cerflunnit,43,welsh_transfer_ood
cerflunio,sculpt,cerflunio,cy,2.447,low,2226,synthetic_imperfect_3s,synthetic,imperfect,3s,3rd,singular,,False,,,,cerfluniai,,cerfluniai,43,welsh_transfer_ood
cerflunio,sculpt,cerflunio,cy,2.447,low,2226,synthetic_imperfect_1p,synthetic,imperfect,1p,1st,plural,,False,,,,cerfluniem,,cerfluniem,43,welsh_transfer_ood
cerflunio,sculpt,cerflunio,cy,2.447,low,2226,synthetic_imperfect_2p,synthetic,imperfect,2p,2nd,plural,,False,,,,cerfluniech,,cerfluniech,43,welsh_transfer_ood
cerflunio,sculpt,cerflunio,cy,2.447,low,2226,synthetic_imperfect_3p,synthetic,imperfect,3p,3rd,plural,,False,,,,cerflunient,,cerflunient,43,welsh_transfer_ood
cerflunio,sculpt,cerflunio,cy,2.447,low,2226,periphrastic_present_1s,periphrastic,present,1s,1st,singular,yn,False,bod,rwyf,wyf|ydwyf|dw|ydw|rwy,cerflunio,,rwyf|wyf|ydwyf|dw|ydw|rwy|cerflunio,43,welsh_transfer_ood
cerflunio,sculpt,cerflunio,cy,2.447,low,2226,periphrastic_present_2s,periphrastic,present,2s,2nd,singular,yn,False,bod,rwyt,wyt|ydwyt,cerflunio,,rwyt|wyt|ydwyt|cerflunio,43,welsh_transfer_ood
cerflunio,sculpt,cerflunio,cy,2.447,low,2226,periphrastic_present_3s,periphrastic,present,3s,3rd,singular,yn,False,bod,mae,ydyw|yw|ydy|yn_dydy|ydi,cerflunio,,mae|ydyw|yw|ydy|yn_dydy|ydi|cerflunio,43,welsh_transfer_ood
cerflunio,sculpt,cerflunio,cy,2.447,low,2226,periphrastic_present_1p,periphrastic,present,1p,1st,plural,yn,False,bod,rydym,ydym|ŷm|dan|ydan|yn_dydan,cerflunio,,rydym|ydym|ŷm|dan|ydan|yn_dydan|cerflunio,43,welsh_transfer_ood
cerflunio,sculpt,cerflunio,cy,2.447,low,2226,periphrastic_present_2p,periphrastic,present,2p,2nd,plural,yn,False,bod,rydych,ych|ydych|dach|dych|ydach|yn_dydach,cerflunio,,rydych|ych|ydych|dach|dych|ydach|yn_dydach|cerflunio,43,welsh_transfer_ood
cerflunio,sculpt,cerflunio,cy,2.447,low,2226,periphrastic_present_3p,periphrastic,present,3p,3rd,plural,yn,False,bod,maen,maent|rydyn|rydynt|ydynt|ŷnt|ydyn|yn_dydyn|dyn,cerflunio,,maen|maent|rydyn|rydynt|ydynt|ŷnt|ydyn|yn_dydyn|dyn|cerflunio,43,welsh_transfer_ood
cerflunio,sculpt,cerflunio,cy,2.447,low,2226,periphrastic_past_1s,periphrastic,past,1s,1st,singular,,True,gwneud,gwnes,gwneuthum|gwnaes|gwnesaf,gerflunio,cerflunio,gwnes|gwneuthum|gwnaes|gwnesaf|gerflunio|cerflunio,43,welsh_transfer_ood
cerflunio,sculpt,cerflunio,cy,2.447,low,2226,periphrastic_past_2s,periphrastic,past,2s,2nd,singular,,True,gwneud,gwnêst,gwnaethost|gwnest,gerflunio,cerflunio,gwnêst|gwnaethost|gwnest|gerflunio|cerflunio,43,welsh_transfer_ood
cerflunio,sculpt,cerflunio,cy,2.447,low,2226,periphrastic_past_3s,periphrastic,past,3s,3rd,singular,,True,gwneud,nath,gwnaeth,gerflunio,cerflunio,nath|gwnaeth|gerflunio|cerflunio,43,welsh_transfer_ood
cerflunio,sculpt,cerflunio,cy,2.447,low,2226,periphrastic_past_1p,periphrastic,past,1p,1st,plural,,True,gwneud,gwnaethom,,gerflunio,cerflunio,gwnaethom|gerflunio|cerflunio,43,welsh_transfer_ood
cerflunio,sculpt,cerflunio,cy,2.447,low,2226,periphrastic_past_2p,periphrastic,past,2p,2nd,plural,,True,gwneud,gwnaethoch,gwnaesoch,gerflunio,cerflunio,gwnaethoch|gwnaesoch|gerflunio|cerflunio,43,welsh_transfer_ood
cerflunio,sculpt,cerflunio,cy,2.447,low,2226,periphrastic_past_3p,periphrastic,past,3p,3rd,plural,,True,gwneud,gwnaethon,gwnaethant|naethon,gerflunio,cerflunio,gwnaethon|gwnaethant|naethon|gerflunio|cerflunio,43,welsh_transfer_ood
cerflunio,sculpt,cerflunio,cy,2.447,low,2226,periphrastic_imperfect_1s,periphrastic,imperfect,1s,1st,singular,yn,False,bod,roeddwn,oeddwn|o'n|oeddaf|yn_doeddwn,cerflunio,,roeddwn|oeddwn|o'n|oeddaf|yn_doeddwn|cerflunio,43,welsh_transfer_ood
cerflunio,sculpt,cerflunio,cy,2.447,low,2226,periphrastic_imperfect_2s,periphrastic,imperfect,2s,2nd,singular,yn,False,bod,oeddet,oeddit|roeddet|oedda|oedde,cerflunio,,oeddet|oeddit|roeddet|oedda|oedde|cerflunio,43,welsh_transfer_ood
cerflunio,sculpt,cerflunio,cy,2.447,low,2226,periphrastic_imperfect_3s,periphrastic,imperfect,3s,3rd,singular,yn,False,bod,roedd,oedd|ydoedd|yn_doedd,cerflunio,,roedd|oedd|ydoedd|yn_doedd|cerflunio,43,welsh_transfer_ood
cerflunio,sculpt,cerflunio,cy,2.447,low,2226,periphrastic_imperfect_1p,periphrastic,imperfect,1p,1st,plural,yn,False,bod,roeddem,oeddem|oeddan,cerflunio,,roeddem|oeddem|oeddan|cerflunio,43,welsh_transfer_ood
cerflunio,sculpt,cerflunio,cy,2.447,low,2226,periphrastic_imperfect_2p,periphrastic,imperfect,2p,2nd,plural,yn,False,bod,roeddech,oeddech|yn_doeddech,cerflunio,,roeddech|oeddech|yn_doeddech|cerflunio,43,welsh_transfer_ood
cerflunio,sculpt,cerflunio,cy,2.447,low,2226,periphrastic_imperfect_3p,periphrastic,imperfect,3p,3rd,plural,yn,False,bod,roedden,oeddent|oeddynt|yn_doedden,cerflunio,,roedden|oeddent|oeddynt|yn_doedden|cerflunio,43,welsh_transfer_ood
cerflunio,sculpt,cerflunio,cy,2.447,low,2226,periphrastic_future_1s,periphrastic,future,1s,1st,singular,yn,False,bod,byddaf,bydda,cerflunio,,byddaf|bydda|cerflunio,43,welsh_transfer_ood
cerflunio,sculpt,cerflunio,cy,2.447,low,2226,periphrastic_future_2s,periphrastic,future,2s,2nd,singular,yn,False,bod,byddi,,cerflunio,,byddi|cerflunio,43,welsh_transfer_ood
cerflunio,sculpt,cerflunio,cy,2.447,low,2226,periphrastic_future_3s,periphrastic,future,3s,3rd,singular,yn,False,bod,bydd,,cerflunio,,bydd|cerflunio,43,welsh_transfer_ood
cerflunio,sculpt,cerflunio,cy,2.447,low,2226,periphrastic_future_1p,periphrastic,future,1p,1st,plural,yn,False,bod,byddwn,,cerflunio,,byddwn|cerflunio,43,welsh_transfer_ood
cerflunio,sculpt,cerflunio,cy,2.447,low,2226,periphrastic_future_2p,periphrastic,future,2p,2nd,plural,yn,False,bod,byddwch,,cerflunio,,byddwch|cerflunio,43,welsh_transfer_ood
cerflunio,sculpt,cerflunio,cy,2.447,low,2226,periphrastic_future_3p,periphrastic,future,3p,3rd,plural,yn,False,bod,byddan,byddant,cerflunio,,byddan|byddant|cerflunio,43,welsh_transfer_ood
anghymhwyso,disqualify,anghymhwyso,cy,2.279,low,2323,synthetic_present_1s,synthetic,present,1s,1st,singular,,False,,,,anghymhwysaf,,anghymhwysaf,43,welsh_transfer_ood
anghymhwyso,disqualify,anghymhwyso,cy,2.279,low,2323,synthetic_present_2s,synthetic,present,2s,2nd,singular,,False,,,,anghymhwysi,,anghymhwysi,43,welsh_transfer_ood
anghymhwyso,disqualify,anghymhwyso,cy,2.279,low,2323,synthetic_present_3s,synthetic,present,3s,3rd,singular,,False,,,,anghymhwysa,,anghymhwysa,43,welsh_transfer_ood
anghymhwyso,disqualify,anghymhwyso,cy,2.279,low,2323,synthetic_present_1p,synthetic,present,1p,1st,plural,,False,,,,anghymhwyswn,,anghymhwyswn,43,welsh_transfer_ood
anghymhwyso,disqualify,anghymhwyso,cy,2.279,low,2323,synthetic_present_2p,synthetic,present,2p,2nd,plural,,False,,,,anghymhwyswch,,anghymhwyswch,43,welsh_transfer_ood
anghymhwyso,disqualify,anghymhwyso,cy,2.279,low,2323,synthetic_present_3p,synthetic,present,3p,3rd,plural,,False,,,,anghymhwysan,anghymhwysant,anghymhwysan|anghymhwysant,43,welsh_transfer_ood
anghymhwyso,disqualify,anghymhwyso,cy,2.279,low,2323,synthetic_past_1s,synthetic,past,1s,1st,singular,,False,,,,anghymhwysais,,anghymhwysais,43,welsh_transfer_ood
anghymhwyso,disqualify,anghymhwyso,cy,2.279,low,2323,synthetic_past_2s,synthetic,past,2s,2nd,singular,,False,,,,anghymhwysaist,,anghymhwysaist,43,welsh_transfer_ood
anghymhwyso,disqualify,anghymhwyso,cy,2.279,low,2323,synthetic_past_3s,synthetic,past,3s,3rd,singular,,False,,,,anghymhwysodd,,anghymhwysodd,43,welsh_transfer_ood
anghymhwyso,disqualify,anghymhwyso,cy,2.279,low,2323,synthetic_past_1p,synthetic,past,1p,1st,plural,,False,,,,anghymhwyson,anghymwysasom,anghymhwyson|anghymwysasom,43,welsh_transfer_ood
anghymhwyso,disqualify,anghymhwyso,cy,2.279,low,2323,synthetic_past_2p,synthetic,past,2p,2nd,plural,,False,,,,anghymhwysoch,anghymwysasoch,anghymhwysoch|anghymwysasoch,43,welsh_transfer_ood
anghymhwyso,disqualify,anghymhwyso,cy,2.279,low,2323,synthetic_past_3p,synthetic,past,3p,3rd,plural,,False,,,,anghymhwyson,anghymwysasant,anghymhwyson|anghymwysasant,43,welsh_transfer_ood
anghymhwyso,disqualify,anghymhwyso,cy,2.279,low,2323,synthetic_imperfect_1s,synthetic,imperfect,1s,1st,singular,,False,,,,anghymhwyswn,,anghymhwyswn,43,welsh_transfer_ood
anghymhwyso,disqualify,anghymhwyso,cy,2.279,low,2323,synthetic_imperfect_2s,synthetic,imperfect,2s,2nd,singular,,False,,,,anghymhwyset,anghymhwysit,anghymhwyset|anghymhwysit,43,welsh_transfer_ood
anghymhwyso,disqualify,anghymhwyso,cy,2.279,low,2323,synthetic_imperfect_3s,synthetic,imperfect,3s,3rd,singular,,False,,,,anghymhwysai,,anghymhwysai,43,welsh_transfer_ood
anghymhwyso,disqualify,anghymhwyso,cy,2.279,low,2323,synthetic_imperfect_1p,synthetic,imperfect,1p,1st,plural,,False,,,,anghymhwysem,,anghymhwysem,43,welsh_transfer_ood
anghymhwyso,disqualify,anghymhwyso,cy,2.279,low,2323,synthetic_imperfect_2p,synthetic,imperfect,2p,2nd,plural,,False,,,,anghymhwysech,,anghymhwysech,43,welsh_transfer_ood
anghymhwyso,disqualify,anghymhwyso,cy,2.279,low,2323,synthetic_imperfect_3p,synthetic,imperfect,3p,3rd,plural,,False,,,,anghymhwysent,,anghymhwysent,43,welsh_transfer_ood
anghymhwyso,disqualify,anghymhwyso,cy,2.279,low,2323,periphrastic_present_1s,periphrastic,present,1s,1st,singular,yn,False,bod,rwyf,wyf|ydwyf|dw|ydw|rwy,anghymhwyso,,rwyf|wyf|ydwyf|dw|ydw|rwy|anghymhwyso,43,welsh_transfer_ood
anghymhwyso,disqualify,anghymhwyso,cy,2.279,low,2323,periphrastic_present_2s,periphrastic,present,2s,2nd,singular,yn,False,bod,rwyt,wyt|ydwyt,anghymhwyso,,rwyt|wyt|ydwyt|anghymhwyso,43,welsh_transfer_ood
anghymhwyso,disqualify,anghymhwyso,cy,2.279,low,2323,periphrastic_present_3s,periphrastic,present,3s,3rd,singular,yn,False,bod,mae,ydyw|yw|ydy|yn_dydy|ydi,anghymhwyso,,mae|ydyw|yw|ydy|yn_dydy|ydi|anghymhwyso,43,welsh_transfer_ood
anghymhwyso,disqualify,anghymhwyso,cy,2.279,low,2323,periphrastic_present_1p,periphrastic,present,1p,1st,plural,yn,False,bod,rydym,ydym|ŷm|dan|ydan|yn_dydan,anghymhwyso,,rydym|ydym|ŷm|dan|ydan|yn_dydan|anghymhwyso,43,welsh_transfer_ood
anghymhwyso,disqualify,anghymhwyso,cy,2.279,low,2323,periphrastic_present_2p,periphrastic,present,2p,2nd,plural,yn,False,bod,rydych,ych|ydych|dach|dych|ydach|yn_dydach,anghymhwyso,,rydych|ych|ydych|dach|dych|ydach|yn_dydach|anghymhwyso,43,welsh_transfer_ood
anghymhwyso,disqualify,anghymhwyso,cy,2.279,low,2323,periphrastic_present_3p,periphrastic,present,3p,3rd,plural,yn,False,bod,maen,maent|rydyn|rydynt|ydynt|ŷnt|ydyn|yn_dydyn|dyn,anghymhwyso,,maen|maent|rydyn|rydynt|ydynt|ŷnt|ydyn|yn_dydyn|dyn|anghymhwyso,43,welsh_transfer_ood
anghymhwyso,disqualify,anghymhwyso,cy,2.279,low,2323,periphrastic_past_1s,periphrastic,past,1s,1st,singular,,True,gwneud,gwnes,gwneuthum|gwnaes|gwnesaf,anghymhwyso,,gwnes|gwneuthum|gwnaes|gwnesaf|anghymhwyso,43,welsh_transfer_ood
anghymhwyso,disqualify,anghymhwyso,cy,2.279,low,2323,periphrastic_past_2s,periphrastic,past,2s,2nd,singular,,True,gwneud,gwnêst,gwnaethost|gwnest,anghymhwyso,,gwnêst|gwnaethost|gwnest|anghymhwyso,43,welsh_transfer_ood
anghymhwyso,disqualify,anghymhwyso,cy,2.279,low,2323,periphrastic_past_3s,periphrastic,past,3s,3rd,singular,,True,gwneud,nath,gwnaeth,anghymhwyso,,nath|gwnaeth|anghymhwyso,43,welsh_transfer_ood
anghymhwyso,disqualify,anghymhwyso,cy,2.279,low,2323,periphrastic_past_1p,periphrastic,past,1p,1st,plural,,True,gwneud,gwnaethom,,anghymhwyso,,gwnaethom|anghymhwyso,43,welsh_transfer_ood
anghymhwyso,disqualify,anghymhwyso,cy,2.279,low,2323,periphrastic_past_2p,periphrastic,past,2p,2nd,plural,,True,gwneud,gwnaethoch,gwnaesoch,anghymhwyso,,gwnaethoch|gwnaesoch|anghymhwyso,43,welsh_transfer_ood
anghymhwyso,disqualify,anghymhwyso,cy,2.279,low,2323,periphrastic_past_3p,periphrastic,past,3p,3rd,plural,,True,gwneud,gwnaethon,gwnaethant|naethon,anghymhwyso,,gwnaethon|gwnaethant|naethon|anghymhwyso,43,welsh_transfer_ood
anghymhwyso,disqualify,anghymhwyso,cy,2.279,low,2323,periphrastic_imperfect_1s,periphrastic,imperfect,1s,1st,singular,yn,False,bod,roeddwn,oeddwn|o'n|oeddaf|yn_doeddwn,anghymhwyso,,roeddwn|oeddwn|o'n|oeddaf|yn_doeddwn|anghymhwyso,43,welsh_transfer_ood
anghymhwyso,disqualify,anghymhwyso,cy,2.279,low,2323,periphrastic_imperfect_2s,periphrastic,imperfect,2s,2nd,singular,yn,False,bod,oeddet,oeddit|roeddet|oedda|oedde,anghymhwyso,,oeddet|oeddit|roeddet|oedda|oedde|anghymhwyso,43,welsh_transfer_ood
anghymhwyso,disqualify,anghymhwyso,cy,2.279,low,2323,periphrastic_imperfect_3s,periphrastic,imperfect,3s,3rd,singular,yn,False,bod,roedd,oedd|ydoedd|yn_doedd,anghymhwyso,,roedd|oedd|ydoedd|yn_doedd|anghymhwyso,43,welsh_transfer_ood
anghymhwyso,disqualify,anghymhwyso,cy,2.279,low,2323,periphrastic_imperfect_1p,periphrastic,imperfect,1p,1st,plural,yn,False,bod,roeddem,oeddem|oeddan,anghymhwyso,,roeddem|oeddem|oeddan|anghymhwyso,43,welsh_transfer_ood
anghymhwyso,disqualify,anghymhwyso,cy,2.279,low,2323,periphrastic_imperfect_2p,periphrastic,imperfect,2p,2nd,plural,yn,False,bod,roeddech,oeddech|yn_doeddech,anghymhwyso,,roeddech|oeddech|yn_doeddech|anghymhwyso,43,welsh_transfer_ood
anghymhwyso,disqualify,anghymhwyso,cy,2.279,low,2323,periphrastic_imperfect_3p,periphrastic,imperfect,3p,3rd,plural,yn,False,bod,roedden,oeddent|oeddynt|yn_doedden,anghymhwyso,,roedden|oeddent|oeddynt|yn_doedden|anghymhwyso,43,welsh_transfer_ood
anghymhwyso,disqualify,anghymhwyso,cy,2.279,low,2323,periphrastic_future_1s,periphrastic,future,1s,1st,singular,yn,False,bod,byddaf,bydda,anghymhwyso,,byddaf|bydda|anghymhwyso,43,welsh_transfer_ood
anghymhwyso,disqualify,anghymhwyso,cy,2.279,low,2323,periphrastic_future_2s,periphrastic,future,2s,2nd,singular,yn,False,bod,byddi,,anghymhwyso,,byddi|anghymhwyso,43,welsh_transfer_ood
anghymhwyso,disqualify,anghymhwyso,cy,2.279,low,2323,periphrastic_future_3s,periphrastic,future,3s,3rd,singular,yn,False,bod,bydd,,anghymhwyso,,bydd|anghymhwyso,43,welsh_transfer_ood
anghymhwyso,disqualify,anghymhwyso,cy,2.279,low,2323,periphrastic_future_1p,periphrastic,future,1p,1st,plural,yn,False,bod,byddwn,,anghymhwyso,,byddwn|anghymhwyso,43,welsh_transfer_ood
anghymhwyso,disqualify,anghymhwyso,cy,2.279,low,2323,periphrastic_future_2p,periphrastic,future,2p,2nd,plural,yn,False,bod,byddwch,,anghymhwyso,,byddwch|anghymhwyso,43,welsh_transfer_ood
anghymhwyso,disqualify,anghymhwyso,cy,2.279,low,2323,periphrastic_future_3p,periphrastic,future,3p,3rd,plural,yn,False,bod,byddan,byddant,anghymhwyso,,byddan|byddant|anghymhwyso,43,welsh_transfer_ood
cyfarch,greet,cyfarch,cy,3.87,mid,890,synthetic_present_1s,synthetic,present,1s,1st,singular,,False,,,,cyfarchaf,,cyfarchaf,43,welsh_transfer_ood
cyfarch,greet,cyfarch,cy,3.87,mid,890,synthetic_present_2s,synthetic,present,2s,2nd,singular,,False,,,,cyferchi,,cyferchi,43,welsh_transfer_ood
cyfarch,greet,cyfarch,cy,3.87,mid,890,synthetic_present_3s,synthetic,present,3s,3rd,singular,,False,,,,cyfarch,,cyfarch,43,welsh_transfer_ood
cyfarch,greet,cyfarch,cy,3.87,mid,890,synthetic_present_1p,synthetic,present,1p,1st,plural,,False,,,,cyfarchwn,,cyfarchwn,43,welsh_transfer_ood
cyfarch,greet,cyfarch,cy,3.87,mid,890,synthetic_present_2p,synthetic,present,2p,2nd,plural,,False,,,,cyfarchwch,cyferchwch,cyfarchwch|cyferchwch,43,welsh_transfer_ood
cyfarch,greet,cyfarch,cy,3.87,mid,890,synthetic_present_3p,synthetic,present,3p,3rd,plural,,False,,,,cyfarchan,cyfarchant,cyfarchan|cyfarchant,43,welsh_transfer_ood
cyfarch,greet,cyfarch,cy,3.87,mid,890,synthetic_past_1s,synthetic,past,1s,1st,singular,,False,,,,cyfarchais,cyferchais,cyfarchais|cyferchais,43,welsh_transfer_ood
cyfarch,greet,cyfarch,cy,3.87,mid,890,synthetic_past_2s,synthetic,past,2s,2nd,singular,,False,,,,cyfarchaist,cyferchaist,cyfarchaist|cyferchaist,43,welsh_transfer_ood
cyfarch,greet,cyfarch,cy,3.87,mid,890,synthetic_past_3s,synthetic,past,3s,3rd,singular,,False,,,,cyfarchodd,,cyfarchodd,43,welsh_transfer_ood
cyfarch,greet,cyfarch,cy,3.87,mid,890,synthetic_past_1p,synthetic,past,1p,1st,plural,,False,,,,cyfarchon,cyfarchasom,cyfarchon|cyfarchasom,43,welsh_transfer_ood
cyfarch,greet,cyfarch,cy,3.87,mid,890,synthetic_past_2p,synthetic,past,2p,2nd,plural,,False,,,,cyfarchoch,cyfarchasoch,cyfarchoch|cyfarchasoch,43,welsh_transfer_ood
cyfarch,greet,cyfarch,cy,3.87,mid,890,synthetic_past_3p,synthetic,past,3p,3rd,plural,,False,,,,cyfarchon,cyfarchasant,cyfarchon|cyfarchasant,43,welsh_transfer_ood
cyfarch,greet,cyfarch,cy,3.87,mid,890,synthetic_imperfect_1s,synthetic,imperfect,1s,1st,singular,,False,,,,cyfarchwn,,cyfarchwn,43,welsh_transfer_ood
cyfarch,greet,cyfarch,cy,3.87,mid,890,synthetic_imperfect_2s,synthetic,imperfect,2s,2nd,singular,,False,,,,cyfarchet,cyfarchit,cyfarchet|cyfarchit,43,welsh_transfer_ood
cyfarch,greet,cyfarch,cy,3.87,mid,890,synthetic_imperfect_3s,synthetic,imperfect,3s,3rd,singular,,False,,,,cyfarchai,,cyfarchai,43,welsh_transfer_ood
cyfarch,greet,cyfarch,cy,3.87,mid,890,synthetic_imperfect_1p,synthetic,imperfect,1p,1st,plural,,False,,,,cyfarchem,,cyfarchem,43,welsh_transfer_ood
cyfarch,greet,cyfarch,cy,3.87,mid,890,synthetic_imperfect_2p,synthetic,imperfect,2p,2nd,plural,,False,,,,cyfarchech,,cyfarchech,43,welsh_transfer_ood
cyfarch,greet,cyfarch,cy,3.87,mid,890,synthetic_imperfect_3p,synthetic,imperfect,3p,3rd,plural,,False,,,,cyfarchent,,cyfarchent,43,welsh_transfer_ood
cyfarch,greet,cyfarch,cy,3.87,mid,890,periphrastic_present_1s,periphrastic,present,1s,1st,singular,yn,False,bod,rwyf,wyf|ydwyf|dw|ydw|rwy,cyfarch,,rwyf|wyf|ydwyf|dw|ydw|rwy|cyfarch,43,welsh_transfer_ood
cyfarch,greet,cyfarch,cy,3.87,mid,890,periphrastic_present_2s,periphrastic,present,2s,2nd,singular,yn,False,bod,rwyt,wyt|ydwyt,cyfarch,,rwyt|wyt|ydwyt|cyfarch,43,welsh_transfer_ood
cyfarch,greet,cyfarch,cy,3.87,mid,890,periphrastic_present_3s,periphrastic,present,3s,3rd,singular,yn,False,bod,mae,ydyw|yw|ydy|yn_dydy|ydi,cyfarch,,mae|ydyw|yw|ydy|yn_dydy|ydi|cyfarch,43,welsh_transfer_ood
cyfarch,greet,cyfarch,cy,3.87,mid,890,periphrastic_present_1p,periphrastic,present,1p,1st,plural,yn,False,bod,rydym,ydym|ŷm|dan|ydan|yn_dydan,cyfarch,,rydym|ydym|ŷm|dan|ydan|yn_dydan|cyfarch,43,welsh_transfer_ood
cyfarch,greet,cyfarch,cy,3.87,mid,890,periphrastic_present_2p,periphrastic,present,2p,2nd,plural,yn,False,bod,rydych,ych|ydych|dach|dych|ydach|yn_dydach,cyfarch,,rydych|ych|ydych|dach|dych|ydach|yn_dydach|cyfarch,43,welsh_transfer_ood
cyfarch,greet,cyfarch,cy,3.87,mid,890,periphrastic_present_3p,periphrastic,present,3p,3rd,plural,yn,False,bod,maen,maent|rydyn|rydynt|ydynt|ŷnt|ydyn|yn_dydyn|dyn,cyfarch,,maen|maent|rydyn|rydynt|ydynt|ŷnt|ydyn|yn_dydyn|dyn|cyfarch,43,welsh_transfer_ood
cyfarch,greet,cyfarch,cy,3.87,mid,890,periphrastic_past_1s,periphrastic,past,1s,1st,singular,,True,gwneud,gwnes,gwneuthum|gwnaes|gwnesaf,gyfarch,cyfarch,gwnes|gwneuthum|gwnaes|gwnesaf|gyfarch|cyfarch,43,welsh_transfer_ood
cyfarch,greet,cyfarch,cy,3.87,mid,890,periphrastic_past_2s,periphrastic,past,2s,2nd,singular,,True,gwneud,gwnêst,gwnaethost|gwnest,gyfarch,cyfarch,gwnêst|gwnaethost|gwnest|gyfarch|cyfarch,43,welsh_transfer_ood
cyfarch,greet,cyfarch,cy,3.87,mid,890,periphrastic_past_3s,periphrastic,past,3s,3rd,singular,,True,gwneud,nath,gwnaeth,gyfarch,cyfarch,nath|gwnaeth|gyfarch|cyfarch,43,welsh_transfer_ood
cyfarch,greet,cyfarch,cy,3.87,mid,890,periphrastic_past_1p,periphrastic,past,1p,1st,plural,,True,gwneud,gwnaethom,,gyfarch,cyfarch,gwnaethom|gyfarch|cyfarch,43,welsh_transfer_ood
cyfarch,greet,cyfarch,cy,3.87,mid,890,periphrastic_past_2p,periphrastic,past,2p,2nd,plural,,True,gwneud,gwnaethoch,gwnaesoch,gyfarch,cyfarch,gwnaethoch|gwnaesoch|gyfarch|cyfarch,43,welsh_transfer_ood
cyfarch,greet,cyfarch,cy,3.87,mid,890,periphrastic_past_3p,periphrastic,past,3p,3rd,plural,,True,gwneud,gwnaethon,gwnaethant|naethon,gyfarch,cyfarch,gwnaethon|gwnaethant|naethon|gyfarch|cyfarch,43,welsh_transfer_ood
cyfarch,greet,cyfarch,cy,3.87,mid,890,periphrastic_imperfect_1s,periphrastic,imperfect,1s,1st,singular,yn,False,bod,roeddwn,oeddwn|o'n|oeddaf|yn_doeddwn,cyfarch,,roeddwn|oeddwn|o'n|oeddaf|yn_doeddwn|cyfarch,43,welsh_transfer_ood
cyfarch,greet,cyfarch,cy,3.87,mid,890,periphrastic_imperfect_2s,periphrastic,imperfect,2s,2nd,singular,yn,False,bod,oeddet,oeddit|roeddet|oedda|oedde,cyfarch,,oeddet|oeddit|roeddet|oedda|oedde|cyfarch,43,welsh_transfer_ood
cyfarch,greet,cyfarch,cy,3.87,mid,890,periphrastic_imperfect_3s,periphrastic,imperfect,3s,3rd,singular,yn,False,bod,roedd,oedd|ydoedd|yn_doedd,cyfarch,,roedd|oedd|ydoedd|yn_doedd|cyfarch,43,welsh_transfer_ood
cyfarch,greet,cyfarch,cy,3.87,mid,890,periphrastic_imperfect_1p,periphrastic,imperfect,1p,1st,plural,yn,False,bod,roeddem,oeddem|oeddan,cyfarch,,roeddem|oeddem|oeddan|cyfarch,43,welsh_transfer_ood
cyfarch,greet,cyfarch,cy,3.87,mid,890,periphrastic_imperfect_2p,periphrastic,imperfect,2p,2nd,plural,yn,False,bod,roeddech,oeddech|yn_doeddech,cyfarch,,roeddech|oeddech|yn_doeddech|cyfarch,43,welsh_transfer_ood
cyfarch,greet,cyfarch,cy,3.87,mid,890,periphrastic_imperfect_3p,periphrastic,imperfect,3p,3rd,plural,yn,False,bod,roedden,oeddent|oeddynt|yn_doedden,cyfarch,,roedden|oeddent|oeddynt|yn_doedden|cyfarch,43,welsh_transfer_ood
cyfarch,greet,cyfarch,cy,3.87,mid,890,periphrastic_future_1s,periphrastic,future,1s,1st,singular,yn,False,bod,byddaf,bydda,cyfarch,,byddaf|bydda|cyfarch,43,welsh_transfer_ood
cyfarch,greet,cyfarch,cy,3.87,mid,890,periphrastic_future_2s,periphrastic,future,2s,2nd,singular,yn,False,bod,byddi,,cyfarch,,byddi|cyfarch,43,welsh_transfer_ood
cyfarch,greet,cyfarch,cy,3.87,mid,890,periphrastic_future_3s,periphrastic,future,3s,3rd,singular,yn,False,bod,bydd,,cyfarch,,bydd|cyfarch,43,welsh_transfer_ood
cyfarch,greet,cyfarch,cy,3.87,mid,890,periphrastic_future_1p,periphrastic,future,1p,1st,plural,yn,False,bod,byddwn,,cyfarch,,byddwn|cyfarch,43,welsh_transfer_ood
cyfarch,greet,cyfarch,cy,3.87,mid,890,periphrastic_future_2p,periphrastic,future,2p,2nd,plural,yn,False,bod,byddwch,,cyfarch,,byddwch|cyfarch,43,welsh_transfer_ood
cyfarch,greet,cyfarch,cy,3.87,mid,890,periphrastic_future_3p,periphrastic,future,3p,3rd,plural,yn,False,bod,byddan,byddant,cyfarch,,byddan|byddant|cyfarch,43,welsh_transfer_ood
gweddnewid,transform,gweddnewid,cy,3.765,mid,987,synthetic_present_1s,synthetic,present,1s,1st,singular,,False,,,,gweddnewidiaf,,gweddnewidiaf,43,welsh_transfer_ood
gweddnewid,transform,gweddnewid,cy,3.765,mid,987,synthetic_present_2s,synthetic,present,2s,2nd,singular,,False,,,,gweddnewidi,,gweddnewidi,43,welsh_transfer_ood
gweddnewid,transform,gweddnewid,cy,3.765,mid,987,synthetic_present_3s,synthetic,present,3s,3rd,singular,,False,,,,gweddnewidia,,gweddnewidia,43,welsh_transfer_ood
gweddnewid,transform,gweddnewid,cy,3.765,mid,987,synthetic_present_1p,synthetic,present,1p,1st,plural,,False,,,,gweddnewidiwn,,gweddnewidiwn,43,welsh_transfer_ood
gweddnewid,transform,gweddnewid,cy,3.765,mid,987,synthetic_present_2p,synthetic,present,2p,2nd,plural,,False,,,,gweddnewidiwch,,gweddnewidiwch,43,welsh_transfer_ood
gweddnewid,transform,gweddnewid,cy,3.765,mid,987,synthetic_present_3p,synthetic,present,3p,3rd,plural,,False,,,,gweddnewidian,gweddnewidiant,gweddnewidian|gweddnewidiant,43,welsh_transfer_ood
gweddnewid,transform,gweddnewid,cy,3.765,mid,987,synthetic_past_1s,synthetic,past,1s,1st,singular,,False,,,,gweddnewidiais,,gweddnewidiais,43,welsh_transfer_ood
gweddnewid,transform,gweddnewid,cy,3.765,mid,987,synthetic_past_2s,synthetic,past,2s,2nd,singular,,False,,,,gweddnewidiaist,,gweddnewidiaist,43,welsh_transfer_ood
gweddnewid,transform,gweddnewid,cy,3.765,mid,987,synthetic_past_3s,synthetic,past,3s,3rd,singular,,False,,,,gweddnewidiodd,,gweddnewidiodd,43,welsh_transfer_ood
gweddnewid,transform,gweddnewid,cy,3.765,mid,987,synthetic_past_1p,synthetic,past,1p,1st,plural,,False,,,,gweddnewidion,gweddnewidiasom,gweddnewidion|gweddnewidiasom,43,welsh_transfer_ood
gweddnewid,transform,gweddnewid,cy,3.765,mid,987,synthetic_past_2p,synthetic,past,2p,2nd,plural,,False,,,,gweddnewidioch,gweddnewidiasoch,gweddnewidioch|gweddnewidiasoch,43,welsh_transfer_ood
gweddnewid,transform,gweddnewid,cy,3.765,mid,987,synthetic_past_3p,synthetic,past,3p,3rd,plural,,False,,,,gweddnewidion,gweddnewidiasant,gweddnewidion|gweddnewidiasant,43,welsh_transfer_ood
gweddnewid,transform,gweddnewid,cy,3.765,mid,987,synthetic_imperfect_1s,synthetic,imperfect,1s,1st,singular,,False,,,,gweddnewidiwn,,gweddnewidiwn,43,welsh_transfer_ood
gweddnewid,transform,gweddnewid,cy,3.765,mid,987,synthetic_imperfect_2s,synthetic,imperfect,2s,2nd,singular,,False,,,,gweddnewidiet,gweddnewidit,gweddnewidiet|gweddnewidit,43,welsh_transfer_ood
gweddnewid,transform,gweddnewid,cy,3.765,mid,987,synthetic_imperfect_3s,synthetic,imperfect,3s,3rd,singular,,False,,,,gweddnewidiai,,gweddnewidiai,43,welsh_transfer_ood
gweddnewid,transform,gweddnewid,cy,3.765,mid,987,synthetic_imperfect_1p,synthetic,imperfect,1p,1st,plural,,False,,,,gweddnewidiem,,gweddnewidiem,43,welsh_transfer_ood
gweddnewid,transform,gweddnewid,cy,3.765,mid,987,synthetic_imperfect_2p,synthetic,imperfect,2p,2nd,plural,,False,,,,gweddnewidiech,,gweddnewidiech,43,welsh_transfer_ood
gweddnewid,transform,gweddnewid,cy,3.765,mid,987,synthetic_imperfect_3p,synthetic,imperfect,3p,3rd,plural,,False,,,,gweddnewidient,,gweddnewidient,43,welsh_transfer_ood
gweddnewid,transform,gweddnewid,cy,3.765,mid,987,periphrastic_present_1s,periphrastic,present,1s,1st,singular,yn,False,bod,rwyf,wyf|ydwyf|dw|ydw|rwy,gweddnewid,,rwyf|wyf|ydwyf|dw|ydw|rwy|gweddnewid,43,welsh_transfer_ood
gweddnewid,transform,gweddnewid,cy,3.765,mid,987,periphrastic_present_2s,periphrastic,present,2s,2nd,singular,yn,False,bod,rwyt,wyt|ydwyt,gweddnewid,,rwyt|wyt|ydwyt|gweddnewid,43,welsh_transfer_ood
gweddnewid,transform,gweddnewid,cy,3.765,mid,987,periphrastic_present_3s,periphrastic,present,3s,3rd,singular,yn,False,bod,mae,ydyw|yw|ydy|yn_dydy|ydi,gweddnewid,,mae|ydyw|yw|ydy|yn_dydy|ydi|gweddnewid,43,welsh_transfer_ood
gweddnewid,transform,gweddnewid,cy,3.765,mid,987,periphrastic_present_1p,periphrastic,present,1p,1st,plural,yn,False,bod,rydym,ydym|ŷm|dan|ydan|yn_dydan,gweddnewid,,rydym|ydym|ŷm|dan|ydan|yn_dydan|gweddnewid,43,welsh_transfer_ood
gweddnewid,transform,gweddnewid,cy,3.765,mid,987,periphrastic_present_2p,periphrastic,present,2p,2nd,plural,yn,False,bod,rydych,ych|ydych|dach|dych|ydach|yn_dydach,gweddnewid,,rydych|ych|ydych|dach|dych|ydach|yn_dydach|gweddnewid,43,welsh_transfer_ood
gweddnewid,transform,gweddnewid,cy,3.765,mid,987,periphrastic_present_3p,periphrastic,present,3p,3rd,plural,yn,False,bod,maen,maent|rydyn|rydynt|ydynt|ŷnt|ydyn|yn_dydyn|dyn,gweddnewid,,maen|maent|rydyn|rydynt|ydynt|ŷnt|ydyn|yn_dydyn|dyn|gweddnewid,43,welsh_transfer_ood
gweddnewid,transform,gweddnewid,cy,3.765,mid,987,periphrastic_past_1s,periphrastic,past,1s,1st,singular,,True,gwneud,gwnes,gwneuthum|gwnaes|gwnesaf,weddnewid,gweddnewid,gwnes|gwneuthum|gwnaes|gwnesaf|weddnewid|gweddnewid,43,welsh_transfer_ood
gweddnewid,transform,gweddnewid,cy,3.765,mid,987,periphrastic_past_2s,periphrastic,past,2s,2nd,singular,,True,gwneud,gwnêst,gwnaethost|gwnest,weddnewid,gweddnewid,gwnêst|gwnaethost|gwnest|weddnewid|gweddnewid,43,welsh_transfer_ood
gweddnewid,transform,gweddnewid,cy,3.765,mid,987,periphrastic_past_3s,periphrastic,past,3s,3rd,singular,,True,gwneud,nath,gwnaeth,weddnewid,gweddnewid,nath|gwnaeth|weddnewid|gweddnewid,43,welsh_transfer_ood
gweddnewid,transform,gweddnewid,cy,3.765,mid,987,periphrastic_past_1p,periphrastic,past,1p,1st,plural,,True,gwneud,gwnaethom,,weddnewid,gweddnewid,gwnaethom|weddnewid|gweddnewid,43,welsh_transfer_ood
gweddnewid,transform,gweddnewid,cy,3.765,mid,987,periphrastic_past_2p,periphrastic,past,2p,2nd,plural,,True,gwneud,gwnaethoch,gwnaesoch,weddnewid,gweddnewid,gwnaethoch|gwnaesoch|weddnewid|gweddnewid,43,welsh_transfer_ood
gweddnewid,transform,gweddnewid,cy,3.765,mid,987,periphrastic_past_3p,periphrastic,past,3p,3rd,plural,,True,gwneud,gwnaethon,gwnaethant|naethon,weddnewid,gweddnewid,gwnaethon|gwnaethant|naethon|weddnewid|gweddnewid,43,welsh_transfer_ood
gweddnewid,transform,gweddnewid,cy,3.765,mid,987,periphrastic_imperfect_1s,periphrastic,imperfect,1s,1st,singular,yn,False,bod,roeddwn,oeddwn|o'n|oeddaf|yn_doeddwn,gweddnewid,,roeddwn|oeddwn|o'n|oeddaf|yn_doeddwn|gweddnewid,43,welsh_transfer_ood
gweddnewid,transform,gweddnewid,cy,3.765,mid,987,periphrastic_imperfect_2s,periphrastic,imperfect,2s,2nd,singular,yn,False,bod,oeddet,oeddit|roeddet|oedda|oedde,gweddnewid,,oeddet|oeddit|roeddet|oedda|oedde|gweddnewid,43,welsh_transfer_ood
gweddnewid,transform,gweddnewid,cy,3.765,mid,987,periphrastic_imperfect_3s,periphrastic,imperfect,3s,3rd,singular,yn,False,bod,roedd,oedd|ydoedd|yn_doedd,gweddnewid,,roedd|oedd|ydoedd|yn_doedd|gweddnewid,43,welsh_transfer_ood
gweddnewid,transform,gweddnewid,cy,3.765,mid,987,periphrastic_imperfect_1p,periphrastic,imperfect,1p,1st,plural,yn,False,bod,roeddem,oeddem|oeddan,gweddnewid,,roeddem|oeddem|oeddan|gweddnewid,43,welsh_transfer_ood
gweddnewid,transform,gweddnewid,cy,3.765,mid,987,periphrastic_imperfect_2p,periphrastic,imperfect,2p,2nd,plural,yn,False,bod,roeddech,oeddech|yn_doeddech,gweddnewid,,roeddech|oeddech|yn_doeddech|gweddnewid,43,welsh_transfer_ood
gweddnewid,transform,gweddnewid,cy,3.765,mid,987,periphrastic_imperfect_3p,periphrastic,imperfect,3p,3rd,plural,yn,False,bod,roedden,oeddent|oeddynt|yn_doedden,gweddnewid,,roedden|oeddent|oeddynt|yn_doedden|gweddnewid,43,welsh_transfer_ood
gweddnewid,transform,gweddnewid,cy,3.765,mid,987,periphrastic_future_1s,periphrastic,future,1s,1st,singular,yn,False,bod,byddaf,bydda,gweddnewid,,byddaf|bydda|gweddnewid,43,welsh_transfer_ood
gweddnewid,transform,gweddnewid,cy,3.765,mid,987,periphrastic_future_2s,periphrastic,future,2s,2nd,singular,yn,False,bod,byddi,,gweddnewid,,byddi|gweddnewid,43,welsh_transfer_ood
gweddnewid,transform,gweddnewid,cy,3.765,mid,987,periphrastic_future_3s,periphrastic,future,3s,3rd,singular,yn,False,bod,bydd,,gweddnewid,,bydd|gweddnewid,43,welsh_transfer_ood
gweddnewid,transform,gweddnewid,cy,3.765,mid,987,periphrastic_future_1p,periphrastic,future,1p,1st,plural,yn,False,bod,byddwn,,gweddnewid,,byddwn|gweddnewid,43,welsh_transfer_ood
gweddnewid,transform,gweddnewid,cy,3.765,mid,987,periphrastic_future_2p,periphrastic,future,2p,2nd,plural,yn,False,bod,byddwch,,gweddnewid,,byddwch|gweddnewid,43,welsh_transfer_ood
gweddnewid,transform,gweddnewid,cy,3.765,mid,987,periphrastic_future_3p,periphrastic,future,3p,3rd,plural,yn,False,bod,byddan,byddant,gweddnewid,,byddan|byddant|gweddnewid,43,welsh_transfer_ood
gwrthdroi,reverse,gwrthdroi,cy,3.736,mid,1020,synthetic_present_1s,synthetic,present,1s,1st,singular,,False,,,,gwrthdrof,,gwrthdrof,43,welsh_transfer_ood
gwrthdroi,reverse,gwrthdroi,cy,3.736,mid,1020,synthetic_present_2s,synthetic,present,2s,2nd,singular,,False,,,,gwrthdroi,,gwrthdroi,43,welsh_transfer_ood
gwrthdroi,reverse,gwrthdroi,cy,3.736,mid,1020,synthetic_present_3s,synthetic,present,3s,3rd,singular,,False,,,,gwrthdro,,gwrthdro,43,welsh_transfer_ood
gwrthdroi,reverse,gwrthdroi,cy,3.736,mid,1020,synthetic_present_1p,synthetic,present,1p,1st,plural,,False,,,,gwrthdrown,,gwrthdrown,43,welsh_transfer_ood
gwrthdroi,reverse,gwrthdroi,cy,3.736,mid,1020,synthetic_present_2p,synthetic,present,2p,2nd,plural,,False,,,,gwrthdrowch,,gwrthdrowch,43,welsh_transfer_ood
gwrthdroi,reverse,gwrthdroi,cy,3.736,mid,1020,synthetic_present_3p,synthetic,present,3p,3rd,plural,,False,,,,gwrthdrôn,gwrthdrônt,gwrthdrôn|gwrthdrônt,43,welsh_transfer_ood
gwrthdroi,reverse,gwrthdroi,cy,3.736,mid,1020,synthetic_past_1s,synthetic,past,1s,1st,singular,,False,,,,gwrthdrois,,gwrthdrois,43,welsh_transfer_ood
gwrthdroi,reverse,gwrthdroi,cy,3.736,mid,1020,synthetic_past_2s,synthetic,past,2s,2nd,singular,,False,,,,gwrthdroist,,gwrthdroist,43,welsh_transfer_ood
gwrthdroi,reverse,gwrthdroi,cy,3.736,mid,1020,synthetic_past_3s,synthetic,past,3s,3rd,singular,,False,,,,gwrthdrodd,,gwrthdrodd,43,welsh_transfer_ood
gwrthdroi,reverse,gwrthdroi,cy,3.736,mid,1020,synthetic_past_1p,synthetic,past,1p,1st,plural,,False,,,,gwrthdroeon,gwrthdroesom,gwrthdroeon|gwrthdroesom,43,welsh_transfer_ood
gwrthdroi,reverse,gwrthdroi,cy,3.736,mid,1020,synthetic_past_2p,synthetic,past,2p,2nd,plural,,False,,,,gwrthdroeoch,gwrthdroesoch,gwrthdroeoch|gwrthdroesoch,43,welsh_transfer_ood
gwrthdroi,reverse,gwrthdroi,cy,3.736,mid,1020,synthetic_past_3p,synthetic,past,3p,3rd,plural,,False,,,,gwrthdroeon,gwrthdroesant,gwrthdroeon|gwrthdroesant,43,welsh_transfer_ood
gwrthdroi,reverse,gwrthdroi,cy,3.736,mid,1020,synthetic_imperfect_1s,synthetic,imperfect,1s,1st,singular,,False,,,,gwrthdrown,,gwrthdrown,43,welsh_transfer_ood
gwrthdroi,reverse,gwrthdroi,cy,3.736,mid,1020,synthetic_imperfect_2s,synthetic,imperfect,2s,2nd,singular,,False,,,,gwrthdroet,gwrthdroit,gwrthdroet|gwrthdroit,43,welsh_transfer_ood
gwrthdroi,reverse,gwrthdroi,cy,3.736,mid,1020,synthetic_imperfect_3s,synthetic,imperfect,3s,3rd,singular,,False,,,,gwrthdrôi,,gwrthdrôi,43,welsh_transfer_ood
gwrthdroi,reverse,gwrthdroi,cy,3.736,mid,1020,synthetic_imperfect_1p,synthetic,imperfect,1p,1st,plural,,False,,,,gwrthdroem,,gwrthdroem,43,welsh_transfer_ood
gwrthdroi,reverse,gwrthdroi,cy,3.736,mid,1020,synthetic_imperfect_2p,synthetic,imperfect,2p,2nd,plural,,False,,,,gwrthdroech,,gwrthdroech,43,welsh_transfer_ood
gwrthdroi,reverse,gwrthdroi,cy,3.736,mid,1020,synthetic_imperfect_3p,synthetic,imperfect,3p,3rd,plural,,False,,,,gwrthdroent,,gwrthdroent,43,welsh_transfer_ood
gwrthdroi,reverse,gwrthdroi,cy,3.736,mid,1020,periphrastic_present_1s,periphrastic,present,1s,1st,singular,yn,False,bod,rwyf,wyf|ydwyf|dw|ydw|rwy,gwrthdroi,,rwyf|wyf|ydwyf|dw|ydw|rwy|gwrthdroi,43,welsh_transfer_ood
gwrthdroi,reverse,gwrthdroi,cy,3.736,mid,1020,periphrastic_present_2s,periphrastic,present,2s,2nd,singular,yn,False,bod,rwyt,wyt|ydwyt,gwrthdroi,,rwyt|wyt|ydwyt|gwrthdroi,43,welsh_transfer_ood
gwrthdroi,reverse,gwrthdroi,cy,3.736,mid,1020,periphrastic_present_3s,periphrastic,present,3s,3rd,singular,yn,False,bod,mae,ydyw|yw|ydy|yn_dydy|ydi,gwrthdroi,,mae|ydyw|yw|ydy|yn_dydy|ydi|gwrthdroi,43,welsh_transfer_ood
gwrthdroi,reverse,gwrthdroi,cy,3.736,mid,1020,periphrastic_present_1p,periphrastic,present,1p,1st,plural,yn,False,bod,rydym,ydym|ŷm|dan|ydan|yn_dydan,gwrthdroi,,rydym|ydym|ŷm|dan|ydan|yn_dydan|gwrthdroi,43,welsh_transfer_ood
gwrthdroi,reverse,gwrthdroi,cy,3.736,mid,1020,periphrastic_present_2p,periphrastic,present,2p,2nd,plural,yn,False,bod,rydych,ych|ydych|dach|dych|ydach|yn_dydach,gwrthdroi,,rydych|ych|ydych|dach|dych|ydach|yn_dydach|gwrthdroi,43,welsh_transfer_ood
gwrthdroi,reverse,gwrthdroi,cy,3.736,mid,1020,periphrastic_present_3p,periphrastic,present,3p,3rd,plural,yn,False,bod,maen,maent|rydyn|rydynt|ydynt|ŷnt|ydyn|yn_dydyn|dyn,gwrthdroi,,maen|maent|rydyn|rydynt|ydynt|ŷnt|ydyn|yn_dydyn|dyn|gwrthdroi,43,welsh_transfer_ood
gwrthdroi,reverse,gwrthdroi,cy,3.736,mid,1020,periphrastic_past_1s,periphrastic,past,1s,1st,singular,,True,gwneud,gwnes,gwneuthum|gwnaes|gwnesaf,wrthdroi,gwrthdroi,gwnes|gwneuthum|gwnaes|gwnesaf|wrthdroi|gwrthdroi,43,welsh_transfer_ood
gwrthdroi,reverse,gwrthdroi,cy,3.736,mid,1020,periphrastic_past_2s,periphrastic,past,2s,2nd,singular,,True,gwneud,gwnêst,gwnaethost|gwnest,wrthdroi,gwrthdroi,gwnêst|gwnaethost|gwnest|wrthdroi|gwrthdroi,43,welsh_transfer_ood
gwrthdroi,reverse,gwrthdroi,cy,3.736,mid,1020,periphrastic_past_3s,periphrastic,past,3s,3rd,singular,,True,gwneud,nath,gwnaeth,wrthdroi,gwrthdroi,nath|gwnaeth|wrthdroi|gwrthdroi,43,welsh_transfer_ood
gwrthdroi,reverse,gwrthdroi,cy,3.736,mid,1020,periphrastic_past_1p,periphrastic,past,1p,1st,plural,,True,gwneud,gwnaethom,,wrthdroi,gwrthdroi,gwnaethom|wrthdroi|gwrthdroi,43,welsh_transfer_ood
gwrthdroi,reverse,gwrthdroi,cy,3.736,mid,1020,periphrastic_past_2p,periphrastic,past,2p,2nd,plural,,True,gwneud,gwnaethoch,gwnaesoch,wrthdroi,gwrthdroi,gwnaethoch|gwnaesoch|wrthdroi|gwrthdroi,43,welsh_transfer_ood
gwrthdroi,reverse,gwrthdroi,cy,3.736,mid,1020,periphrastic_past_3p,periphrastic,past,3p,3rd,plural,,True,gwneud,gwnaethon,gwnaethant|naethon,wrthdroi,gwrthdroi,gwnaethon|gwnaethant|naethon|wrthdroi|gwrthdroi,43,welsh_transfer_ood
gwrthdroi,reverse,gwrthdroi,cy,3.736,mid,1020,periphrastic_imperfect_1s,periphrastic,imperfect,1s,1st,singular,yn,False,bod,roeddwn,oeddwn|o'n|oeddaf|yn_doeddwn,gwrthdroi,,roeddwn|oeddwn|o'n|oeddaf|yn_doeddwn|gwrthdroi,43,welsh_transfer_ood
gwrthdroi,reverse,gwrthdroi,cy,3.736,mid,1020,periphrastic_imperfect_2s,periphrastic,imperfect,2s,2nd,singular,yn,False,bod,oeddet,oeddit|roeddet|oedda|oedde,gwrthdroi,,oeddet|oeddit|roeddet|oedda|oedde|gwrthdroi,43,welsh_transfer_ood
gwrthdroi,reverse,gwrthdroi,cy,3.736,mid,1020,periphrastic_imperfect_3s,periphrastic,imperfect,3s,3rd,singular,yn,False,bod,roedd,oedd|ydoedd|yn_doedd,gwrthdroi,,roedd|oedd|ydoedd|yn_doedd|gwrthdroi,43,welsh_transfer_ood
gwrthdroi,reverse,gwrthdroi,cy,3.736,mid,1020,periphrastic_imperfect_1p,periphrastic,imperfect,1p,1st,plural,yn,False,bod,roeddem,oeddem|oeddan,gwrthdroi,,roeddem|oeddem|oeddan|gwrthdroi,43,welsh_transfer_ood
gwrthdroi,reverse,gwrthdroi,cy,3.736,mid,1020,periphrastic_imperfect_2p,periphrastic,imperfect,2p,2nd,plural,yn,False,bod,roeddech,oeddech|yn_doeddech,gwrthdroi,,roeddech|oeddech|yn_doeddech|gwrthdroi,43,welsh_transfer_ood
gwrthdroi,reverse,gwrthdroi,cy,3.736,mid,1020,periphrastic_imperfect_3p,periphrastic,imperfect,3p,3rd,plural,yn,False,bod,roedden,oeddent|oeddynt|yn_doedden,gwrthdroi,,roedden|oeddent|oeddynt|yn_doedden|gwrthdroi,43,welsh_transfer_ood
gwrthdroi,reverse,gwrthdroi,cy,3.736,mid,1020,periphrastic_future_1s,periphrastic,future,1s,1st,singular,yn,False,bod,byddaf,bydda,gwrthdroi,,byddaf|bydda|gwrthdroi,43,welsh_transfer_ood
gwrthdroi,reverse,gwrthdroi,cy,3.736,mid,1020,periphrastic_future_2s,periphrastic,future,2s,2nd,singular,yn,False,bod,byddi,,gwrthdroi,,byddi|gwrthdroi,43,welsh_transfer_ood
gwrthdroi,reverse,gwrthdroi,cy,3.736,mid,1020,periphrastic_future_3s,periphrastic,future,3s,3rd,singular,yn,False,bod,bydd,,gwrthdroi,,bydd|gwrthdroi,43,welsh_transfer_ood
gwrthdroi,reverse,gwrthdroi,cy,3.736,mid,1020,periphrastic_future_1p,periphrastic,future,1p,1st,plural,yn,False,bod,byddwn,,gwrthdroi,,byddwn|gwrthdroi,43,welsh_transfer_ood
gwrthdroi,reverse,gwrthdroi,cy,3.736,mid,1020,periphrastic_future_2p,periphrastic,future,2p,2nd,plural,yn,False,bod,byddwch,,gwrthdroi,,byddwch|gwrthdroi,43,welsh_transfer_ood
gwrthdroi,reverse,gwrthdroi,cy,3.736,mid,1020,periphrastic_future_3p,periphrastic,future,3p,3rd,plural,yn,False,bod,byddan,byddant,gwrthdroi,,byddan|byddant|gwrthdroi,43,welsh_transfer_ood
ymresymu,reason,ymresymu,cy,3.516,mid,1241,synthetic_present_1s,synthetic,present,1s,1st,singular,,False,,,,ymresymaf,,ymresymaf,43,welsh_transfer_ood
ymresymu,reason,ymresymu,cy,3.516,mid,1241,synthetic_present_2s,synthetic,present,2s,2nd,singular,,False,,,,ymresymi,,ymresymi,43,welsh_transfer_ood
ymresymu,reason,ymresymu,cy,3.516,mid,1241,synthetic_present_3s,synthetic,present,3s,3rd,singular,,False,,,,ymresyma,,ymresyma,43,welsh_transfer_ood
ymresymu,reason,ymresymu,cy,3.516,mid,1241,synthetic_present_1p,synthetic,present,1p,1st,plural,,False,,,,ymresymwn,,ymresymwn,43,welsh_transfer_ood
ymresymu,reason,ymresymu,cy,3.516,mid,1241,synthetic_present_2p,synthetic,present,2p,2nd,plural,,False,,,,ymresymwch,,ymresymwch,43,welsh_transfer_ood
ymresymu,reason,ymresymu,cy,3.516,mid,1241,synthetic_present_3p,synthetic,present,3p,3rd,plural,,False,,,,ymresyman,ymresymant,ymresyman|ymresymant,43,welsh_transfer_ood
ymresymu,reason,ymresymu,cy,3.516,mid,1241,synthetic_past_1s,synthetic,past,1s,1st,singular,,False,,,,ymresymais,,ymresymais,43,welsh_transfer_ood
ymresymu,reason,ymresymu,cy,3.516,mid,1241,synthetic_past_2s,synthetic,past,2s,2nd,singular,,False,,,,ymresymaist,,ymresymaist,43,welsh_transfer_ood
ymresymu,reason,ymresymu,cy,3.516,mid,1241,synthetic_past_3s,synthetic,past,3s,3rd,singular,,False,,,,ymresymodd,,ymresymodd,43,welsh_transfer_ood
ymresymu,reason,ymresymu,cy,3.516,mid,1241,synthetic_past_1p,synthetic,past,1p,1st,plural,,False,,,,ymresymon,ymresymasom|ymresymsom,ymresymon|ymresymasom|ymresymsom,43,welsh_transfer_ood
ymresymu,reason,ymresymu,cy,3.516,mid,1241,synthetic_past_2p,synthetic,past,2p,2nd,plural,,False,,,,ymresymoch,ymresymasoch|ymresymsoch,ymresymoch|ymresymasoch|ymresymsoch,43,welsh_transfer_ood
ymresymu,reason,ymresymu,cy,3.516,mid,1241,synthetic_past_3p,synthetic,past,3p,3rd,plural,,False,,,,ymresymon,ymresymasant|ymresymson,ymresymon|ymresymasant|ymresymson,43,welsh_transfer_ood
ymresymu,reason,ymresymu,cy,3.516,mid,1241,synthetic_imperfect_1s,synthetic,imperfect,1s,1st,singular,,False,,,,ymresymwn,,ymresymwn,43,welsh_transfer_ood
ymresymu,reason,ymresymu,cy,3.516,mid,1241,synthetic_imperfect_2s,synthetic,imperfect,2s,2nd,singular,,False,,,,ymresymet,ymresymit,ymresymet|ymresymit,43,welsh_transfer_ood
ymresymu,reason,ymresymu,cy,3.516,mid,1241,synthetic_imperfect_3s,synthetic,imperfect,3s,3rd,singular,,False,,,,ymresymai,,ymresymai,43,welsh_transfer_ood
ymresymu,reason,ymresymu,cy,3.516,mid,1241,synthetic_imperfect_1p,synthetic,imperfect,1p,1st,plural,,False,,,,ymresymem,,ymresymem,43,welsh_transfer_ood
ymresymu,reason,ymresymu,cy,3.516,mid,1241,synthetic_imperfect_2p,synthetic,imperfect,2p,2nd,plural,,False,,,,ymresymech,,ymresymech,43,welsh_transfer_ood
ymresymu,reason,ymresymu,cy,3.516,mid,1241,synthetic_imperfect_3p,synthetic,imperfect,3p,3rd,plural,,False,,,,ymresyment,,ymresyment,43,welsh_transfer_ood
ymresymu,reason,ymresymu,cy,3.516,mid,1241,periphrastic_present_1s,periphrastic,present,1s,1st,singular,yn,False,bod,rwyf,wyf|ydwyf|dw|ydw|rwy,ymresymu,,rwyf|wyf|ydwyf|dw|ydw|rwy|ymresymu,43,welsh_transfer_ood
ymresymu,reason,ymresymu,cy,3.516,mid,1241,periphrastic_present_2s,periphrastic,present,2s,2nd,singular,yn,False,bod,rwyt,wyt|ydwyt,ymresymu,,rwyt|wyt|ydwyt|ymresymu,43,welsh_transfer_ood
ymresymu,reason,ymresymu,cy,3.516,mid,1241,periphrastic_present_3s,periphrastic,present,3s,3rd,singular,yn,False,bod,mae,ydyw|yw|ydy|yn_dydy|ydi,ymresymu,,mae|ydyw|yw|ydy|yn_dydy|ydi|ymresymu,43,welsh_transfer_ood
ymresymu,reason,ymresymu,cy,3.516,mid,1241,periphrastic_present_1p,periphrastic,present,1p,1st,plural,yn,False,bod,rydym,ydym|ŷm|dan|ydan|yn_dydan,ymresymu,,rydym|ydym|ŷm|dan|ydan|yn_dydan|ymresymu,43,welsh_transfer_ood
ymresymu,reason,ymresymu,cy,3.516,mid,1241,periphrastic_present_2p,periphrastic,present,2p,2nd,plural,yn,False,bod,rydych,ych|ydych|dach|dych|ydach|yn_dydach,ymresymu,,rydych|ych|ydych|dach|dych|ydach|yn_dydach|ymresymu,43,welsh_transfer_ood
ymresymu,reason,ymresymu,cy,3.516,mid,1241,periphrastic_present_3p,periphrastic,present,3p,3rd,plural,yn,False,bod,maen,maent|rydyn|rydynt|ydynt|ŷnt|ydyn|yn_dydyn|dyn,ymresymu,,maen|maent|rydyn|rydynt|ydynt|ŷnt|ydyn|yn_dydyn|dyn|ymresymu,43,welsh_transfer_ood
ymresymu,reason,ymresymu,cy,3.516,mid,1241,periphrastic_past_1s,periphrastic,past,1s,1st,singular,,True,gwneud,gwnes,gwneuthum|gwnaes|gwnesaf,ymresymu,,gwnes|gwneuthum|gwnaes|gwnesaf|ymresymu,43,welsh_transfer_ood
ymresymu,reason,ymresymu,cy,3.516,mid,1241,periphrastic_past_2s,periphrastic,past,2s,2nd,singular,,True,gwneud,gwnêst,gwnaethost|gwnest,ymresymu,,gwnêst|gwnaethost|gwnest|ymresymu,43,welsh_transfer_ood
ymresymu,reason,ymresymu,cy,3.516,mid,1241,periphrastic_past_3s,periphrastic,past,3s,3rd,singular,,True,gwneud,nath,gwnaeth,ymresymu,,nath|gwnaeth|ymresymu,43,welsh_transfer_ood
ymresymu,reason,ymresymu,cy,3.516,mid,1241,periphrastic_past_1p,periphrastic,past,1p,1st,plural,,True,gwneud,gwnaethom,,ymresymu,,gwnaethom|ymresymu,43,welsh_transfer_ood
ymresymu,reason,ymresymu,cy,3.516,mid,1241,periphrastic_past_2p,periphrastic,past,2p,2nd,plural,,True,gwneud,gwnaethoch,gwnaesoch,ymresymu,,gwnaethoch|gwnaesoch|ymresymu,43,welsh_transfer_ood
ymresymu,reason,ymresymu,cy,3.516,mid,1241,periphrastic_past_3p,periphrastic,past,3p,3rd,plural,,True,gwneud,gwnaethon,gwnaethant|naethon,ymresymu,,gwnaethon|gwnaethant|naethon|ymresymu,43,welsh_transfer_ood
ymresymu,reason,ymresymu,cy,3.516,mid,1241,periphrastic_imperfect_1s,periphrastic,imperfect,1s,1st,singular,yn,False,bod,roeddwn,oeddwn|o'n|oeddaf|yn_doeddwn,ymresymu,,roeddwn|oeddwn|o'n|oeddaf|yn_doeddwn|ymresymu,43,welsh_transfer_ood
ymresymu,reason,ymresymu,cy,3.516,mid,1241,periphrastic_imperfect_2s,periphrastic,imperfect,2s,2nd,singular,yn,False,bod,oeddet,oeddit|roeddet|oedda|oedde,ymresymu,,oeddet|oeddit|roeddet|oedda|oedde|ymresymu,43,welsh_transfer_ood
ymresymu,reason,ymresymu,cy,3.516,mid,1241,periphrastic_imperfect_3s,periphrastic,imperfect,3s,3rd,singular,yn,False,bod,roedd,oedd|ydoedd|yn_doedd,ymresymu,,roedd|oedd|ydoedd|yn_doedd|ymresymu,43,welsh_transfer_ood
ymresymu,reason,ymresymu,cy,3.516,mid,1241,periphrastic_imperfect_1p,periphrastic,imperfect,1p,1st,plural,yn,False,bod,roeddem,oeddem|oeddan,ymresymu,,roeddem|oeddem|oeddan|ymresymu,43,welsh_transfer_ood
ymresymu,reason,ymresymu,cy,3.516,mid,1241,periphrastic_imperfect_2p,periphrastic,imperfect,2p,2nd,plural,yn,False,bod,roeddech,oeddech|yn_doeddech,ymresymu,,roeddech|oeddech|yn_doeddech|ymresymu,43,welsh_transfer_ood
ymresymu,reason,ymresymu,cy,3.516,mid,1241,periphrastic_imperfect_3p,periphrastic,imperfect,3p,3rd,plural,yn,False,bod,roedden,oeddent|oeddynt|yn_doedden,ymresymu,,roedden|oeddent|oeddynt|yn_doedden|ymresymu,43,welsh_transfer_ood
ymresymu,reason,ymresymu,cy,3.516,mid,1241,periphrastic_future_1s,periphrastic,future,1s,1st,singular,yn,False,bod,byddaf,bydda,ymresymu,,byddaf|bydda|ymresymu,43,welsh_transfer_ood
ymresymu,reason,ymresymu,cy,3.516,mid,1241,periphrastic_future_2s,periphrastic,future,2s,2nd,singular,yn,False,bod,byddi,,ymresymu,,byddi|ymresymu,43,welsh_transfer_ood
ymresymu,reason,ymresymu,cy,3.516,mid,1241,periphrastic_future_3s,periphrastic,future,3s,3rd,singular,yn,False,bod,bydd,,ymresymu,,bydd|ymresymu,43,welsh_transfer_ood
ymresymu,reason,ymresymu,cy,3.516,mid,1241,periphrastic_future_1p,periphrastic,future,1p,1st,plural,yn,False,bod,byddwn,,ymresymu,,byddwn|ymresymu,43,welsh_transfer_ood
ymresymu,reason,ymresymu,cy,3.516,mid,1241,periphrastic_future_2p,periphrastic,future,2p,2nd,plural,yn,False,bod,byddwch,,ymresymu,,byddwch|ymresymu,43,welsh_transfer_ood
ymresymu,reason,ymresymu,cy,3.516,mid,1241,periphrastic_future_3p,periphrastic,future,3p,3rd,plural,yn,False,bod,byddan,byddant,ymresymu,,byddan|byddant|ymresymu,43,welsh_transfer_ood
cyplysu,couple,cyplysu,cy,3.477,mid,1264,synthetic_present_1s,synthetic,present,1s,1st,singular,,False,,,,cyplysaf,,cyplysaf,43,welsh_transfer_ood
cyplysu,couple,cyplysu,cy,3.477,mid,1264,synthetic_present_2s,synthetic,present,2s,2nd,singular,,False,,,,cyplysi,,cyplysi,43,welsh_transfer_ood
cyplysu,couple,cyplysu,cy,3.477,mid,1264,synthetic_present_3s,synthetic,present,3s,3rd,singular,,False,,,,cyplysa,,cyplysa,43,welsh_transfer_ood
cyplysu,couple,cyplysu,cy,3.477,mid,1264,synthetic_present_1p,synthetic,present,1p,1st,plural,,False,,,,cyplyswn,,cyplyswn,43,welsh_transfer_ood
cyplysu,couple,cyplysu,cy,3.477,mid,1264,synthetic_present_2p,synthetic,present,2p,2nd,plural,,False,,,,cyplyswch,,cyplyswch,43,welsh_transfer_ood
cyplysu,couple,cyplysu,cy,3.477,mid,1264,synthetic_present_3p,synthetic,present,3p,3rd,plural,,False,,,,cyplysan,cyplysant,cyplysan|cyplysant,43,welsh_transfer_ood
cyplysu,couple,cyplysu,cy,3.477,mid,1264,synthetic_past_1s,synthetic,past,1s,1st,singular,,False,,,,cyplysais,,cyplysais,43,welsh_transfer_ood
cyplysu,couple,cyplysu,cy,3.477,mid,1264,synthetic_past_2s,synthetic,past,2s,2nd,singular,,False,,,,cyplysaist,,cyplysaist,43,welsh_transfer_ood
cyplysu,couple,cyplysu,cy,3.477,mid,1264,synthetic_past_3s,synthetic,past,3s,3rd,singular,,False,,,,cyplysodd,,cyplysodd,43,welsh_transfer_ood
cyplysu,couple,cyplysu,cy,3.477,mid,1264,synthetic_past_1p,synthetic,past,1p,1st,plural,,False,,,,cyplyson,cyplysasom|cyplyssom,cyplyson|cyplysasom|cyplyssom,43,welsh_transfer_ood
cyplysu,couple,cyplysu,cy,3.477,mid,1264,synthetic_past_2p,synthetic,past,2p,2nd,plural,,False,,,,cyplysoch,cyplysasoch|cyplyssoch,cyplysoch|cyplysasoch|cyplyssoch,43,welsh_transfer_ood
cyplysu,couple,cyplysu,cy,3.477,mid,1264,synthetic_past_3p,synthetic,past,3p,3rd,plural,,False,,,,cyplyson,cyplysasant|cyplysson,cyplyson|cyplysasant|cyplysson,43,welsh_transfer_ood
cyplysu,couple,cyplysu,cy,3.477,mid,1264,synthetic_imperfect_1s,synthetic,imperfect,1s,1st,singular,,False,,,,cyplyswn,,cyplyswn,43,welsh_transfer_ood
cyplysu,couple,cyplysu,cy,3.477,mid,1264,synthetic_imperfect_2s,synthetic,imperfect,2s,2nd,singular,,False,,,,cyplyset,cyplysit,cyplyset|cyplysit,43,welsh_transfer_ood
cyplysu,couple,cyplysu,cy,3.477,mid,1264,synthetic_imperfect_3s,synthetic,imperfect,3s,3rd,singular,,False,,,,cyplysai,,cyplysai,43,welsh_transfer_ood
cyplysu,couple,cyplysu,cy,3.477,mid,1264,synthetic_imperfect_1p,synthetic,imperfect,1p,1st,plural,,False,,,,cyplysem,,cyplysem,43,welsh_transfer_ood
cyplysu,couple,cyplysu,cy,3.477,mid,1264,synthetic_imperfect_2p,synthetic,imperfect,2p,2nd,plural,,False,,,,cyplysech,,cyplysech,43,welsh_transfer_ood
cyplysu,couple,cyplysu,cy,3.477,mid,1264,synthetic_imperfect_3p,synthetic,imperfect,3p,3rd,plural,,False,,,,cyplysent,,cyplysent,43,welsh_transfer_ood
cyplysu,couple,cyplysu,cy,3.477,mid,1264,periphrastic_present_1s,periphrastic,present,1s,1st,singular,yn,False,bod,rwyf,wyf|ydwyf|dw|ydw|rwy,cyplysu,,rwyf|wyf|ydwyf|dw|ydw|rwy|cyplysu,43,welsh_transfer_ood
cyplysu,couple,cyplysu,cy,3.477,mid,1264,periphrastic_present_2s,periphrastic,present,2s,2nd,singular,yn,False,bod,rwyt,wyt|ydwyt,cyplysu,,rwyt|wyt|ydwyt|cyplysu,43,welsh_transfer_ood
cyplysu,couple,cyplysu,cy,3.477,mid,1264,periphrastic_present_3s,periphrastic,present,3s,3rd,singular,yn,False,bod,mae,ydyw|yw|ydy|yn_dydy|ydi,cyplysu,,mae|ydyw|yw|ydy|yn_dydy|ydi|cyplysu,43,welsh_transfer_ood
cyplysu,couple,cyplysu,cy,3.477,mid,1264,periphrastic_present_1p,periphrastic,present,1p,1st,plural,yn,False,bod,rydym,ydym|ŷm|dan|ydan|yn_dydan,cyplysu,,rydym|ydym|ŷm|dan|ydan|yn_dydan|cyplysu,43,welsh_transfer_ood
cyplysu,couple,cyplysu,cy,3.477,mid,1264,periphrastic_present_2p,periphrastic,present,2p,2nd,plural,yn,False,bod,rydych,ych|ydych|dach|dych|ydach|yn_dydach,cyplysu,,rydych|ych|ydych|dach|dych|ydach|yn_dydach|cyplysu,43,welsh_transfer_ood
cyplysu,couple,cyplysu,cy,3.477,mid,1264,periphrastic_present_3p,periphrastic,present,3p,3rd,plural,yn,False,bod,maen,maent|rydyn|rydynt|ydynt|ŷnt|ydyn|yn_dydyn|dyn,cyplysu,,maen|maent|rydyn|rydynt|ydynt|ŷnt|ydyn|yn_dydyn|dyn|cyplysu,43,welsh_transfer_ood
cyplysu,couple,cyplysu,cy,3.477,mid,1264,periphrastic_past_1s,periphrastic,past,1s,1st,singular,,True,gwneud,gwnes,gwneuthum|gwnaes|gwnesaf,gyplysu,cyplysu,gwnes|gwneuthum|gwnaes|gwnesaf|gyplysu|cyplysu,43,welsh_transfer_ood
cyplysu,couple,cyplysu,cy,3.477,mid,1264,periphrastic_past_2s,periphrastic,past,2s,2nd,singular,,True,gwneud,gwnêst,gwnaethost|gwnest,gyplysu,cyplysu,gwnêst|gwnaethost|gwnest|gyplysu|cyplysu,43,welsh_transfer_ood
cyplysu,couple,cyplysu,cy,3.477,mid,1264,periphrastic_past_3s,periphrastic,past,3s,3rd,singular,,True,gwneud,nath,gwnaeth,gyplysu,cyplysu,nath|gwnaeth|gyplysu|cyplysu,43,welsh_transfer_ood
cyplysu,couple,cyplysu,cy,3.477,mid,1264,periphrastic_past_1p,periphrastic,past,1p,1st,plural,,True,gwneud,gwnaethom,,gyplysu,cyplysu,gwnaethom|gyplysu|cyplysu,43,welsh_transfer_ood
cyplysu,couple,cyplysu,cy,3.477,mid,1264,periphrastic_past_2p,periphrastic,past,2p,2nd,plural,,True,gwneud,gwnaethoch,gwnaesoch,gyplysu,cyplysu,gwnaethoch|gwnaesoch|gyplysu|cyplysu,43,welsh_transfer_ood
cyplysu,couple,cyplysu,cy,3.477,mid,1264,periphrastic_past_3p,periphrastic,past,3p,3rd,plural,,True,gwneud,gwnaethon,gwnaethant|naethon,gyplysu,cyplysu,gwnaethon|gwnaethant|naethon|gyplysu|cyplysu,43,welsh_transfer_ood
cyplysu,couple,cyplysu,cy,3.477,mid,1264,periphrastic_imperfect_1s,periphrastic,imperfect,1s,1st,singular,yn,False,bod,roeddwn,oeddwn|o'n|oeddaf|yn_doeddwn,cyplysu,,roeddwn|oeddwn|o'n|oeddaf|yn_doeddwn|cyplysu,43,welsh_transfer_ood
cyplysu,couple,cyplysu,cy,3.477,mid,1264,periphrastic_imperfect_2s,periphrastic,imperfect,2s,2nd,singular,yn,False,bod,oeddet,oeddit|roeddet|oedda|oedde,cyplysu,,oeddet|oeddit|roeddet|oedda|oedde|cyplysu,43,welsh_transfer_ood
cyplysu,couple,cyplysu,cy,3.477,mid,1264,periphrastic_imperfect_3s,periphrastic,imperfect,3s,3rd,singular,yn,False,bod,roedd,oedd|ydoedd|yn_doedd,cyplysu,,roedd|oedd|ydoedd|yn_doedd|cyplysu,43,welsh_transfer_ood
cyplysu,couple,cyplysu,cy,3.477,mid,1264,periphrastic_imperfect_1p,periphrastic,imperfect,1p,1st,plural,yn,False,bod,roeddem,oeddem|oeddan,cyplysu,,roeddem|oeddem|oeddan|cyplysu,43,welsh_transfer_ood
cyplysu,couple,cyplysu,cy,3.477,mid,1264,periphrastic_imperfect_2p,periphrastic,imperfect,2p,2nd,plural,yn,False,bod,roeddech,oeddech|yn_doeddech,cyplysu,,roeddech|oeddech|yn_doeddech|cyplysu,43,welsh_transfer_ood
cyplysu,couple,cyplysu,cy,3.477,mid,1264,periphrastic_imperfect_3p,periphrastic,imperfect,3p,3rd,plural,yn,False,bod,roedden,oeddent|oeddynt|yn_doedden,cyplysu,,roedden|oeddent|oeddynt|yn_doedden|cyplysu,43,welsh_transfer_ood
cyplysu,couple,cyplysu,cy,3.477,mid,1264,periphrastic_future_1s,periphrastic,future,1s,1st,singular,yn,False,bod,byddaf,bydda,cyplysu,,byddaf|bydda|cyplysu,43,welsh_transfer_ood
cyplysu,couple,cyplysu,cy,3.477,mid,1264,periphrastic_future_2s,periphrastic,future,2s,2nd,singular,yn,False,bod,byddi,,cyplysu,,byddi|cyplysu,43,welsh_transfer_ood
cyplysu,couple,cyplysu,cy,3.477,mid,1264,periphrastic_future_3s,periphrastic,future,3s,3rd,singular,yn,False,bod,bydd,,cyplysu,,bydd|cyplysu,43,welsh_transfer_ood
cyplysu,couple,cyplysu,cy,3.477,mid,1264,periphrastic_future_1p,periphrastic,future,1p,1st,plural,yn,False,bod,byddwn,,cyplysu,,byddwn|cyplysu,43,welsh_transfer_ood
cyplysu,couple,cyplysu,cy,3.477,mid,1264,periphrastic_future_2p,periphrastic,future,2p,2nd,plural,yn,False,bod,byddwch,,cyplysu,,byddwch|cyplysu,43,welsh_transfer_ood
cyplysu,couple,cyplysu,cy,3.477,mid,1264,periphrastic_future_3p,periphrastic,future,3p,3rd,plural,yn,False,bod,byddan,byddant,cyplysu,,byddan|byddant|cyplysu,43,welsh_transfer_ood
arallgyfeirio,redirect,arallgyfeirio,cy,3.435,mid,1306,synthetic_present_1s,synthetic,present,1s,1st,singular,,False,,,,arallgyfeiriaf,,arallgyfeiriaf,43,welsh_transfer_ood
arallgyfeirio,redirect,arallgyfeirio,cy,3.435,mid,1306,synthetic_present_2s,synthetic,present,2s,2nd,singular,,False,,,,arallgyfeiri,,arallgyfeiri,43,welsh_transfer_ood
arallgyfeirio,redirect,arallgyfeirio,cy,3.435,mid,1306,synthetic_present_3s,synthetic,present,3s,3rd,singular,,False,,,,arallgyfeiria,,arallgyfeiria,43,welsh_transfer_ood
arallgyfeirio,redirect,arallgyfeirio,cy,3.435,mid,1306,synthetic_present_1p,synthetic,present,1p,1st,plural,,False,,,,arallgyfeiriwn,,arallgyfeiriwn,43,welsh_transfer_ood
arallgyfeirio,redirect,arallgyfeirio,cy,3.435,mid,1306,synthetic_present_2p,synthetic,present,2p,2nd,plural,,False,,,,arallgyfeiriwch,,arallgyfeiriwch,43,welsh_transfer_ood
arallgyfeirio,redirect,arallgyfeirio,cy,3.435,mid,1306,synthetic_present_3p,synthetic,present,3p,3rd,plural,,False,,,,arallgyfeirian,arallgyfeiriant,arallgyfeirian|arallgyfeiriant,43,welsh_transfer_ood
arallgyfeirio,redirect,arallgyfeirio,cy,3.435,mid,1306,synthetic_past_1s,synthetic,past,1s,1st,singular,,False,,,,arallgyfeiriais,,arallgyfeiriais,43,welsh_transfer_ood
arallgyfeirio,redirect,arallgyfeirio,cy,3.435,mid,1306,synthetic_past_2s,synthetic,past,2s,2nd,singular,,False,,,,arallgyfeiriaist,,arallgyfeiriaist,43,welsh_transfer_ood
arallgyfeirio,redirect,arallgyfeirio,cy,3.435,mid,1306,synthetic_past_3s,synthetic,past,3s,3rd,singular,,False,,,,arallgyfeiriodd,,arallgyfeiriodd,43,welsh_transfer_ood
arallgyfeirio,redirect,arallgyfeirio,cy,3.435,mid,1306,synthetic_past_1p,synthetic,past,1p,1st,plural,,False,,,,arallgyfeirion,arallgyfeiriasom,arallgyfeirion|arallgyfeiriasom,43,welsh_transfer_ood
arallgyfeirio,redirect,arallgyfeirio,cy,3.435,mid,1306,synthetic_past_2p,synthetic,past,2p,2nd,plural,,False,,,,arallgyfeirioch,arallgyfeiriasoch,arallgyfeirioch|arallgyfeiriasoch,43,welsh_transfer_ood
arallgyfeirio,redirect,arallgyfeirio,cy,3.435,mid,1306,synthetic_past_3p,synthetic,past,3p,3rd,plural,,False,,,,arallgyfeirion,arallgyfeiriasant,arallgyfeirion|arallgyfeiriasant,43,welsh_transfer_ood
arallgyfeirio,redirect,arallgyfeirio,cy,3.435,mid,1306,synthetic_imperfect_1s,synthetic,imperfect,1s,1st,singular,,False,,,,arallgyfeiriwn,,arallgyfeiriwn,43,welsh_transfer_ood
arallgyfeirio,redirect,arallgyfeirio,cy,3.435,mid,1306,synthetic_imperfect_2s,synthetic,imperfect,2s,2nd,singular,,False,,,,arallgyfeiriet,arallgyfeirit,arallgyfeiriet|arallgyfeirit,43,welsh_transfer_ood
arallgyfeirio,redirect,arallgyfeirio,cy,3.435,mid,1306,synthetic_imperfect_3s,synthetic,imperfect,3s,3rd,singular,,False,,,,arallgyfeiriai,,arallgyfeiriai,43,welsh_transfer_ood
arallgyfeirio,redirect,arallgyfeirio,cy,3.435,mid,1306,synthetic_imperfect_1p,synthetic,imperfect,1p,1st,plural,,False,,,,arallgyfeiriem,,arallgyfeiriem,43,welsh_transfer_ood
arallgyfeirio,redirect,arallgyfeirio,cy,3.435,mid,1306,synthetic_imperfect_2p,synthetic,imperfect,2p,2nd,plural,,False,,,,arallgyfeiriech,,arallgyfeiriech,43,welsh_transfer_ood
arallgyfeirio,redirect,arallgyfeirio,cy,3.435,mid,1306,synthetic_imperfect_3p,synthetic,imperfect,3p,3rd,plural,,False,,,,arallgyfeirient,,arallgyfeirient,43,welsh_transfer_ood
arallgyfeirio,redirect,arallgyfeirio,cy,3.435,mid,1306,periphrastic_present_1s,periphrastic,present,1s,1st,singular,yn,False,bod,rwyf,wyf|ydwyf|dw|ydw|rwy,arallgyfeirio,,rwyf|wyf|ydwyf|dw|ydw|rwy|arallgyfeirio,43,welsh_transfer_ood
arallgyfeirio,redirect,arallgyfeirio,cy,3.435,mid,1306,periphrastic_present_2s,periphrastic,present,2s,2nd,singular,yn,False,bod,rwyt,wyt|ydwyt,arallgyfeirio,,rwyt|wyt|ydwyt|arallgyfeirio,43,welsh_transfer_ood
arallgyfeirio,redirect,arallgyfeirio,cy,3.435,mid,1306,periphrastic_present_3s,periphrastic,present,3s,3rd,singular,yn,False,bod,mae,ydyw|yw|ydy|yn_dydy|ydi,arallgyfeirio,,mae|ydyw|yw|ydy|yn_dydy|ydi|arallgyfeirio,43,welsh_transfer_ood
arallgyfeirio,redirect,arallgyfeirio,cy,3.435,mid,1306,periphrastic_present_1p,periphrastic,present,1p,1st,plural,yn,False,bod,rydym,ydym|ŷm|dan|ydan|yn_dydan,arallgyfeirio,,rydym|ydym|ŷm|dan|ydan|yn_dydan|arallgyfeirio,43,welsh_transfer_ood
arallgyfeirio,redirect,arallgyfeirio,cy,3.435,mid,1306,periphrastic_present_2p,periphrastic,present,2p,2nd,plural,yn,False,bod,rydych,ych|ydych|dach|dych|ydach|yn_dydach,arallgyfeirio,,rydych|ych|ydych|dach|dych|ydach|yn_dydach|arallgyfeirio,43,welsh_transfer_ood
arallgyfeirio,redirect,arallgyfeirio,cy,3.435,mid,1306,periphrastic_present_3p,periphrastic,present,3p,3rd,plural,yn,False,bod,maen,maent|rydyn|rydynt|ydynt|ŷnt|ydyn|yn_dydyn|dyn,arallgyfeirio,,maen|maent|rydyn|rydynt|ydynt|ŷnt|ydyn|yn_dydyn|dyn|arallgyfeirio,43,welsh_transfer_ood
arallgyfeirio,redirect,arallgyfeirio,cy,3.435,mid,1306,periphrastic_past_1s,periphrastic,past,1s,1st,singular,,True,gwneud,gwnes,gwneuthum|gwnaes|gwnesaf,arallgyfeirio,,gwnes|gwneuthum|gwnaes|gwnesaf|arallgyfeirio,43,welsh_transfer_ood
arallgyfeirio,redirect,arallgyfeirio,cy,3.435,mid,1306,periphrastic_past_2s,periphrastic,past,2s,2nd,singular,,True,gwneud,gwnêst,gwnaethost|gwnest,arallgyfeirio,,gwnêst|gwnaethost|gwnest|arallgyfeirio,43,welsh_transfer_ood
arallgyfeirio,redirect,arallgyfeirio,cy,3.435,mid,1306,periphrastic_past_3s,periphrastic,past,3s,3rd,singular,,True,gwneud,nath,gwnaeth,arallgyfeirio,,nath|gwnaeth|arallgyfeirio,43,welsh_transfer_ood
arallgyfeirio,redirect,arallgyfeirio,cy,3.435,mid,1306,periphrastic_past_1p,periphrastic,past,1p,1st,plural,,True,gwneud,gwnaethom,,arallgyfeirio,,gwnaethom|arallgyfeirio,43,welsh_transfer_ood
arallgyfeirio,redirect,arallgyfeirio,cy,3.435,mid,1306,periphrastic_past_2p,periphrastic,past,2p,2nd,plural,,True,gwneud,gwnaethoch,gwnaesoch,arallgyfeirio,,gwnaethoch|gwnaesoch|arallgyfeirio,43,welsh_transfer_ood
arallgyfeirio,redirect,arallgyfeirio,cy,3.435,mid,1306,periphrastic_past_3p,periphrastic,past,3p,3rd,plural,,True,gwneud,gwnaethon,gwnaethant|naethon,arallgyfeirio,,gwnaethon|gwnaethant|naethon|arallgyfeirio,43,welsh_transfer_ood
arallgyfeirio,redirect,arallgyfeirio,cy,3.435,mid,1306,periphrastic_imperfect_1s,periphrastic,imperfect,1s,1st,singular,yn,False,bod,roeddwn,oeddwn|o'n|oeddaf|yn_doeddwn,arallgyfeirio,,roeddwn|oeddwn|o'n|oeddaf|yn_doeddwn|arallgyfeirio,43,welsh_transfer_ood
arallgyfeirio,redirect,arallgyfeirio,cy,3.435,mid,1306,periphrastic_imperfect_2s,periphrastic,imperfect,2s,2nd,singular,yn,False,bod,oeddet,oeddit|roeddet|oedda|oedde,arallgyfeirio,,oeddet|oeddit|roeddet|oedda|oedde|arallgyfeirio,43,welsh_transfer_ood
arallgyfeirio,redirect,arallgyfeirio,cy,3.435,mid,1306,periphrastic_imperfect_3s,periphrastic,imperfect,3s,3rd,singular,yn,False,bod,roedd,oedd|ydoedd|yn_doedd,arallgyfeirio,,roedd|oedd|ydoedd|yn_doedd|arallgyfeirio,43,welsh_transfer_ood
arallgyfeirio,redirect,arallgyfeirio,cy,3.435,mid,1306,periphrastic_imperfect_1p,periphrastic,imperfect,1p,1st,plural,yn,False,bod,roeddem,oeddem|oeddan,arallgyfeirio,,roeddem|oeddem|oeddan|arallgyfeirio,43,welsh_transfer_ood
arallgyfeirio,redirect,arallgyfeirio,cy,3.435,mid,1306,periphrastic_imperfect_2p,periphrastic,imperfect,2p,2nd,plural,yn,False,bod,roeddech,oeddech|yn_doeddech,arallgyfeirio,,roeddech|oeddech|yn_doeddech|arallgyfeirio,43,welsh_transfer_ood
arallgyfeirio,redirect,arallgyfeirio,cy,3.435,mid,1306,periphrastic_imperfect_3p,periphrastic,imperfect,3p,3rd,plural,yn,False,bod,roedden,oeddent|oeddynt|yn_doedden,arallgyfeirio,,roedden|oeddent|oeddynt|yn_doedden|arallgyfeirio,43,welsh_transfer_ood
arallgyfeirio,redirect,arallgyfeirio,cy,3.435,mid,1306,periphrastic_future_1s,periphrastic,future,1s,1st,singular,yn,False,bod,byddaf,bydda,arallgyfeirio,,byddaf|bydda|arallgyfeirio,43,welsh_transfer_ood
arallgyfeirio,redirect,arallgyfeirio,cy,3.435,mid,1306,periphrastic_future_2s,periphrastic,future,2s,2nd,singular,yn,False,bod,byddi,,arallgyfeirio,,byddi|arallgyfeirio,43,welsh_transfer_ood
arallgyfeirio,redirect,arallgyfeirio,cy,3.435,mid,1306,periphrastic_future_3s,periphrastic,future,3s,3rd,singular,yn,False,bod,bydd,,arallgyfeirio,,bydd|arallgyfeirio,43,welsh_transfer_ood
arallgyfeirio,redirect,arallgyfeirio,cy,3.435,mid,1306,periphrastic_future_1p,periphrastic,future,1p,1st,plural,yn,False,bod,byddwn,,arallgyfeirio,,byddwn|arallgyfeirio,43,welsh_transfer_ood
arallgyfeirio,redirect,arallgyfeirio,cy,3.435,mid,1306,periphrastic_future_2p,periphrastic,future,2p,2nd,plural,yn,False,bod,byddwch,,arallgyfeirio,,byddwch|arallgyfeirio,43,welsh_transfer_ood
arallgyfeirio,redirect,arallgyfeirio,cy,3.435,mid,1306,periphrastic_future_3p,periphrastic,future,3p,3rd,plural,yn,False,bod,byddan,byddant,arallgyfeirio,,byddan|byddant|arallgyfeirio,43,welsh_transfer_ood
chwyldroi,revolve,chwyldroi,cy,3.435,mid,1308,synthetic_present_1s,synthetic,present,1s,1st,singular,,False,,,,chwyldrof,,chwyldrof,43,welsh_transfer_ood
chwyldroi,revolve,chwyldroi,cy,3.435,mid,1308,synthetic_present_2s,synthetic,present,2s,2nd,singular,,False,,,,chwyldroi,,chwyldroi,43,welsh_transfer_ood
chwyldroi,revolve,chwyldroi,cy,3.435,mid,1308,synthetic_present_3s,synthetic,present,3s,3rd,singular,,False,,,,chwyldry,,chwyldry,43,welsh_transfer_ood
chwyldroi,revolve,chwyldroi,cy,3.435,mid,1308,synthetic_present_1p,synthetic,present,1p,1st,plural,,False,,,,chwyldrown,,chwyldrown,43,welsh_transfer_ood
chwyldroi,revolve,chwyldroi,cy,3.435,mid,1308,synthetic_present_2p,synthetic,present,2p,2nd,plural,,False,,,,chwyldrowch,,chwyldrowch,43,welsh_transfer_ood
chwyldroi,revolve,chwyldroi,cy,3.435,mid,1308,synthetic_present_3p,synthetic,present,3p,3rd,plural,,False,,,,chwyldrôn,chwyldrônt,chwyldrôn|chwyldrônt,43,welsh_transfer_ood
chwyldroi,revolve,chwyldroi,cy,3.435,mid,1308,synthetic_past_1s,synthetic,past,1s,1st,singular,,False,,,,chwyldrois,,chwyldrois,43,welsh_transfer_ood
chwyldroi,revolve,chwyldroi,cy,3.435,mid,1308,synthetic_past_2s,synthetic,past,2s,2nd,singular,,False,,,,chwyldroist,,chwyldroist,43,welsh_transfer_ood
chwyldroi,revolve,chwyldroi,cy,3.435,mid,1308,synthetic_past_3s,synthetic,past,3s,3rd,singular,,False,,,,chwyldrodd,,chwyldrodd,43,welsh_transfer_ood
chwyldroi,revolve,chwyldroi,cy,3.435,mid,1308,synthetic_past_1p,synthetic,past,1p,1st,plural,,False,,,,chwyldroeon,chwyldroesom,chwyldroeon|chwyldroesom,43,welsh_transfer_ood
chwyldroi,revolve,chwyldroi,cy,3.435,mid,1308,synthetic_past_2p,synthetic,past,2p,2nd,plural,,False,,,,chwyldroeoch,chwyldroesoch,chwyldroeoch|chwyldroesoch,43,welsh_transfer_ood
chwyldroi,revolve,chwyldroi,cy,3.435,mid,1308,synthetic_past_3p,synthetic,past,3p,3rd,plural,,False,,,,chwyldroeon,chwyldroesant,chwyldroeon|chwyldroesant,43,welsh_transfer_ood
chwyldroi,revolve,chwyldroi,cy,3.435,mid,1308,synthetic_imperfect_1s,synthetic,imperfect,1s,1st,singular,,False,,,,chwyldrown,,chwyldrown,43,welsh_transfer_ood
chwyldroi,revolve,chwyldroi,cy,3.435,mid,1308,synthetic_imperfect_2s,synthetic,imperfect,2s,2nd,singular,,False,,,,chwyldroet,chwyldroit,chwyldroet|chwyldroit,43,welsh_transfer_ood
chwyldroi,revolve,chwyldroi,cy,3.435,mid,1308,synthetic_imperfect_3s,synthetic,imperfect,3s,3rd,singular,,False,,,,chwyldrôi,,chwyldrôi,43,welsh_transfer_ood
chwyldroi,revolve,chwyldroi,cy,3.435,mid,1308,synthetic_imperfect_1p,synthetic,imperfect,1p,1st,plural,,False,,,,chwyldroem,,chwyldroem,43,welsh_transfer_ood
chwyldroi,revolve,chwyldroi,cy,3.435,mid,1308,synthetic_imperfect_2p,synthetic,imperfect,2p,2nd,plural,,False,,,,chwyldroech,,chwyldroech,43,welsh_transfer_ood
chwyldroi,revolve,chwyldroi,cy,3.435,mid,1308,synthetic_imperfect_3p,synthetic,imperfect,3p,3rd,plural,,False,,,,chwyldroent,,chwyldroent,43,welsh_transfer_ood
chwyldroi,revolve,chwyldroi,cy,3.435,mid,1308,periphrastic_present_1s,periphrastic,present,1s,1st,singular,yn,False,bod,rwyf,wyf|ydwyf|dw|ydw|rwy,chwyldroi,,rwyf|wyf|ydwyf|dw|ydw|rwy|chwyldroi,43,welsh_transfer_ood
chwyldroi,revolve,chwyldroi,cy,3.435,mid,1308,periphrastic_present_2s,periphrastic,present,2s,2nd,singular,yn,False,bod,rwyt,wyt|ydwyt,chwyldroi,,rwyt|wyt|ydwyt|chwyldroi,43,welsh_transfer_ood
chwyldroi,revolve,chwyldroi,cy,3.435,mid,1308,periphrastic_present_3s,periphrastic,present,3s,3rd,singular,yn,False,bod,mae,ydyw|yw|ydy|yn_dydy|ydi,chwyldroi,,mae|ydyw|yw|ydy|yn_dydy|ydi|chwyldroi,43,welsh_transfer_ood
chwyldroi,revolve,chwyldroi,cy,3.435,mid,1308,periphrastic_present_1p,periphrastic,present,1p,1st,plural,yn,False,bod,rydym,ydym|ŷm|dan|ydan|yn_dydan,chwyldroi,,rydym|ydym|ŷm|dan|ydan|yn_dydan|chwyldroi,43,welsh_transfer_ood
chwyldroi,revolve,chwyldroi,cy,3.435,mid,1308,periphrastic_present_2p,periphrastic,present,2p,2nd,plural,yn,False,bod,rydych,ych|ydych|dach|dych|ydach|yn_dydach,chwyldroi,,rydych|ych|ydych|dach|dych|ydach|yn_dydach|chwyldroi,43,welsh_transfer_ood
chwyldroi,revolve,chwyldroi,cy,3.435,mid,1308,periphrastic_present_3p,periphrastic,present,3p,3rd,plural,yn,False,bod,maen,maent|rydyn|rydynt|ydynt|ŷnt|ydyn|yn_dydyn|dyn,chwyldroi,,maen|maent|rydyn|rydynt|ydynt|ŷnt|ydyn|yn_dydyn|dyn|chwyldroi,43,welsh_transfer_ood
chwyldroi,revolve,chwyldroi,cy,3.435,mid,1308,periphrastic_past_1s,periphrastic,past,1s,1st,singular,,True,gwneud,gwnes,gwneuthum|gwnaes|gwnesaf,chwyldroi,,gwnes|gwneuthum|gwnaes|gwnesaf|chwyldroi,43,welsh_transfer_ood
chwyldroi,revolve,chwyldroi,cy,3.435,mid,1308,periphrastic_past_2s,periphrastic,past,2s,2nd,singular,,True,gwneud,gwnêst,gwnaethost|gwnest,chwyldroi,,gwnêst|gwnaethost|gwnest|chwyldroi,43,welsh_transfer_ood
chwyldroi,revolve,chwyldroi,cy,3.435,mid,1308,periphrastic_past_3s,periphrastic,past,3s,3rd,singular,,True,gwneud,nath,gwnaeth,chwyldroi,,nath|gwnaeth|chwyldroi,43,welsh_transfer_ood
chwyldroi,revolve,chwyldroi,cy,3.435,mid,1308,periphrastic_past_1p,periphrastic,past,1p,1st,plural,,True,gwneud,gwnaethom,,chwyldroi,,gwnaethom|chwyldroi,43,welsh_transfer_ood
chwyldroi,revolve,chwyldroi,cy,3.435,mid,1308,periphrastic_past_2p,periphrastic,past,2p,2nd,plural,,True,gwneud,gwnaethoch,gwnaesoch,chwyldroi,,gwnaethoch|gwnaesoch|chwyldroi,43,welsh_transfer_ood
chwyldroi,revolve,chwyldroi,cy,3.435,mid,1308,periphrastic_past_3p,periphrastic,past,3p,3rd,plural,,True,gwneud,gwnaethon,gwnaethant|naethon,chwyldroi,,gwnaethon|gwnaethant|naethon|chwyldroi,43,welsh_transfer_ood
chwyldroi,revolve,chwyldroi,cy,3.435,mid,1308,periphrastic_imperfect_1s,periphrastic,imperfect,1s,1st,singular,yn,False,bod,roeddwn,oeddwn|o'n|oeddaf|yn_doeddwn,chwyldroi,,roeddwn|oeddwn|o'n|oeddaf|yn_doeddwn|chwyldroi,43,welsh_transfer_ood
chwyldroi,revolve,chwyldroi,cy,3.435,mid,1308,periphrastic_imperfect_2s,periphrastic,imperfect,2s,2nd,singular,yn,False,bod,oeddet,oeddit|roeddet|oedda|oedde,chwyldroi,,oeddet|oeddit|roeddet|oedda|oedde|chwyldroi,43,welsh_transfer_ood
chwyldroi,revolve,chwyldroi,cy,3.435,mid,1308,periphrastic_imperfect_3s,periphrastic,imperfect,3s,3rd,singular,yn,False,bod,roedd,oedd|ydoedd|yn_doedd,chwyldroi,,roedd|oedd|ydoedd|yn_doedd|chwyldroi,43,welsh_transfer_ood
chwyldroi,revolve,chwyldroi,cy,3.435,mid,1308,periphrastic_imperfect_1p,periphrastic,imperfect,1p,1st,plural,yn,False,bod,roeddem,oeddem|oeddan,chwyldroi,,roeddem|oeddem|oeddan|chwyldroi,43,welsh_transfer_ood
chwyldroi,revolve,chwyldroi,cy,3.435,mid,1308,periphrastic_imperfect_2p,periphrastic,imperfect,2p,2nd,plural,yn,False,bod,roeddech,oeddech|yn_doeddech,chwyldroi,,roeddech|oeddech|yn_doeddech|chwyldroi,43,welsh_transfer_ood
chwyldroi,revolve,chwyldroi,cy,3.435,mid,1308,periphrastic_imperfect_3p,periphrastic,imperfect,3p,3rd,plural,yn,False,bod,roedden,oeddent|oeddynt|yn_doedden,chwyldroi,,roedden|oeddent|oeddynt|yn_doedden|chwyldroi,43,welsh_transfer_ood
chwyldroi,revolve,chwyldroi,cy,3.435,mid,1308,periphrastic_future_1s,periphrastic,future,1s,1st,singular,yn,False,bod,byddaf,bydda,chwyldroi,,byddaf|bydda|chwyldroi,43,welsh_transfer_ood
chwyldroi,revolve,chwyldroi,cy,3.435,mid,1308,periphrastic_future_2s,periphrastic,future,2s,2nd,singular,yn,False,bod,byddi,,chwyldroi,,byddi|chwyldroi,43,welsh_transfer_ood
chwyldroi,revolve,chwyldroi,cy,3.435,mid,1308,periphrastic_future_3s,periphrastic,future,3s,3rd,singular,yn,False,bod,bydd,,chwyldroi,,bydd|chwyldroi,43,welsh_transfer_ood
chwyldroi,revolve,chwyldroi,cy,3.435,mid,1308,periphrastic_future_1p,periphrastic,future,1p,1st,plural,yn,False,bod,byddwn,,chwyldroi,,byddwn|chwyldroi,43,welsh_transfer_ood
chwyldroi,revolve,chwyldroi,cy,3.435,mid,1308,periphrastic_future_2p,periphrastic,future,2p,2nd,plural,yn,False,bod,byddwch,,chwyldroi,,byddwch|chwyldroi,43,welsh_transfer_ood
chwyldroi,revolve,chwyldroi,cy,3.435,mid,1308,periphrastic_future_3p,periphrastic,future,3p,3rd,plural,yn,False,bod,byddan,byddant,chwyldroi,,byddan|byddant|chwyldroi,43,welsh_transfer_ood
cyflyru,condition,cyflyru,cy,3.352,mid,1396,synthetic_present_1s,synthetic,present,1s,1st,singular,,False,,,,cyflyraf,,cyflyraf,43,welsh_transfer_ood
cyflyru,condition,cyflyru,cy,3.352,mid,1396,synthetic_present_2s,synthetic,present,2s,2nd,singular,,False,,,,cyflyri,,cyflyri,43,welsh_transfer_ood
cyflyru,condition,cyflyru,cy,3.352,mid,1396,synthetic_present_3s,synthetic,present,3s,3rd,singular,,False,,,,cyflyra,,cyflyra,43,welsh_transfer_ood
cyflyru,condition,cyflyru,cy,3.352,mid,1396,synthetic_present_1p,synthetic,present,1p,1st,plural,,False,,,,cyflyrwn,,cyflyrwn,43,welsh_transfer_ood
cyflyru,condition,cyflyru,cy,3.352,mid,1396,synthetic_present_2p,synthetic,present,2p,2nd,plural,,False,,,,cyflyrwch,,cyflyrwch,43,welsh_transfer_ood
cyflyru,condition,cyflyru,cy,3.352,mid,1396,synthetic_present_3p,synthetic,present,3p,3rd,plural,,False,,,,cyflyran,cyflyrant,cyflyran|cyflyrant,43,welsh_transfer_ood
cyflyru,condition,cyflyru,cy,3.352,mid,1396,synthetic_past_1s,synthetic,past,1s,1st,singular,,False,,,,cyflyrais,,cyflyrais,43,welsh_transfer_ood
cyflyru,condition,cyflyru,cy,3.352,mid,1396,synthetic_past_2s,synthetic,past,2s,2nd,singular,,False,,,,cyflyraist,,cyflyraist,43,welsh_transfer_ood
cyflyru,condition,cyflyru,cy,3.352,mid,1396,synthetic_past_3s,synthetic,past,3s,3rd,singular,,False,,,,cyflyrodd,,cyflyrodd,43,welsh_transfer_ood
cyflyru,condition,cyflyru,cy,3.352,mid,1396,synthetic_past_1p,synthetic,past,1p,1st,plural,,False,,,,cyflyron,cyflyrasom|cyflyrsom,cyflyron|cyflyrasom|cyflyrsom,43,welsh_transfer_ood
cyflyru,condition,cyflyru,cy,3.352,mid,1396,synthetic_past_2p,synthetic,past,2p,2nd,plural,,False,,,,cyflyroch,cyflyrasoch|cyflyrsoch,cyflyroch|cyflyrasoch|cyflyrsoch,43,welsh_transfer_ood
cyflyru,condition,cyflyru,cy,3.352,mid,1396,synthetic_past_3p,synthetic,past,3p,3rd,plural,,False,,,,cyflyron,cyflyrasant|cyflyrson,cyflyron|cyflyrasant|cyflyrson,43,welsh_transfer_ood
cyflyru,condition,cyflyru,cy,3.352,mid,1396,synthetic_imperfect_1s,synthetic,imperfect,1s,1st,singular,,False,,,,cyflyrwn,,cyflyrwn,43,welsh_transfer_ood
cyflyru,condition,cyflyru,cy,3.352,mid,1396,synthetic_imperfect_2s,synthetic,imperfect,2s,2nd,singular,,False,,,,cyflyret,cyflyrit,cyflyret|cyflyrit,43,welsh_transfer_ood
cyflyru,condition,cyflyru,cy,3.352,mid,1396,synthetic_imperfect_3s,synthetic,imperfect,3s,3rd,singular,,False,,,,cyflyrai,,cyflyrai,43,welsh_transfer_ood
cyflyru,condition,cyflyru,cy,3.352,mid,1396,synthetic_imperfect_1p,synthetic,imperfect,1p,1st,plural,,False,,,,cyflyrem,,cyflyrem,43,welsh_transfer_ood
cyflyru,condition,cyflyru,cy,3.352,mid,1396,synthetic_imperfect_2p,synthetic,imperfect,2p,2nd,plural,,False,,,,cyflyrech,,cyflyrech,43,welsh_transfer_ood
cyflyru,condition,cyflyru,cy,3.352,mid,1396,synthetic_imperfect_3p,synthetic,imperfect,3p,3rd,plural,,False,,,,cyflyrent,,cyflyrent,43,welsh_transfer_ood
cyflyru,condition,cyflyru,cy,3.352,mid,1396,periphrastic_present_1s,periphrastic,present,1s,1st,singular,yn,False,bod,rwyf,wyf|ydwyf|dw|ydw|rwy,cyflyru,,rwyf|wyf|ydwyf|dw|ydw|rwy|cyflyru,43,welsh_transfer_ood
cyflyru,condition,cyflyru,cy,3.352,mid,1396,periphrastic_present_2s,periphrastic,present,2s,2nd,singular,yn,False,bod,rwyt,wyt|ydwyt,cyflyru,,rwyt|wyt|ydwyt|cyflyru,43,welsh_transfer_ood
cyflyru,condition,cyflyru,cy,3.352,mid,1396,periphrastic_present_3s,periphrastic,present,3s,3rd,singular,yn,False,bod,mae,ydyw|yw|ydy|yn_dydy|ydi,cyflyru,,mae|ydyw|yw|ydy|yn_dydy|ydi|cyflyru,43,welsh_transfer_ood
cyflyru,condition,cyflyru,cy,3.352,mid,1396,periphrastic_present_1p,periphrastic,present,1p,1st,plural,yn,False,bod,rydym,ydym|ŷm|dan|ydan|yn_dydan,cyflyru,,rydym|ydym|ŷm|dan|ydan|yn_dydan|cyflyru,43,welsh_transfer_ood
cyflyru,condition,cyflyru,cy,3.352,mid,1396,periphrastic_present_2p,periphrastic,present,2p,2nd,plural,yn,False,bod,rydych,ych|ydych|dach|dych|ydach|yn_dydach,cyflyru,,rydych|ych|ydych|dach|dych|ydach|yn_dydach|cyflyru,43,welsh_transfer_ood
cyflyru,condition,cyflyru,cy,3.352,mid,1396,periphrastic_present_3p,periphrastic,present,3p,3rd,plural,yn,False,bod,maen,maent|rydyn|rydynt|ydynt|ŷnt|ydyn|yn_dydyn|dyn,cyflyru,,maen|maent|rydyn|rydynt|ydynt|ŷnt|ydyn|yn_dydyn|dyn|cyflyru,43,welsh_transfer_ood
cyflyru,condition,cyflyru,cy,3.352,mid,1396,periphrastic_past_1s,periphrastic,past,1s,1st,singular,,True,gwneud,gwnes,gwneuthum|gwnaes|gwnesaf,gyflyru,cyflyru,gwnes|gwneuthum|gwnaes|gwnesaf|gyflyru|cyflyru,43,welsh_transfer_ood
cyflyru,condition,cyflyru,cy,3.352,mid,1396,periphrastic_past_2s,periphrastic,past,2s,2nd,singular,,True,gwneud,gwnêst,gwnaethost|gwnest,gyflyru,cyflyru,gwnêst|gwnaethost|gwnest|gyflyru|cyflyru,43,welsh_transfer_ood
cyflyru,condition,cyflyru,cy,3.352,mid,1396,periphrastic_past_3s,periphrastic,past,3s,3rd,singular,,True,gwneud,nath,gwnaeth,gyflyru,cyflyru,nath|gwnaeth|gyflyru|cyflyru,43,welsh_transfer_ood
cyflyru,condition,cyflyru,cy,3.352,mid,1396,periphrastic_past_1p,periphrastic,past,1p,1st,plural,,True,gwneud,gwnaethom,,gyflyru,cyflyru,gwnaethom|gyflyru|cyflyru,43,welsh_transfer_ood
cyflyru,condition,cyflyru,cy,3.352,mid,1396,periphrastic_past_2p,periphrastic,past,2p,2nd,plural,,True,gwneud,gwnaethoch,gwnaesoch,gyflyru,cyflyru,gwnaethoch|gwnaesoch|gyflyru|cyflyru,43,welsh_transfer_ood
cyflyru,condition,cyflyru,cy,3.352,mid,1396,periphrastic_past_3p,periphrastic,past,3p,3rd,plural,,True,gwneud,gwnaethon,gwnaethant|naethon,gyflyru,cyflyru,gwnaethon|gwnaethant|naethon|gyflyru|cyflyru,43,welsh_transfer_ood
cyflyru,condition,cyflyru,cy,3.352,mid,1396,periphrastic_imperfect_1s,periphrastic,imperfect,1s,1st,singular,yn,False,bod,roeddwn,oeddwn|o'n|oeddaf|yn_doeddwn,cyflyru,,roeddwn|oeddwn|o'n|oeddaf|yn_doeddwn|cyflyru,43,welsh_transfer_ood
cyflyru,condition,cyflyru,cy,3.352,mid,1396,periphrastic_imperfect_2s,periphrastic,imperfect,2s,2nd,singular,yn,False,bod,oeddet,oeddit|roeddet|oedda|oedde,cyflyru,,oeddet|oeddit|roeddet|oedda|oedde|cyflyru,43,welsh_transfer_ood
cyflyru,condition,cyflyru,cy,3.352,mid,1396,periphrastic_imperfect_3s,periphrastic,imperfect,3s,3rd,singular,yn,False,bod,roedd,oedd|ydoedd|yn_doedd,cyflyru,,roedd|oedd|ydoedd|yn_doedd|cyflyru,43,welsh_transfer_ood
cyflyru,condition,cyflyru,cy,3.352,mid,1396,periphrastic_imperfect_1p,periphrastic,imperfect,1p,1st,plural,yn,False,bod,roeddem,oeddem|oeddan,cyflyru,,roeddem|oeddem|oeddan|cyflyru,43,welsh_transfer_ood
cyflyru,condition,cyflyru,cy,3.352,mid,1396,periphrastic_imperfect_2p,periphrastic,imperfect,2p,2nd,plural,yn,False,bod,roeddech,oeddech|yn_doeddech,cyflyru,,roeddech|oeddech|yn_doeddech|cyflyru,43,welsh_transfer_ood
cyflyru,condition,cyflyru,cy,3.352,mid,1396,periphrastic_imperfect_3p,periphrastic,imperfect,3p,3rd,plural,yn,False,bod,roedden,oeddent|oeddynt|yn_doedden,cyflyru,,roedden|oeddent|oeddynt|yn_doedden|cyflyru,43,welsh_transfer_ood
cyflyru,condition,cyflyru,cy,3.352,mid,1396,periphrastic_future_1s,periphrastic,future,1s,1st,singular,yn,False,bod,byddaf,bydda,cyflyru,,byddaf|bydda|cyflyru,43,welsh_transfer_ood
cyflyru,condition,cyflyru,cy,3.352,mid,1396,periphrastic_future_2s,periphrastic,future,2s,2nd,singular,yn,False,bod,byddi,,cyflyru,,byddi|cyflyru,43,welsh_transfer_ood
cyflyru,condition,cyflyru,cy,3.352,mid,1396,periphrastic_future_3s,periphrastic,future,3s,3rd,singular,yn,False,bod,bydd,,cyflyru,,bydd|cyflyru,43,welsh_transfer_ood
cyflyru,condition,cyflyru,cy,3.352,mid,1396,periphrastic_future_1p,periphrastic,future,1p,1st,plural,yn,False,bod,byddwn,,cyflyru,,byddwn|cyflyru,43,welsh_transfer_ood
cyflyru,condition,cyflyru,cy,3.352,mid,1396,periphrastic_future_2p,periphrastic,future,2p,2nd,plural,yn,False,bod,byddwch,,cyflyru,,byddwch|cyflyru,43,welsh_transfer_ood
cyflyru,condition,cyflyru,cy,3.352,mid,1396,periphrastic_future_3p,periphrastic,future,3p,3rd,plural,yn,False,bod,byddan,byddant,cyflyru,,byddan|byddant|cyflyru,43,welsh_transfer_ood
trugarhau,pity,trugarhau,cy,3.334,mid,1432,synthetic_present_1s,synthetic,present,1s,1st,singular,,False,,,,trugarhaf,,trugarhaf,43,welsh_transfer_ood
trugarhau,pity,trugarhau,cy,3.334,mid,1432,synthetic_present_2s,synthetic,present,2s,2nd,singular,,False,,,,trugarhei,,trugarhei,43,welsh_transfer_ood
trugarhau,pity,trugarhau,cy,3.334,mid,1432,synthetic_present_3s,synthetic,present,3s,3rd,singular,,False,,,,trugarha,,trugarha,43,welsh_transfer_ood
trugarhau,pity,trugarhau,cy,3.334,mid,1432,synthetic_present_1p,synthetic,present,1p,1st,plural,,False,,,,trugarhawn,,trugarhawn,43,welsh_transfer_ood
trugarhau,pity,trugarhau,cy,3.334,mid,1432,synthetic_present_2p,synthetic,present,2p,2nd,plural,,False,,,,trugarhewch,,trugarhewch,43,welsh_transfer_ood
trugarhau,pity,trugarhau,cy,3.334,mid,1432,synthetic_present_3p,synthetic,present,3p,3rd,plural,,False,,,,trugarhan,trugarhânt,trugarhan|trugarhânt,43,welsh_transfer_ood
trugarhau,pity,trugarhau,cy,3.334,mid,1432,synthetic_past_1s,synthetic,past,1s,1st,singular,,False,,,,trugarheais,,trugarheais,43,welsh_transfer_ood
trugarhau,pity,trugarhau,cy,3.334,mid,1432,synthetic_past_2s,synthetic,past,2s,2nd,singular,,False,,,,trugarheaist,,trugarheaist,43,welsh_transfer_ood
trugarhau,pity,trugarhau,cy,3.334,mid,1432,synthetic_past_3s,synthetic,past,3s,3rd,singular,,False,,,,trugarhaodd,,trugarhaodd,43,welsh_transfer_ood
trugarhau,pity,trugarhau,cy,3.334,mid,1432,synthetic_past_1p,synthetic,past,1p,1st,plural,,False,,,,trugarhaon,trugarhasom,trugarhaon|trugarhasom,43,welsh_transfer_ood
trugarhau,pity,trugarhau,cy,3.334,mid,1432,synthetic_past_2p,synthetic,past,2p,2nd,plural,,False,,,,trugarhaoch,trugarhasoch,trugarhaoch|trugarhasoch,43,welsh_transfer_ood
trugarhau,pity,trugarhau,cy,3.334,mid,1432,synthetic_past_3p,synthetic,past,3p,3rd,plural,,False,,,,trugarhaon,trugarhasant,trugarhaon|trugarhasant,43,welsh_transfer_ood
trugarhau,pity,trugarhau,cy,3.334,mid,1432,synthetic_imperfect_1s,synthetic,imperfect,1s,1st,singular,,False,,,,trugarhawn,,trugarhawn,43,welsh_transfer_ood
trugarhau,pity,trugarhau,cy,3.334,mid,1432,synthetic_imperfect_2s,synthetic,imperfect,2s,2nd,singular,,False,,,,trugarhaet,trugarhait,trugarhaet|trugarhait,43,welsh_transfer_ood
trugarhau,pity,trugarhau,cy,3.334,mid,1432,synthetic_imperfect_3s,synthetic,imperfect,3s,3rd,singular,,False,,,,trugarhâi,,trugarhâi,43,welsh_transfer_ood
trugarhau,pity,trugarhau,cy,3.334,mid,1432,synthetic_imperfect_1p,synthetic,imperfect,1p,1st,plural,,False,,,,trugarhaem,,trugarhaem,43,welsh_transfer_ood
trugarhau,pity,trugarhau,cy,3.334,mid,1432,synthetic_imperfect_2p,synthetic,imperfect,2p,2nd,plural,,False,,,,trugarhaech,,trugarhaech,43,welsh_transfer_ood
trugarhau,pity,trugarhau,cy,3.334,mid,1432,synthetic_imperfect_3p,synthetic,imperfect,3p,3rd,plural,,False,,,,trugarhaent,,trugarhaent,43,welsh_transfer_ood
trugarhau,pity,trugarhau,cy,3.334,mid,1432,periphrastic_present_1s,periphrastic,present,1s,1st,singular,yn,False,bod,rwyf,wyf|ydwyf|dw|ydw|rwy,trugarhau,,rwyf|wyf|ydwyf|dw|ydw|rwy|trugarhau,43,welsh_transfer_ood
trugarhau,pity,trugarhau,cy,3.334,mid,1432,periphrastic_present_2s,periphrastic,present,2s,2nd,singular,yn,False,bod,rwyt,wyt|ydwyt,trugarhau,,rwyt|wyt|ydwyt|trugarhau,43,welsh_transfer_ood
trugarhau,pity,trugarhau,cy,3.334,mid,1432,periphrastic_present_3s,periphrastic,present,3s,3rd,singular,yn,False,bod,mae,ydyw|yw|ydy|yn_dydy|ydi,trugarhau,,mae|ydyw|yw|ydy|yn_dydy|ydi|trugarhau,43,welsh_transfer_ood
trugarhau,pity,trugarhau,cy,3.334,mid,1432,periphrastic_present_1p,periphrastic,present,1p,1st,plural,yn,False,bod,rydym,ydym|ŷm|dan|ydan|yn_dydan,trugarhau,,rydym|ydym|ŷm|dan|ydan|yn_dydan|trugarhau,43,welsh_transfer_ood
trugarhau,pity,trugarhau,cy,3.334,mid,1432,periphrastic_present_2p,periphrastic,present,2p,2nd,plural,yn,False,bod,rydych,ych|ydych|dach|dych|ydach|yn_dydach,trugarhau,,rydych|ych|ydych|dach|dych|ydach|yn_dydach|trugarhau,43,welsh_transfer_ood
trugarhau,pity,trugarhau,cy,3.334,mid,1432,periphrastic_present_3p,periphrastic,present,3p,3rd,plural,yn,False,bod,maen,maent|rydyn|rydynt|ydynt|ŷnt|ydyn|yn_dydyn|dyn,trugarhau,,maen|maent|rydyn|rydynt|ydynt|ŷnt|ydyn|yn_dydyn|dyn|trugarhau,43,welsh_transfer_ood
trugarhau,pity,trugarhau,cy,3.334,mid,1432,periphrastic_past_1s,periphrastic,past,1s,1st,singular,,True,gwneud,gwnes,gwneuthum|gwnaes|gwnesaf,drugarhau,trugarhau,gwnes|gwneuthum|gwnaes|gwnesaf|drugarhau|trugarhau,43,welsh_transfer_ood
trugarhau,pity,trugarhau,cy,3.334,mid,1432,periphrastic_past_2s,periphrastic,past,2s,2nd,singular,,True,gwneud,gwnêst,gwnaethost|gwnest,drugarhau,trugarhau,gwnêst|gwnaethost|gwnest|drugarhau|trugarhau,43,welsh_transfer_ood
trugarhau,pity,trugarhau,cy,3.334,mid,1432,periphrastic_past_3s,periphrastic,past,3s,3rd,singular,,True,gwneud,nath,gwnaeth,drugarhau,trugarhau,nath|gwnaeth|drugarhau|trugarhau,43,welsh_transfer_ood
trugarhau,pity,trugarhau,cy,3.334,mid,1432,periphrastic_past_1p,periphrastic,past,1p,1st,plural,,True,gwneud,gwnaethom,,drugarhau,trugarhau,gwnaethom|drugarhau|trugarhau,43,welsh_transfer_ood
trugarhau,pity,trugarhau,cy,3.334,mid,1432,periphrastic_past_2p,periphrastic,past,2p,2nd,plural,,True,gwneud,gwnaethoch,gwnaesoch,drugarhau,trugarhau,gwnaethoch|gwnaesoch|drugarhau|trugarhau,43,welsh_transfer_ood
trugarhau,pity,trugarhau,cy,3.334,mid,1432,periphrastic_past_3p,periphrastic,past,3p,3rd,plural,,True,gwneud,gwnaethon,gwnaethant|naethon,drugarhau,trugarhau,gwnaethon|gwnaethant|naethon|drugarhau|trugarhau,43,welsh_transfer_ood
trugarhau,pity,trugarhau,cy,3.334,mid,1432,periphrastic_imperfect_1s,periphrastic,imperfect,1s,1st,singular,yn,False,bod,roeddwn,oeddwn|o'n|oeddaf|yn_doeddwn,trugarhau,,roeddwn|oeddwn|o'n|oeddaf|yn_doeddwn|trugarhau,43,welsh_transfer_ood
trugarhau,pity,trugarhau,cy,3.334,mid,1432,periphrastic_imperfect_2s,periphrastic,imperfect,2s,2nd,singular,yn,False,bod,oeddet,oeddit|roeddet|oedda|oedde,trugarhau,,oeddet|oeddit|roeddet|oedda|oedde|trugarhau,43,welsh_transfer_ood
trugarhau,pity,trugarhau,cy,3.334,mid,1432,periphrastic_imperfect_3s,periphrastic,imperfect,3s,3rd,singular,yn,False,bod,roedd,oedd|ydoedd|yn_doedd,trugarhau,,roedd|oedd|ydoedd|yn_doedd|trugarhau,43,welsh_transfer_ood
trugarhau,pity,trugarhau,cy,3.334,mid,1432,periphrastic_imperfect_1p,periphrastic,imperfect,1p,1st,plural,yn,False,bod,roeddem,oeddem|oeddan,trugarhau,,roeddem|oeddem|oeddan|trugarhau,43,welsh_transfer_ood
trugarhau,pity,trugarhau,cy,3.334,mid,1432,periphrastic_imperfect_2p,periphrastic,imperfect,2p,2nd,plural,yn,False,bod,roeddech,oeddech|yn_doeddech,trugarhau,,roeddech|oeddech|yn_doeddech|trugarhau,43,welsh_transfer_ood
trugarhau,pity,trugarhau,cy,3.334,mid,1432,periphrastic_imperfect_3p,periphrastic,imperfect,3p,3rd,plural,yn,False,bod,roedden,oeddent|oeddynt|yn_doedden,trugarhau,,roedden|oeddent|oeddynt|yn_doedden|trugarhau,43,welsh_transfer_ood
trugarhau,pity,trugarhau,cy,3.334,mid,1432,periphrastic_future_1s,periphrastic,future,1s,1st,singular,yn,False,bod,byddaf,bydda,trugarhau,,byddaf|bydda|trugarhau,43,welsh_transfer_ood
trugarhau,pity,trugarhau,cy,3.334,mid,1432,periphrastic_future_2s,periphrastic,future,2s,2nd,singular,yn,False,bod,byddi,,trugarhau,,byddi|trugarhau,43,welsh_transfer_ood
trugarhau,pity,trugarhau,cy,3.334,mid,1432,periphrastic_future_3s,periphrastic,future,3s,3rd,singular,yn,False,bod,bydd,,trugarhau,,bydd|trugarhau,43,welsh_transfer_ood
trugarhau,pity,trugarhau,cy,3.334,mid,1432,periphrastic_future_1p,periphrastic,future,1p,1st,plural,yn,False,bod,byddwn,,trugarhau,,byddwn|trugarhau,43,welsh_transfer_ood
trugarhau,pity,trugarhau,cy,3.334,mid,1432,periphrastic_future_2p,periphrastic,future,2p,2nd,plural,yn,False,bod,byddwch,,trugarhau,,byddwch|trugarhau,43,welsh_transfer_ood
trugarhau,pity,trugarhau,cy,3.334,mid,1432,periphrastic_future_3p,periphrastic,future,3p,3rd,plural,yn,False,bod,byddan,byddant,trugarhau,,byddan|byddant|trugarhau,43,welsh_transfer_ood
goddiweddyd,overtake,goddiweddyd,cy,3.294,mid,1464,synthetic_present_1s,synthetic,present,1s,1st,singular,,False,,,,goddiweddaf,,goddiweddaf,43,welsh_transfer_ood
goddiweddyd,overtake,goddiweddyd,cy,3.294,mid,1464,synthetic_present_2s,synthetic,present,2s,2nd,singular,,False,,,,goddiweddi,,goddiweddi,43,welsh_transfer_ood
goddiweddyd,overtake,goddiweddyd,cy,3.294,mid,1464,synthetic_present_3s,synthetic,present,3s,3rd,singular,,False,,,,goddiwedda,,goddiwedda,43,welsh_transfer_ood
goddiweddyd,overtake,goddiweddyd,cy,3.294,mid,1464,synthetic_present_1p,synthetic,present,1p,1st,plural,,False,,,,goddiweddwn,,goddiweddwn,43,welsh_transfer_ood
goddiweddyd,overtake,goddiweddyd,cy,3.294,mid,1464,synthetic_present_2p,synthetic,present,2p,2nd,plural,,False,,,,goddiweddwch,,goddiweddwch,43,welsh_transfer_ood
goddiweddyd,overtake,goddiweddyd,cy,3.294,mid,1464,synthetic_present_3p,synthetic,present,3p,3rd,plural,,False,,,,goddiweddant,,goddiweddant,43,welsh_transfer_ood
goddiweddyd,overtake,goddiweddyd,cy,3.294,mid,1464,synthetic_past_1s,synthetic,past,1s,1st,singular,,False,,,,goddiweddais,,goddiweddais,43,welsh_transfer_ood
goddiweddyd,overtake,goddiweddyd,cy,3.294,mid,1464,synthetic_past_2s,synthetic,past,2s,2nd,singular,,False,,,,goddiweddaist,,goddiweddaist,43,welsh_transfer_ood
goddiweddyd,overtake,goddiweddyd,cy,3.294,mid,1464,synthetic_past_3s,synthetic,past,3s,3rd,singular,,False,,,,goddiweddodd,,goddiweddodd,43,welsh_transfer_ood
goddiweddyd,overtake,goddiweddyd,cy,3.294,mid,1464,synthetic_past_1p,synthetic,past,1p,1st,plural,,False,,,,goddiweddasom,,goddiweddasom,43,welsh_transfer_ood
goddiweddyd,overtake,goddiweddyd,cy,3.294,mid,1464,synthetic_past_2p,synthetic,past,2p,2nd,plural,,False,,,,goddiweddasoch,,goddiweddasoch,43,welsh_transfer_ood
goddiweddyd,overtake,goddiweddyd,cy,3.294,mid,1464,synthetic_past_3p,synthetic,past,3p,3rd,plural,,False,,,,goddiweddasant,,goddiweddasant,43,welsh_transfer_ood
goddiweddyd,overtake,goddiweddyd,cy,3.294,mid,1464,synthetic_imperfect_1s,synthetic,imperfect,1s,1st,singular,,False,,,,goddiweddwn,,goddiweddwn,43,welsh_transfer_ood
goddiweddyd,overtake,goddiweddyd,cy,3.294,mid,1464,synthetic_imperfect_2s,synthetic,imperfect,2s,2nd,singular,,False,,,,goddiweddit,,goddiweddit,43,welsh_transfer_ood
goddiweddyd,overtake,goddiweddyd,cy,3.294,mid,1464,synthetic_imperfect_3s,synthetic,imperfect,3s,3rd,singular,,False,,,,goddiweddai,,goddiweddai,43,welsh_transfer_ood
goddiweddyd,overtake,goddiweddyd,cy,3.294,mid,1464,synthetic_imperfect_1p,synthetic,imperfect,1p,1st,plural,,False,,,,goddiweddem,,goddiweddem,43,welsh_transfer_ood
goddiweddyd,overtake,goddiweddyd,cy,3.294,mid,1464,synthetic_imperfect_2p,synthetic,imperfect,2p,2nd,plural,,False,,,,goddiweddech,,goddiweddech,43,welsh_transfer_ood
goddiweddyd,overtake,goddiweddyd,cy,3.294,mid,1464,synthetic_imperfect_3p,synthetic,imperfect,3p,3rd,plural,,False,,,,goddiweddent,,goddiweddent,43,welsh_transfer_ood
goddiweddyd,overtake,goddiweddyd,cy,3.294,mid,1464,periphrastic_present_1s,periphrastic,present,1s,1st,singular,yn,False,bod,rwyf,wyf|ydwyf|dw|ydw|rwy,goddiweddyd,,rwyf|wyf|ydwyf|dw|ydw|rwy|goddiweddyd,43,welsh_transfer_ood
goddiweddyd,overtake,goddiweddyd,cy,3.294,mid,1464,periphrastic_present_2s,periphrastic,present,2s,2nd,singular,yn,False,bod,rwyt,wyt|ydwyt,goddiweddyd,,rwyt|wyt|ydwyt|goddiweddyd,43,welsh_transfer_ood
goddiweddyd,overtake,goddiweddyd,cy,3.294,mid,1464,periphrastic_present_3s,periphrastic,present,3s,3rd,singular,yn,False,bod,mae,ydyw|yw|ydy|yn_dydy|ydi,goddiweddyd,,mae|ydyw|yw|ydy|yn_dydy|ydi|goddiweddyd,43,welsh_transfer_ood
goddiweddyd,overtake,goddiweddyd,cy,3.294,mid,1464,periphrastic_present_1p,periphrastic,present,1p,1st,plural,yn,False,bod,rydym,ydym|ŷm|dan|ydan|yn_dydan,goddiweddyd,,rydym|ydym|ŷm|dan|ydan|yn_dydan|goddiweddyd,43,welsh_transfer_ood
goddiweddyd,overtake,goddiweddyd,cy,3.294,mid,1464,periphrastic_present_2p,periphrastic,present,2p,2nd,plural,yn,False,bod,rydych,ych|ydych|dach|dych|ydach|yn_dydach,goddiweddyd,,rydych|ych|ydych|dach|dych|ydach|yn_dydach|goddiweddyd,43,welsh_transfer_ood
goddiweddyd,overtake,goddiweddyd,cy,3.294,mid,1464,periphrastic_present_3p,periphrastic,present,3p,3rd,plural,yn,False,bod,maen,maent|rydyn|rydynt|ydynt|ŷnt|ydyn|yn_dydyn|dyn,goddiweddyd,,maen|maent|rydyn|rydynt|ydynt|ŷnt|ydyn|yn_dydyn|dyn|goddiweddyd,43,welsh_transfer_ood
goddiweddyd,overtake,goddiweddyd,cy,3.294,mid,1464,periphrastic_past_1s,periphrastic,past,1s,1st,singular,,True,gwneud,gwnes,gwneuthum|gwnaes|gwnesaf,oddiweddyd,goddiweddyd,gwnes|gwneuthum|gwnaes|gwnesaf|oddiweddyd|goddiweddyd,43,welsh_transfer_ood
goddiweddyd,overtake,goddiweddyd,cy,3.294,mid,1464,periphrastic_past_2s,periphrastic,past,2s,2nd,singular,,True,gwneud,gwnêst,gwnaethost|gwnest,oddiweddyd,goddiweddyd,gwnêst|gwnaethost|gwnest|oddiweddyd|goddiweddyd,43,welsh_transfer_ood
goddiweddyd,overtake,goddiweddyd,cy,3.294,mid,1464,periphrastic_past_3s,periphrastic,past,3s,3rd,singular,,True,gwneud,nath,gwnaeth,oddiweddyd,goddiweddyd,nath|gwnaeth|oddiweddyd|goddiweddyd,43,welsh_transfer_ood
goddiweddyd,overtake,goddiweddyd,cy,3.294,mid,1464,periphrastic_past_1p,periphrastic,past,1p,1st,plural,,True,gwneud,gwnaethom,,oddiweddyd,goddiweddyd,gwnaethom|oddiweddyd|goddiweddyd,43,welsh_transfer_ood
goddiweddyd,overtake,goddiweddyd,cy,3.294,mid,1464,periphrastic_past_2p,periphrastic,past,2p,2nd,plural,,True,gwneud,gwnaethoch,gwnaesoch,oddiweddyd,goddiweddyd,gwnaethoch|gwnaesoch|oddiweddyd|goddiweddyd,43,welsh_transfer_ood
goddiweddyd,overtake,goddiweddyd,cy,3.294,mid,1464,periphrastic_past_3p,periphrastic,past,3p,3rd,plural,,True,gwneud,gwnaethon,gwnaethant|naethon,oddiweddyd,goddiweddyd,gwnaethon|gwnaethant|naethon|oddiweddyd|goddiweddyd,43,welsh_transfer_ood
goddiweddyd,overtake,goddiweddyd,cy,3.294,mid,1464,periphrastic_imperfect_1s,periphrastic,imperfect,1s,1st,singular,yn,False,bod,roeddwn,oeddwn|o'n|oeddaf|yn_doeddwn,goddiweddyd,,roeddwn|oeddwn|o'n|oeddaf|yn_doeddwn|goddiweddyd,43,welsh_transfer_ood
goddiweddyd,overtake,goddiweddyd,cy,3.294,mid,1464,periphrastic_imperfect_2s,periphrastic,imperfect,2s,2nd,singular,yn,False,bod,oeddet,oeddit|roeddet|oedda|oedde,goddiweddyd,,oeddet|oeddit|roeddet|oedda|oedde|goddiweddyd,43,welsh_transfer_ood
goddiweddyd,overtake,goddiweddyd,cy,3.294,mid,1464,periphrastic_imperfect_3s,periphrastic,imperfect,3s,3rd,singular,yn,False,bod,roedd,oedd|ydoedd|yn_doedd,goddiweddyd,,roedd|oedd|ydoedd|yn_doedd|goddiweddyd,43,welsh_transfer_ood
goddiweddyd,overtake,goddiweddyd,cy,3.294,mid,1464,periphrastic_imperfect_1p,periphrastic,imperfect,1p,1st,plural,yn,False,bod,roeddem,oeddem|oeddan,goddiweddyd,,roeddem|oeddem|oeddan|goddiweddyd,43,welsh_transfer_ood
goddiweddyd,overtake,goddiweddyd,cy,3.294,mid,1464,periphrastic_imperfect_2p,periphrastic,imperfect,2p,2nd,plural,yn,False,bod,roeddech,oeddech|yn_doeddech,goddiweddyd,,roeddech|oeddech|yn_doeddech|goddiweddyd,43,welsh_transfer_ood
goddiweddyd,overtake,goddiweddyd,cy,3.294,mid,1464,periphrastic_imperfect_3p,periphrastic,imperfect,3p,3rd,plural,yn,False,bod,roedden,oeddent|oeddynt|yn_doedden,goddiweddyd,,roedden|oeddent|oeddynt|yn_doedden|goddiweddyd,43,welsh_transfer_ood
goddiweddyd,overtake,goddiweddyd,cy,3.294,mid,1464,periphrastic_future_1s,periphrastic,future,1s,1st,singular,yn,False,bod,byddaf,bydda,goddiweddyd,,byddaf|bydda|goddiweddyd,43,welsh_transfer_ood
goddiweddyd,overtake,goddiweddyd,cy,3.294,mid,1464,periphrastic_future_2s,periphrastic,future,2s,2nd,singular,yn,False,bod,byddi,,goddiweddyd,,byddi|goddiweddyd,43,welsh_transfer_ood
goddiweddyd,overtake,goddiweddyd,cy,3.294,mid,1464,periphrastic_future_3s,periphrastic,future,3s,3rd,singular,yn,False,bod,bydd,,goddiweddyd,,bydd|goddiweddyd,43,welsh_transfer_ood
goddiweddyd,overtake,goddiweddyd,cy,3.294,mid,1464,periphrastic_future_1p,periphrastic,future,1p,1st,plural,yn,False,bod,byddwn,,goddiweddyd,,byddwn|goddiweddyd,43,welsh_transfer_ood
goddiweddyd,overtake,goddiweddyd,cy,3.294,mid,1464,periphrastic_future_2p,periphrastic,future,2p,2nd,plural,yn,False,bod,byddwch,,goddiweddyd,,byddwch|goddiweddyd,43,welsh_transfer_ood
goddiweddyd,overtake,goddiweddyd,cy,3.294,mid,1464,periphrastic_future_3p,periphrastic,future,3p,3rd,plural,yn,False,bod,byddan,byddant,goddiweddyd,,byddan|byddant|goddiweddyd,43,welsh_transfer_ood
saernïo,fashion,saernïo,cy,3.274,mid,1501,synthetic_present_1s,synthetic,present,1s,1st,singular,,False,,,,saernïaf,,saernïaf,43,welsh_transfer_ood
saernïo,fashion,saernïo,cy,3.274,mid,1501,synthetic_present_2s,synthetic,present,2s,2nd,singular,,False,,,,saernii,,saernii,43,welsh_transfer_ood
saernïo,fashion,saernïo,cy,3.274,mid,1501,synthetic_present_3s,synthetic,present,3s,3rd,singular,,False,,,,saernïa,,saernïa,43,welsh_transfer_ood
saernïo,fashion,saernïo,cy,3.274,mid,1501,synthetic_present_1p,synthetic,present,1p,1st,plural,,False,,,,saernïwn,,saernïwn,43,welsh_transfer_ood
saernïo,fashion,saernïo,cy,3.274,mid,1501,synthetic_present_2p,synthetic,present,2p,2nd,plural,,False,,,,saernïwch,,saernïwch,43,welsh_transfer_ood
saernïo,fashion,saernïo,cy,3.274,mid,1501,synthetic_present_3p,synthetic,present,3p,3rd,plural,,False,,,,saernïan,saernïant,saernïan|saernïant,43,welsh_transfer_ood
saernïo,fashion,saernïo,cy,3.274,mid,1501,synthetic_past_1s,synthetic,past,1s,1st,singular,,False,,,,saernïais,,saernïais,43,welsh_transfer_ood
saernïo,fashion,saernïo,cy,3.274,mid,1501,synthetic_past_2s,synthetic,past,2s,2nd,singular,,False,,,,saernïaist,,saernïaist,43,welsh_transfer_ood
saernïo,fashion,saernïo,cy,3.274,mid,1501,synthetic_past_3s,synthetic,past,3s,3rd,singular,,False,,,,saernïodd,,saernïodd,43,welsh_transfer_ood
saernïo,fashion,saernïo,cy,3.274,mid,1501,synthetic_past_1p,synthetic,past,1p,1st,plural,,False,,,,saernïon,saernïasom,saernïon|saernïasom,43,welsh_transfer_ood
saernïo,fashion,saernïo,cy,3.274,mid,1501,synthetic_past_2p,synthetic,past,2p,2nd,plural,,False,,,,saernïoch,saernïasoch,saernïoch|saernïasoch,43,welsh_transfer_ood
saernïo,fashion,saernïo,cy,3.274,mid,1501,synthetic_past_3p,synthetic,past,3p,3rd,plural,,False,,,,saernïon,saernïasant,saernïon|saernïasant,43,welsh_transfer_ood
saernïo,fashion,saernïo,cy,3.274,mid,1501,synthetic_imperfect_1s,synthetic,imperfect,1s,1st,singular,,False,,,,saernïwn,,saernïwn,43,welsh_transfer_ood
saernïo,fashion,saernïo,cy,3.274,mid,1501,synthetic_imperfect_2s,synthetic,imperfect,2s,2nd,singular,,False,,,,saernïet,saernïit,saernïet|saernïit,43,welsh_transfer_ood
saernïo,fashion,saernïo,cy,3.274,mid,1501,synthetic_imperfect_3s,synthetic,imperfect,3s,3rd,singular,,False,,,,saernïai,,saernïai,43,welsh_transfer_ood
saernïo,fashion,saernïo,cy,3.274,mid,1501,synthetic_imperfect_1p,synthetic,imperfect,1p,1st,plural,,False,,,,saernïem,,saernïem,43,welsh_transfer_ood
saernïo,fashion,saernïo,cy,3.274,mid,1501,synthetic_imperfect_2p,synthetic,imperfect,2p,2nd,plural,,False,,,,saernïech,,saernïech,43,welsh_transfer_ood
saernïo,fashion,saernïo,cy,3.274,mid,1501,synthetic_imperfect_3p,synthetic,imperfect,3p,3rd,plural,,False,,,,saernïent,,saernïent,43,welsh_transfer_ood
saernïo,fashion,saernïo,cy,3.274,mid,1501,periphrastic_present_1s,periphrastic,present,1s,1st,singular,yn,False,bod,rwyf,wyf|ydwyf|dw|ydw|rwy,saernïo,,rwyf|wyf|ydwyf|dw|ydw|rwy|saernïo,43,welsh_transfer_ood
saernïo,fashion,saernïo,cy,3.274,mid,1501,periphrastic_present_2s,periphrastic,present,2s,2nd,singular,yn,False,bod,rwyt,wyt|ydwyt,saernïo,,rwyt|wyt|ydwyt|saernïo,43,welsh_transfer_ood
saernïo,fashion,saernïo,cy,3.274,mid,1501,periphrastic_present_3s,periphrastic,present,3s,3rd,singular,yn,False,bod,mae,ydyw|yw|ydy|yn_dydy|ydi,saernïo,,mae|ydyw|yw|ydy|yn_dydy|ydi|saernïo,43,welsh_transfer_ood
saernïo,fashion,saernïo,cy,3.274,mid,1501,periphrastic_present_1p,periphrastic,present,1p,1st,plural,yn,False,bod,rydym,ydym|ŷm|dan|ydan|yn_dydan,saernïo,,rydym|ydym|ŷm|dan|ydan|yn_dydan|saernïo,43,welsh_transfer_ood
saernïo,fashion,saernïo,cy,3.274,mid,1501,periphrastic_present_2p,periphrastic,present,2p,2nd,plural,yn,False,bod,rydych,ych|ydych|dach|dych|ydach|yn_dydach,saernïo,,rydych|ych|ydych|dach|dych|ydach|yn_dydach|saernïo,43,welsh_transfer_ood
saernïo,fashion,saernïo,cy,3.274,mid,1501,periphrastic_present_3p,periphrastic,present,3p,3rd,plural,yn,False,bod,maen,maent|rydyn|rydynt|ydynt|ŷnt|ydyn|yn_dydyn|dyn,saernïo,,maen|maent|rydyn|rydynt|ydynt|ŷnt|ydyn|yn_dydyn|dyn|saernïo,43,welsh_transfer_ood
saernïo,fashion,saernïo,cy,3.274,mid,1501,periphrastic_past_1s,periphrastic,past,1s,1st,singular,,True,gwneud,gwnes,gwneuthum|gwnaes|gwnesaf,saernïo,,gwnes|gwneuthum|gwnaes|gwnesaf|saernïo,43,welsh_transfer_ood
saernïo,fashion,saernïo,cy,3.274,mid,1501,periphrastic_past_2s,periphrastic,past,2s,2nd,singular,,True,gwneud,gwnêst,gwnaethost|gwnest,saernïo,,gwnêst|gwnaethost|gwnest|saernïo,43,welsh_transfer_ood
saernïo,fashion,saernïo,cy,3.274,mid,1501,periphrastic_past_3s,periphrastic,past,3s,3rd,singular,,True,gwneud,nath,gwnaeth,saernïo,,nath|gwnaeth|saernïo,43,welsh_transfer_ood
saernïo,fashion,saernïo,cy,3.274,mid,1501,periphrastic_past_1p,periphrastic,past,1p,1st,plural,,True,gwneud,gwnaethom,,saernïo,,gwnaethom|saernïo,43,welsh_transfer_ood
saernïo,fashion,saernïo,cy,3.274,mid,1501,periphrastic_past_2p,periphrastic,past,2p,2nd,plural,,True,gwneud,gwnaethoch,gwnaesoch,saernïo,,gwnaethoch|gwnaesoch|saernïo,43,welsh_transfer_ood
saernïo,fashion,saernïo,cy,3.274,mid,1501,periphrastic_past_3p,periphrastic,past,3p,3rd,plural,,True,gwneud,gwnaethon,gwnaethant|naethon,saernïo,,gwnaethon|gwnaethant|naethon|saernïo,43,welsh_transfer_ood
saernïo,fashion,saernïo,cy,3.274,mid,1501,periphrastic_imperfect_1s,periphrastic,imperfect,1s,1st,singular,yn,False,bod,roeddwn,oeddwn|o'n|oeddaf|yn_doeddwn,saernïo,,roeddwn|oeddwn|o'n|oeddaf|yn_doeddwn|saernïo,43,welsh_transfer_ood
saernïo,fashion,saernïo,cy,3.274,mid,1501,periphrastic_imperfect_2s,periphrastic,imperfect,2s,2nd,singular,yn,False,bod,oeddet,oeddit|roeddet|oedda|oedde,saernïo,,oeddet|oeddit|roeddet|oedda|oedde|saernïo,43,welsh_transfer_ood
saernïo,fashion,saernïo,cy,3.274,mid,1501,periphrastic_imperfect_3s,periphrastic,imperfect,3s,3rd,singular,yn,False,bod,roedd,oedd|ydoedd|yn_doedd,saernïo,,roedd|oedd|ydoedd|yn_doedd|saernïo,43,welsh_transfer_ood
saernïo,fashion,saernïo,cy,3.274,mid,1501,periphrastic_imperfect_1p,periphrastic,imperfect,1p,1st,plural,yn,False,bod,roeddem,oeddem|oeddan,saernïo,,roeddem|oeddem|oeddan|saernïo,43,welsh_transfer_ood
saernïo,fashion,saernïo,cy,3.274,mid,1501,periphrastic_imperfect_2p,periphrastic,imperfect,2p,2nd,plural,yn,False,bod,roeddech,oeddech|yn_doeddech,saernïo,,roeddech|oeddech|yn_doeddech|saernïo,43,welsh_transfer_ood
saernïo,fashion,saernïo,cy,3.274,mid,1501,periphrastic_imperfect_3p,periphrastic,imperfect,3p,3rd,plural,yn,False,bod,roedden,oeddent|oeddynt|yn_doedden,saernïo,,roedden|oeddent|oeddynt|yn_doedden|saernïo,43,welsh_transfer_ood
saernïo,fashion,saernïo,cy,3.274,mid,1501,periphrastic_future_1s,periphrastic,future,1s,1st,singular,yn,False,bod,byddaf,bydda,saernïo,,byddaf|bydda|saernïo,43,welsh_transfer_ood
saernïo,fashion,saernïo,cy,3.274,mid,1501,periphrastic_future_2s,periphrastic,future,2s,2nd,singular,yn,False,bod,byddi,,saernïo,,byddi|saernïo,43,welsh_transfer_ood
saernïo,fashion,saernïo,cy,3.274,mid,1501,periphrastic_future_3s,periphrastic,future,3s,3rd,singular,yn,False,bod,bydd,,saernïo,,bydd|saernïo,43,welsh_transfer_ood
saernïo,fashion,saernïo,cy,3.274,mid,1501,periphrastic_future_1p,periphrastic,future,1p,1st,plural,yn,False,bod,byddwn,,saernïo,,byddwn|saernïo,43,welsh_transfer_ood
saernïo,fashion,saernïo,cy,3.274,mid,1501,periphrastic_future_2p,periphrastic,future,2p,2nd,plural,yn,False,bod,byddwch,,saernïo,,byddwch|saernïo,43,welsh_transfer_ood
saernïo,fashion,saernïo,cy,3.274,mid,1501,periphrastic_future_3p,periphrastic,future,3p,3rd,plural,yn,False,bod,byddan,byddant,saernïo,,byddan|byddant|saernïo,43,welsh_transfer_ood
dodrefnu,furnish,dodrefnu,cy,3.25,mid,1522,synthetic_present_1s,synthetic,present,1s,1st,singular,,False,,,,dodrefnaf,,dodrefnaf,43,welsh_transfer_ood
dodrefnu,furnish,dodrefnu,cy,3.25,mid,1522,synthetic_present_2s,synthetic,present,2s,2nd,singular,,False,,,,dodrefni,,dodrefni,43,welsh_transfer_ood
dodrefnu,furnish,dodrefnu,cy,3.25,mid,1522,synthetic_present_3s,synthetic,present,3s,3rd,singular,,False,,,,dodrefna,,dodrefna,43,welsh_transfer_ood
dodrefnu,furnish,dodrefnu,cy,3.25,mid,1522,synthetic_present_1p,synthetic,present,1p,1st,plural,,False,,,,dodrefnwn,,dodrefnwn,43,welsh_transfer_ood
dodrefnu,furnish,dodrefnu,cy,3.25,mid,1522,synthetic_present_2p,synthetic,present,2p,2nd,plural,,False,,,,dodrefnwch,,dodrefnwch,43,welsh_transfer_ood
dodrefnu,furnish,dodrefnu,cy,3.25,mid,1522,synthetic_present_3p,synthetic,present,3p,3rd,plural,,False,,,,dodrefnan,dodrefnant,dodrefnan|dodrefnant,43,welsh_transfer_ood
dodrefnu,furnish,dodrefnu,cy,3.25,mid,1522,synthetic_past_1s,synthetic,past,1s,1st,singular,,False,,,,dodrefnais,,dodrefnais,43,welsh_transfer_ood
dodrefnu,furnish,dodrefnu,cy,3.25,mid,1522,synthetic_past_2s,synthetic,past,2s,2nd,singular,,False,,,,dodrefnaist,,dodrefnaist,43,welsh_transfer_ood
dodrefnu,furnish,dodrefnu,cy,3.25,mid,1522,synthetic_past_3s,synthetic,past,3s,3rd,singular,,False,,,,dodrefnodd,,dodrefnodd,43,welsh_transfer_ood
dodrefnu,furnish,dodrefnu,cy,3.25,mid,1522,synthetic_past_1p,synthetic,past,1p,1st,plural,,False,,,,dodrefnon,dodrefnasom|dodrefnsom,dodrefnon|dodrefnasom|dodrefnsom,43,welsh_transfer_ood
dodrefnu,furnish,dodrefnu,cy,3.25,mid,1522,synthetic_past_2p,synthetic,past,2p,2nd,plural,,False,,,,dodrefnoch,dodrefnasoch|dodrefnsoch,dodrefnoch|dodrefnasoch|dodrefnsoch,43,welsh_transfer_ood
dodrefnu,furnish,dodrefnu,cy,3.25,mid,1522,synthetic_past_3p,synthetic,past,3p,3rd,plural,,False,,,,dodrefnon,dodrefnasant|dodrefnson,dodrefnon|dodrefnasant|dodrefnson,43,welsh_transfer_ood
dodrefnu,furnish,dodrefnu,cy,3.25,mid,1522,synthetic_imperfect_1s,synthetic,imperfect,1s,1st,singular,,False,,,,dodrefnwn,,dodrefnwn,43,welsh_transfer_ood
dodrefnu,furnish,dodrefnu,cy,3.25,mid,1522,synthetic_imperfect_2s,synthetic,imperfect,2s,2nd,singular,,False,,,,dodrefnet,dodrefnit,dodrefnet|dodrefnit,43,welsh_transfer_ood
dodrefnu,furnish,dodrefnu,cy,3.25,mid,1522,synthetic_imperfect_3s,synthetic,imperfect,3s,3rd,singular,,False,,,,dodrefnai,,dodrefnai,43,welsh_transfer_ood
dodrefnu,furnish,dodrefnu,cy,3.25,mid,1522,synthetic_imperfect_1p,synthetic,imperfect,1p,1st,plural,,False,,,,dodrefnem,,dodrefnem,43,welsh_transfer_ood
dodrefnu,furnish,dodrefnu,cy,3.25,mid,1522,synthetic_imperfect_2p,synthetic,imperfect,2p,2nd,plural,,False,,,,dodrefnech,,dodrefnech,43,welsh_transfer_ood
dodrefnu,furnish,dodrefnu,cy,3.25,mid,1522,synthetic_imperfect_3p,synthetic,imperfect,3p,3rd,plural,,False,,,,dodrefnent,,dodrefnent,43,welsh_transfer_ood
dodrefnu,furnish,dodrefnu,cy,3.25,mid,1522,periphrastic_present_1s,periphrastic,present,1s,1st,singular,yn,False,bod,rwyf,wyf|ydwyf|dw|ydw|rwy,dodrefnu,,rwyf|wyf|ydwyf|dw|ydw|rwy|dodrefnu,43,welsh_transfer_ood
dodrefnu,furnish,dodrefnu,cy,3.25,mid,1522,periphrastic_present_2s,periphrastic,present,2s,2nd,singular,yn,False,bod,rwyt,wyt|ydwyt,dodrefnu,,rwyt|wyt|ydwyt|dodrefnu,43,welsh_transfer_ood
dodrefnu,furnish,dodrefnu,cy,3.25,mid,1522,periphrastic_present_3s,periphrastic,present,3s,3rd,singular,yn,False,bod,mae,ydyw|yw|ydy|yn_dydy|ydi,dodrefnu,,mae|ydyw|yw|ydy|yn_dydy|ydi|dodrefnu,43,welsh_transfer_ood
dodrefnu,furnish,dodrefnu,cy,3.25,mid,1522,periphrastic_present_1p,periphrastic,present,1p,1st,plural,yn,False,bod,rydym,ydym|ŷm|dan|ydan|yn_dydan,dodrefnu,,rydym|ydym|ŷm|dan|ydan|yn_dydan|dodrefnu,43,welsh_transfer_ood
dodrefnu,furnish,dodrefnu,cy,3.25,mid,1522,periphrastic_present_2p,periphrastic,present,2p,2nd,plural,yn,False,bod,rydych,ych|ydych|dach|dych|ydach|yn_dydach,dodrefnu,,rydych|ych|ydych|dach|dych|ydach|yn_dydach|dodrefnu,43,welsh_transfer_ood
dodrefnu,furnish,dodrefnu,cy,3.25,mid,1522,periphrastic_present_3p,periphrastic,present,3p,3rd,plural,yn,False,bod,maen,maent|rydyn|rydynt|ydynt|ŷnt|ydyn|yn_dydyn|dyn,dodrefnu,,maen|maent|rydyn|rydynt|ydynt|ŷnt|ydyn|yn_dydyn|dyn|dodrefnu,43,welsh_transfer_ood
dodrefnu,furnish,dodrefnu,cy,3.25,mid,1522,periphrastic_past_1s,periphrastic,past,1s,1st,singular,,True,gwneud,gwnes,gwneuthum|gwnaes|gwnesaf,ddodrefnu,dodrefnu,gwnes|gwneuthum|gwnaes|gwnesaf|ddodrefnu|dodrefnu,43,welsh_transfer_ood
dodrefnu,furnish,dodrefnu,cy,3.25,mid,1522,periphrastic_past_2s,periphrastic,past,2s,2nd,singular,,True,gwneud,gwnêst,gwnaethost|gwnest,ddodrefnu,dodrefnu,gwnêst|gwnaethost|gwnest|ddodrefnu|dodrefnu,43,welsh_transfer_ood
dodrefnu,furnish,dodrefnu,cy,3.25,mid,1522,periphrastic_past_3s,periphrastic,past,3s,3rd,singular,,True,gwneud,nath,gwnaeth,ddodrefnu,dodrefnu,nath|gwnaeth|ddodrefnu|dodrefnu,43,welsh_transfer_ood
dodrefnu,furnish,dodrefnu,cy,3.25,mid,1522,periphrastic_past_1p,periphrastic,past,1p,1st,plural,,True,gwneud,gwnaethom,,ddodrefnu,dodrefnu,gwnaethom|ddodrefnu|dodrefnu,43,welsh_transfer_ood
dodrefnu,furnish,dodrefnu,cy,3.25,mid,1522,periphrastic_past_2p,periphrastic,past,2p,2nd,plural,,True,gwneud,gwnaethoch,gwnaesoch,ddodrefnu,dodrefnu,gwnaethoch|gwnaesoch|ddodrefnu|dodrefnu,43,welsh_transfer_ood
dodrefnu,furnish,dodrefnu,cy,3.25,mid,1522,periphrastic_past_3p,periphrastic,past,3p,3rd,plural,,True,gwneud,gwnaethon,gwnaethant|naethon,ddodrefnu,dodrefnu,gwnaethon|gwnaethant|naethon|ddodrefnu|dodrefnu,43,welsh_transfer_ood
dodrefnu,furnish,dodrefnu,cy,3.25,mid,1522,periphrastic_imperfect_1s,periphrastic,imperfect,1s,1st,singular,yn,False,bod,roeddwn,oeddwn|o'n|oeddaf|yn_doeddwn,dodrefnu,,roeddwn|oeddwn|o'n|oeddaf|yn_doeddwn|dodrefnu,43,welsh_transfer_ood
dodrefnu,furnish,dodrefnu,cy,3.25,mid,1522,periphrastic_imperfect_2s,periphrastic,imperfect,2s,2nd,singular,yn,False,bod,oeddet,oeddit|roeddet|oedda|oedde,dodrefnu,,oeddet|oeddit|roeddet|oedda|oedde|dodrefnu,43,welsh_transfer_ood
dodrefnu,furnish,dodrefnu,cy,3.25,mid,1522,periphrastic_imperfect_3s,periphrastic,imperfect,3s,3rd,singular,yn,False,bod,roedd,oedd|ydoedd|yn_doedd,dodrefnu,,roedd|oedd|ydoedd|yn_doedd|dodrefnu,43,welsh_transfer_ood
dodrefnu,furnish,dodrefnu,cy,3.25,mid,1522,periphrastic_imperfect_1p,periphrastic,imperfect,1p,1st,plural,yn,False,bod,roeddem,oeddem|oeddan,dodrefnu,,roeddem|oeddem|oeddan|dodrefnu,43,welsh_transfer_ood
dodrefnu,furnish,dodrefnu,cy,3.25,mid,1522,periphrastic_imperfect_2p,periphrastic,imperfect,2p,2nd,plural,yn,False,bod,roeddech,oeddech|yn_doeddech,dodrefnu,,roeddech|oeddech|yn_doeddech|dodrefnu,43,welsh_transfer_ood
dodrefnu,furnish,dodrefnu,cy,3.25,mid,1522,periphrastic_imperfect_3p,periphrastic,imperfect,3p,3rd,plural,yn,False,bod,roedden,oeddent|oeddynt|yn_doedden,dodrefnu,,roedden|oeddent|oeddynt|yn_doedden|dodrefnu,43,welsh_transfer_ood
dodrefnu,furnish,dodrefnu,cy,3.25,mid,1522,periphrastic_future_1s,periphrastic,future,1s,1st,singular,yn,False,bod,byddaf,bydda,dodrefnu,,byddaf|bydda|dodrefnu,43,welsh_transfer_ood
dodrefnu,furnish,dodrefnu,cy,3.25,mid,1522,periphrastic_future_2s,periphrastic,future,2s,2nd,singular,yn,False,bod,byddi,,dodrefnu,,byddi|dodrefnu,43,welsh_transfer_ood
dodrefnu,furnish,dodrefnu,cy,3.25,mid,1522,periphrastic_future_3s,periphrastic,future,3s,3rd,singular,yn,False,bod,bydd,,dodrefnu,,bydd|dodrefnu,43,welsh_transfer_ood
dodrefnu,furnish,dodrefnu,cy,3.25,mid,1522,periphrastic_future_1p,periphrastic,future,1p,1st,plural,yn,False,bod,byddwn,,dodrefnu,,byddwn|dodrefnu,43,welsh_transfer_ood
dodrefnu,furnish,dodrefnu,cy,3.25,mid,1522,periphrastic_future_2p,periphrastic,future,2p,2nd,plural,yn,False,bod,byddwch,,dodrefnu,,byddwch|dodrefnu,43,welsh_transfer_ood
dodrefnu,furnish,dodrefnu,cy,3.25,mid,1522,periphrastic_future_3p,periphrastic,future,3p,3rd,plural,yn,False,bod,byddan,byddant,dodrefnu,,byddan|byddant|dodrefnu,43,welsh_transfer_ood
